State,Date,Handle,Revenue,Hold,Taxes,Effective Tax Rate
Arizona,9/1/2021,"$291,212,868","$32,308,342",11.10%,"$31,393",0.0009716685554
Arizona,10/1/2021,"$486,097,352","$37,510,371",7.70%,"$1,022,841",0.0272682187
Arizona,11/1/2021,"$466,725,687","$51,416,143",11.00%,"$3,177,148",0.06179281087
Arizona,12/1/2021,"$499,213,733","$39,822,928",8.00%,"$1,723,902",0.04328918255
Arizona,1/1/2022,"$563,694,591","$41,890,200",7.40%,"$1,952,971",0.04662119064
Arizona,2/1/2022,"$491,665,554","$25,629,835",5.20%,"$670,686",0.02616817471
Arizona,3/1/2022,"$690,979,294","$38,898,393",5.60%,"$1,864,457",0.04793146596
Arizona,4/1/2022,"$512,877,848","$30,441,992",5.90%,"$1,647,450",0.0541176806
Arizona,5/1/2022,"$461,450,688","$56,193,286",12.20%,"$4,125,125",0.07340957067
Arizona,6/1/2022,"$318,774,198","$12,601,356",4.00%,"$766,831",0.06085305423
Arizona,7/1/2022,"$290,511,533","$22,684,581",7.80%,"$1,496,427",0.06596670223
Arizona,8/1/2022,"$361,008,835","$37,161,759",10.30%,"$2,767,590",0.07447413886
Arizona,9/1/2022,"$537,966,149","$56,428,816",10.50%,"$3,058,838",0.05420702075
Arizona,10/1/2022,"$618,570,296","$49,392,417",8.00%,"$2,963,716",0.06000346166
Arizona,11/1/2022,"$616,855,045","$56,028,195",9.10%,"$3,876,208",0.06918316751
Arizona,12/1/2022,"$572,490,899","$55,581,725",9.70%,"$3,724,395",0.0670075461
Arizona,1/1/2023,"$591,220,794","$47,486,817",8.00%,"$2,886,502",0.06078533333
Arizona,2/1/2023,"$609,278,096","$35,412,452",5.80%,"$1,609,581",0.04545240188
Arizona,3/1/2023,"$644,763,991","$53,523,947",8.30%,"$3,704,268",0.06920767633
Arizona,4/1/2023,"$535,712,027","$49,163,323",9.20%,"$3,429,846",0.06976432411
Arizona,5/1/2023,"$451,717,025","$49,458,507",10.90%,"$3,376,059",0.06826043091
Arizona,6/1/2023,"$393,198,858","$28,331,608",7.20%,"$1,633,356",0.05765136945
Arizona,7/1/2023,"$323,211,485","$35,343,495",10.90%,"$2,678,598",0.07578758128
Arizona,8/1/2023,"$358,875,474","$31,681,151",8.80%,"$2,128,096",0.06717230697
Arizona,9/1/2023,"$610,716,285","$60,115,066",9.80%,"$3,243,222",0.05395023604
Arizona,10/1/2023,"$648,208,573","$56,868,981",8.80%,"$3,287,799",0.05781357327
Arizona,11/1/2023,"$713,586,704","$42,333,282",5.90%,"$2,023,887",0.0478084123
Arizona,12/1/2023,"$693,310,960","$67,697,686",9.80%,"$4,817,325",0.07115937464
Arizona,1/1/2024,"$706,382,861","$70,943,718",10.00%,"$4,610,005",0.06498115873
Arizona,2/1/2024,"$637,485,879","$54,329,589",8.50%,"$2,788,885",0.05133270933
Arizona,3/1/2024,"$759,807,633","$59,289,055",7.80%,"$3,784,200",0.06382628295
Arizona,4/1/2024,"$656,322,666","$64,489,906",9.80%,"$4,328,378",0.06711713923
Arizona,5/1/2024,"$568,493,315","$62,444,214",11.00%,"$4,307,143",0.06897585419
Arizona,6/1/2024,"$454,116,117","$47,269,458",10.40%,"$3,157,087",0.06678915168
Arizona,7/1/2024,"$410,140,440","$42,514,638",10.40%,"$2,896,319",0.06812521842
Arizona,8/1/2024,"$496,602,562","$37,071,285",7.50%,"$2,239,781",0.06041821858
Arizona,9/1/2024,"$732,099,544","$76,364,871",10.40%,"$3,962,932",0.05189469907
Arizona,10/1/2024,"$791,243,694","$55,622,010",7.00%,"$2,353,297",0.04230873713
Arizona,11/1/2024,"$897,635,847","$86,285,876",9.60%,"$5,731,498",0.0664245212
Arizona,12/1/2024,"$849,316,636","$51,089,325",6.00%,"$2,580,184",0.05050338794
Arizona,1/1/2025,"$864,246,556","$85,003,961",9.80%,"$5,318,013",0.06256194344
Arizona,2/1/2025,"$699,726,800","$65,584,317",9.40%,"$3,980,547",0.06069358014
Arizona,3/1/2025,"$887,363,830","$50,409,421",5.70%,"$2,491,843",0.04943208929
Arizona,4/1/2025,"$746,436,864","$65,890,775",8.80%,"$4,337,306",0.06582569411
Arkansas,7/1/2019,"$416,160","$76,885",18.50%,"$9,995",0.1299993497
Arkansas,8/1/2019,"$778,249","$58,858",7.60%,"$7,652",0.1300078154
Arkansas,9/1/2019,"$2,252,196","$183,044",8.10%,"$23,796",0.1300015297
Arkansas,10/1/2019,"$2,216,369","$380,006",17.10%,"$49,401",0.1300005789
Arkansas,11/1/2019,"$2,978,235","$181,497",6.10%,"$23,595",0.1300021488
Arkansas,12/1/2019,"$2,633,806","$455,368",17.30%,"$59,198",0.1300003514
Arkansas,1/1/2020,"$2,587,732","$254,811",9.80%,"$33,263",0.1305398904
Arkansas,2/1/2020,"$4,294,366","$411,589",9.60%,"$67,494",0.1639839743
Arkansas,3/1/2020,"$1,588,403","$222,373",14.00%,"$38,310",0.1722781093
Arkansas,4/1/2020,$0,$0,,$0,#DIV/0!
Arkansas,5/1/2020,$509,-$115,-22.60%,-$15,0.1304347826
Arkansas,6/1/2020,"$1,189",$10,0.80%,$1,0.1
Arkansas,7/1/2020,"$179,315","-$19,633",-10.90%,"-$2,552",0.129985229
Arkansas,8/1/2020,"$1,008,992","$69,625",6.90%,"$9,051",0.1299964093
Arkansas,9/1/2020,"$3,958,748","$397,095",10.00%,"$51,622",0.1299991186
Arkansas,10/1/2020,"$6,559,859","$940,513",14.30%,"$122,267",0.1300003296
Arkansas,11/1/2020,"$6,288,249","$975,984",15.50%,"$126,878",0.130000082
Arkansas,12/1/2020,"$6,415,446","$1,054,273",16.40%,"$137,055",0.1299995352
Arkansas,1/1/2021,"$7,187,194","$1,383,240",19.20%,"$180,474",0.1304719355
Arkansas,2/1/2021,"$4,469,442","$651,239",14.60%,"$92,922",0.1426849436
Arkansas,3/1/2021,"$5,947,427","$805,182",13.50%,"$130,877",0.1625433753
Arkansas,4/1/2021,"$4,065,703","$756,328",18.60%,"$131,137",0.1733864144
Arkansas,5/1/2021,"$3,687,207","$506,142",13.70%,"$81,710",0.161436909
Arkansas,6/1/2021,"$3,895,683","$382,940",9.80%,"$59,088",0.1543009349
Arkansas,7/1/2021,"$2,908,833","$449,040",15.40%,"$58,375",0.1299995546
Arkansas,8/1/2021,"$2,892,285","$310,481",10.70%,"$40,363",0.1300015138
Arkansas,9/1/2021,"$7,007,774","$809,404",11.60%,"$105,223",0.130000593
Arkansas,10/1/2021,"$9,506,183","$803,567",8.50%,"$104,464",0.1300003609
Arkansas,11/1/2021,"$8,380,191","$1,623,434",19.40%,"$211,047",0.1300003573
Arkansas,12/1/2021,"$7,794,292","$130,305",1.70%,"$6,188",0.04748858447
Arkansas,1/1/2022,"$8,775,932","$1,181,335",13.50%,"$153,574",0.1300003809
Arkansas,2/1/2022,"$5,876,444","$359,103",6.10%,"$61,390",0.1709537375
Arkansas,3/1/2022,"$10,686,501","$791,867",7.40%,"$119,671",0.1511251258
Arkansas,4/1/2022,"$8,598,226","$749,810",8.70%,"$120,297",0.1604366439
Arkansas,5/1/2022,"$10,185,647","$615,576",6.00%,"$117,426",0.1907579243
Arkansas,6/1/2022,"$12,632,207","$4,045",0.00%,"$12,598",3.114462299
Arkansas,7/1/2022,"$9,290,467","$854,436",9.20%,"$111,077",0.1300003745
Arkansas,8/1/2022,"$10,195,911","$1,015,339",10.00%,"$131,994",0.1299999311
Arkansas,9/1/2022,"$21,185,547","$3,208,032",15.10%,"$417,044",0.1299999501
Arkansas,10/1/2022,"$26,879,107","$2,793,719",10.40%,"$363,183",0.1299998318
Arkansas,11/1/2022,"$30,576,009","$2,999,450",9.80%,"$452,393",0.150825318
Arkansas,12/1/2022,"$30,936,485","$3,409,972",11.00%,"$449,690",0.1318749831
Arkansas,1/1/2023,"$32,976,264","$2,868,244",8.70%,"$439,379",0.1531874555
Arkansas,2/1/2023,"$29,532,263","$1,709,714",5.80%,"$254,925",0.1491038852
Arkansas,3/1/2023,"$37,474,412","$4,264,047",11.40%,"$626,042",0.1468187382
Arkansas,4/1/2023,"$25,452,659","$2,336,023",9.20%,"$349,633",0.1496701873
Arkansas,5/1/2023,"$22,777,209","$2,293,281",10.10%,"$458,656",0.1999999128
Arkansas,6/1/2023,"$22,708,945","$1,334,973",5.90%,"$266,995",0.2000002996
Arkansas,7/1/2023,"$17,577,626","$2,077,422",11.80%,"$270,065",0.1300000674
Arkansas,8/1/2023,"$22,553,214","$1,673,538",7.40%,"$217,560",0.1300000359
Arkansas,9/1/2023,"$41,002,257","$3,992,930",9.70%,"$519,081",0.130000025
Arkansas,10/1/2023,"$44,986,803","$5,825,161",12.90%,"$757,271",0.130000012
Arkansas,11/1/2023,"$54,770,449","$3,018,845",5.50%,"$392,450",0.1300000497
Arkansas,12/1/2023,"$52,952,226","$5,762,757",10.90%,"$783,089",0.1358879092
Arkansas,1/1/2024,"$50,698,701","$5,855,921",11.60%,"$894,654",0.1527776758
Arkansas,2/1/2024,"$40,947,811","$2,672,209",6.50%,"$413,682",0.1548089988
Arkansas,3/1/2024,"$50,031,696","$3,406,749",6.80%,"$510,490",0.149846672
Arkansas,4/1/2024,"$41,763,742","$3,788,712",9.10%,"$568,356",0.1500129859
Arkansas,5/1/2024,"$39,823,867","$3,556,977",8.90%,"$700,934",0.197058907
Arkansas,6/1/2024,"$31,416,492","$3,227,769",10.30%,"$645,554",0.200000062
Arkansas,7/1/2024,"$25,464,080","$2,677,225",10.50%,"$348,039",0.1299999066
Arkansas,8/1/2024,"$32,207,497","$1,941,927",6.00%,"$252,451",0.1300002523
Arkansas,9/1/2024,"$53,056,638","$6,918,341",13.00%,"$899,384",0.1299999523
Arkansas,10/1/2024,"$60,435,368","$3,150,162",5.20%,"$409,521",0.129999981
Arkansas,11/1/2024,"$66,058,203","$9,201,130",13.90%,"$1,196,147",0.1300000109
Arkansas,12/1/2024,"$65,930,594","$2,008,583",3.00%,"$277,977",0.1383945797
Arkansas,1/1/2025,"$62,347,910","$6,931,367",11.10%,"$1,023,821",0.1477083813
Arkansas,2/1/2025,"$46,305,952","$4,386,890",9.50%,"$656,426",0.1496335673
Arkansas,3/1/2025,"$65,593,042","$1,703,065",2.60%,"$248,846",0.1461165604
Arkansas,4/1/2025,"$48,687,247","$4,542,660",9.30%,"$829,731",0.1826531151
Arkansas,5/1/2025,"$47,308,479","$4,706,466",9.90%,"$941,293",0.1999999575
Arkansas,6/1/2025,"$37,466,071","$4,888,919",13.00%,"$977,784",0.2000000409
Arkansas,7/1/2025,"$29,432,610","$3,427,539",11.60%,"$445,580",0.1299999796
Colorado,5/1/2020,"$25,621,762","$2,565,729",10.00%,"$96,545",0.03762868175
Colorado,6/1/2020,"$38,136,949","$3,484,015",9.10%,"$217,945",0.06255570082
Colorado,7/1/2020,"$59,183,620","$5,196,599",8.80%,"$239,153",0.04602106108
Colorado,8/1/2020,"$128,646,209","$7,519,599",5.80%,"$189,326",0.02517767237
Colorado,9/1/2020,"$207,655,943","$4,166,334",2.00%,"$69,772",0.01674661705
Colorado,10/1/2020,"$210,719,821","$17,402,409",8.30%,"$806,618",0.04635093911
Colorado,11/1/2020,"$231,238,842","$18,354,655",7.90%,"$780,635",0.04253062779
Colorado,12/1/2020,"$284,551,472","$17,151,867",6.00%,"$531,495",0.0309875887
Colorado,1/1/2021,"$326,903,462","$23,144,535",7.10%,"$1,194,690",0.05161866505
Colorado,2/1/2021,"$266,549,207","$10,444,810",3.90%,"$333,976",0.0319753064
Colorado,3/1/2021,"$300,990,842","$20,365,119",6.80%,"$1,061,008",0.05209927818
Colorado,4/1/2021,"$244,446,760","$17,563,939",7.20%,"$1,083,812",0.06170665931
Colorado,5/1/2021,"$248,968,193","$15,129,108",6.10%,"$633,896",0.0418990994
Colorado,6/1/2021,"$229,764,688","$19,730,957",8.60%,"$1,186,455",0.06013164998
Colorado,7/1/2021,"$181,327,995","$15,652,461",8.60%,"$999,111",0.0638309209
Colorado,8/1/2021,"$211,918,185","$15,228,343",7.20%,"$728,518",0.04783961065
Colorado,9/1/2021,"$408,314,625","$22,658,630",5.50%,"$483,048",0.02131849984
Colorado,10/1/2021,"$491,453,342","$28,616,708",5.80%,"$1,246,804",0.04356909257
Colorado,11/1/2021,"$475,441,229","$36,781,848",7.70%,"$1,981,640",0.05387548771
Colorado,12/1/2021,"$461,448,574","$24,732,487",5.40%,"$770,561",0.03115582351
Colorado,1/1/2022,"$573,720,213","$34,640,219",6.00%,"$1,447,952",0.04179973573
Colorado,2/1/2022,"$440,508,421","$19,604,490",4.50%,"$314,731",0.0160540264
Colorado,3/1/2022,"$505,611,080","$28,238,194",5.60%,"$1,313,076",0.04649999926
Colorado,4/1/2022,"$392,311,737","$22,571,887",5.80%,"$1,231,742",0.05456973978
Colorado,5/1/2022,"$360,325,438","$27,119,329",7.50%,"$1,659,189",0.06118104913
Colorado,6/1/2022,"$313,215,081","$6,781,092",2.20%,"$268,280",0.03956294945
Colorado,7/1/2022,"$258,414,808","$20,802,881",8.10%,"$1,092,182",0.05250147804
Colorado,8/1/2022,"$290,107,970","$25,859,270",8.90%,"$1,822,272",0.0704688106
Colorado,9/1/2022,"$450,232,597","$51,339,659",11.40%,"$2,989,342",0.05822675994
Colorado,10/1/2022,"$526,619,777","$36,514,974",6.90%,"$2,330,705",0.06382874598
Colorado,11/1/2022,"$552,603,013","$37,569,022",6.80%,"$2,581,533",0.06871440518
Colorado,12/1/2022,"$518,088,768","$40,909,238",7.90%,"$2,583,711",0.06315715291
Colorado,1/1/2023,"$547,189,025","$35,482,562",6.50%,"$2,586,457",0.07289374989
Colorado,2/1/2023,"$425,142,877","$22,599,602",5.30%,"$1,257,332",0.05563513906
Colorado,3/1/2023,"$494,440,210","$45,935,669",9.30%,"$3,103,024",0.06755151427
Colorado,4/1/2023,"$417,814,147","$35,148,592",8.40%,"$2,582,615",0.07347705422
Colorado,5/1/2023,"$385,242,136","$31,406,903",8.20%,"$2,218,084",0.07062409178
Colorado,6/1/2023,"$310,656,478","$9,223,661",3.00%,"$441,951",0.04791492229
Colorado,7/1/2023,"$281,110,490","$24,962,106",8.90%,"$1,778,773",0.07125893144
Colorado,8/1/2023,"$306,065,791","$25,873,058",8.50%,"$1,806,025",0.06980330659
Colorado,9/1/2023,"$512,792,794","$45,276,517",8.80%,"$3,126,136",0.06904541708
Colorado,10/1/2023,"$554,859,801","$46,914,492",8.50%,"$3,351,482",0.07143809636
Colorado,11/1/2023,"$608,488,266","$28,585,606",4.70%,"$1,489,224",0.05209698895
Colorado,12/1/2023,"$716,430,270","$40,537,499",5.70%,"$3,682,335",0.09083774507
Colorado,1/1/2024,"$596,685,968","$53,490,323",9.00%,"$4,128,369",0.07717973586
Colorado,2/1/2024,"$536,988,261","$25,762,378",4.80%,"$1,302,174",0.05054556687
Colorado,3/1/2024,"$593,094,977","$45,041,776",7.60%,"$2,852,592",0.06333213859
Colorado,4/1/2024,"$509,508,228","$32,028,036",6.30%,"$1,910,656",0.05965573412
Colorado,5/1/2024,"$447,561,934","$44,991,355",10.10%,"$3,206,326",0.07126537976
Colorado,6/1/2024,"$350,425,610","$28,196,297",8.00%,"$1,816,861",0.06443615628
Colorado,7/1/2024,"$320,396,841","$32,548,659",10.20%,"$2,369,730",0.07280576444
Colorado,8/1/2024,"$372,378,664","$33,202,184",8.90%,"$2,375,443",0.07154478151
Colorado,9/1/2024,"$562,923,090","$55,092,144",9.80%,"$4,049,802",0.07350960965
Colorado,10/1/2024,"$601,222,031","$39,328,305",6.50%,"$2,474,941",0.06293027376
Colorado,11/1/2024,"$647,951,807","$55,666,475",8.60%,"$3,958,611",0.07111301731
Colorado,12/1/2024,"$648,426,634","$29,828,799",4.60%,"$1,488,607",0.04990502635
Colorado,1/1/2025,"$657,182,798","$60,909,819",9.30%,"$4,443,574",0.07295332794
Colorado,2/1/2025,"$496,628,781","$46,377,521",9.30%,"$3,431,766",0.07399632249
Colorado,3/1/2025,"$618,044,247","$37,247,841",6.00%,"$2,217,394",0.05953080609
Colorado,4/1/2025,"$507,860,831","$47,275,156",9.30%,"$3,402,122",0.07196426808
Colorado,5/1/2025,"$495,332,856","$49,043,013",9.90%,"$3,587,198",0.07314391553
Colorado,6/1/2025,"$372,493,465","$39,848,630",10.70%,"$3,079,722",0.07728551772
Connecticut,10/1/2021,"$54,641,474","$5,567,547",10.20%,"$512,951",0.09213231608
Connecticut,11/1/2021,"$131,729,179","$17,456,823",13.30%,"$1,712,136",0.09807832731
Connecticut,12/1/2021,"$150,073,755","$10,242,899",6.80%,"$929,336",0.09072978265
Connecticut,1/1/2022,"$158,092,481","$11,891,808",7.50%,"$1,142,510",0.09607538231
Connecticut,2/1/2022,"$115,619,953","$5,844,220",5.10%,"$501,516",0.08581401795
Connecticut,3/1/2022,"$140,747,137","$11,511,388",8.20%,"$1,037,570",0.09013422187
Connecticut,4/1/2022,"$116,465,199","$10,353,842",8.90%,"$988,263",0.09544891645
Connecticut,5/1/2022,"$115,180,155","$10,308,064",8.90%,"$981,304",0.09519770153
Connecticut,6/1/2022,"$95,421,852","$7,142,610",7.50%,"$669,453",0.09372666294
Connecticut,7/1/2022,"$78,316,775","$8,611,816",11.00%,"$859,094",0.09975758888
Connecticut,8/1/2022,"$80,037,045","$10,882,317",13.60%,"$1,153,125",0.1059631878
Connecticut,9/1/2022,"$130,547,719","$17,608,762",13.50%,"$1,777,391",0.100937874
Connecticut,10/1/2022,"$164,170,106","$17,012,667",10.40%,"$1,736,473",0.1020694169
Connecticut,11/1/2022,"$165,026,282","$17,869,847",10.80%,"$1,942,387",0.1086963419
Connecticut,12/1/2022,"$160,266,050","$16,268,906",10.20%,"$1,736,006",0.1067069906
Connecticut,1/1/2023,"$167,673,044","$19,610,098",11.70%,"$1,919,290",0.09787253485
Connecticut,2/1/2023,"$136,508,300","$11,626,147",8.50%,"$1,175,694",0.1011249901
Connecticut,3/1/2023,"$159,997,579","$17,029,646",10.60%,"$1,855,821",0.1089759
Connecticut,4/1/2023,"$126,683,869","$13,610,074",10.70%,"$1,458,730",0.1071801667
Connecticut,5/1/2023,"$109,421,369","$15,271,178",14.00%,"$1,645,394",0.1077450607
Connecticut,6/1/2023,"$91,414,677","$9,752,058",10.70%,"$961,577",0.09860246935
Connecticut,7/1/2023,"$91,512,897","$11,126,316",12.20%,"$1,215,313",0.1092286971
Connecticut,8/1/2023,"$91,316,807","$9,797,155",10.70%,"$1,027,171",0.1048438041
Connecticut,9/1/2023,"$180,954,956","$18,900,892",10.40%,"$2,048,710",0.1083922388
Connecticut,10/1/2023,"$189,626,160","$19,849,187",10.50%,"$2,243,142",0.1130092633
Connecticut,11/1/2023,"$205,736,989","$12,862,839",6.30%,"$1,416,233",0.1101026764
Connecticut,12/1/2023,"$212,171,045","$22,813,764",10.80%,"$2,569,806",0.1126427888
Connecticut,1/1/2024,"$202,752,249","$25,570,170",12.60%,"$2,864,562",0.1120274914
Connecticut,2/1/2024,"$162,841,632","$14,820,348",9.10%,"$1,598,679",0.1078705439
Connecticut,3/1/2024,"$187,815,980","$16,981,438",9.00%,"$1,892,701",0.1114570509
Connecticut,4/1/2024,"$154,109,876","$19,105,482",12.40%,"$2,133,325",0.1116603601
Connecticut,5/1/2024,"$163,648,829","$17,941,322",11.00%,"$1,973,947",0.110022383
Connecticut,6/1/2024,"$148,557,056","$15,626,345",10.50%,"$1,695,681",0.1085142431
Connecticut,7/1/2024,"$121,808,571","$15,853,217",13.00%,"$1,748,461",0.1102906117
Connecticut,8/1/2024,"$129,150,001","$14,514,077",11.20%,"$1,577,559",0.1086916516
Connecticut,9/1/2024,"$214,394,512","$27,018,896",12.60%,"$3,072,543",0.1137183029
Connecticut,10/1/2024,"$229,151,493","$19,101,389",8.30%,"$2,113,436",0.1106430532
Connecticut,11/1/2024,"$228,155,465","$30,693,791",13.50%,"$3,509,155",0.1143278457
Connecticut,12/1/2024,"$243,670,782","$14,773,557",6.10%,"$1,622,646",0.1098344833
Connecticut,1/1/2025,"$229,341,717","$27,646,389",12.10%,"$3,095,758",0.1119769385
Connecticut,2/1/2025,"$169,389,080","$20,788,142",12.30%,"$2,346,734",0.1128881071
Connecticut,3/1/2025,"$207,660,971","$16,887,263",8.10%,"$1,873,342",0.1109322452
Connecticut,4/1/2025,"$181,821,330","$19,320,106",10.60%,"$2,132,126",0.1103578831
Connecticut,5/1/2025,"$183,947,658","$23,194,744",12.60%,"$2,580,944",0.1112727953
Connecticut,6/1/2025,"$140,533,729","$18,387,003",13.10%,"$2,063,288",0.1122144811
Connecticut,7/1/2025,"$123,505,445","$16,404,168",13.30%,"$1,832,016",0.1116799096
Delaware,6/1/2018,"$7,003,725","$1,000,247",14.30%,"$196,323",0.1962745202
Delaware,7/1/2018,"$8,214,765","$527,115",6.40%,"$275,671",0.5229807537
Delaware,8/1/2018,"$8,018,354","$983,052",12.30%,"$538,543",0.5478275819
Delaware,9/1/2018,"$23,257,965","$7,807,511",33.60%,"$4,703,849",0.6024774093
Delaware,10/1/2018,"$21,231,427","$2,565,957",12.10%,"$1,460,148",0.5690461687
Delaware,11/1/2018,"$24,206,090","$2,505,848",10.40%,"$1,155,765",0.4612270976
Delaware,12/1/2018,"$23,419,539","$5,810,007",24.80%,"$3,407,848",0.5865480024
Delaware,1/1/2019,"$14,130,069","$2,687,370",19.00%,"$1,516,520",0.5643138087
Delaware,2/1/2019,"$8,709,205","-$616,941",-7.10%,"-$483,414",0.7835660136
Delaware,3/1/2019,"$10,483,128","$1,879,045",17.90%,"$982,447",0.522843785
Delaware,4/1/2019,"$6,088,183","$703,739",11.60%,"$367,524",0.5222447527
Delaware,5/1/2019,"$5,920,766","$464,335",7.80%,"$242,081",0.5213498875
Delaware,6/1/2019,"$6,325,464","$533,377",8.40%,"$278,491",0.5221278758
Delaware,7/1/2019,"$3,920,974","$579,897",14.80%,"$303,225",0.522894583
Delaware,8/1/2019,"$4,745,747","$586,057",12.30%,"$290,170",0.4951224881
Delaware,9/1/2019,"$18,781,406","$5,979,895",31.80%,"$3,558,378",0.5950569366
Delaware,10/1/2019,"$16,066,023","$4,640,776",28.90%,"$2,691,088",0.5798788823
Delaware,11/1/2019,"$16,850,854","$4,235,148",25.10%,"$2,463,260",0.5816231216
Delaware,12/1/2019,"$20,466,561","$4,174,862",20.40%,"$2,324,290",0.5567345699
Delaware,1/1/2020,"$11,187,011","$2,527,312",22.60%,"$1,386,819",0.5487328039
Delaware,2/1/2020,"$7,279,650","-$410,665",-5.60%,"-$367,301",0.8944054156
Delaware,3/1/2020,"$3,877,068","$653,127",16.80%,"$340,952",0.5220301718
Delaware,4/1/2020,$0,$0,,-$104,#DIV/0!
Delaware,5/1/2020,$0,$0,,-$15,#DIV/0!
Delaware,6/1/2020,$0,$0,,-$33,#DIV/0!
Delaware,7/1/2020,"$209,282","$13,845",6.60%,"$7,040",0.5084868183
Delaware,8/1/2020,"$2,957,634","$419,561",14.20%,"$220,175",0.524774705
Delaware,9/1/2020,"$12,439,302","$2,803,022",22.50%,"$1,596,046",0.5694018813
Delaware,10/1/2020,"$17,086,034","$4,945,186",28.90%,"$2,877,725",0.5819245222
Delaware,11/1/2020,"$19,510,093","$8,162,861",41.80%,"$5,018,419",0.6147867764
Delaware,12/1/2020,"$15,696,681","$4,408,081",28.10%,"$2,645,802",0.6002162846
Delaware,1/1/2021,"$15,649,254","$3,288,405",21.00%,"$1,798,838",0.5470244693
Delaware,2/1/2021,"$7,519,710","$679,021",9.00%,"$313,006",0.4609665975
Delaware,3/1/2021,"$6,666,115","$1,104,859",16.60%,"$577,524",0.522712853
Delaware,4/1/2021,"$5,470,520","$1,023,199",18.70%,"$534,814",0.5226881574
Delaware,5/1/2021,"$7,060,911","$775,611",11.00%,"$404,929",0.5220774331
Delaware,6/1/2021,"$5,958,137","$737,984",12.40%,"$385,357",0.5221752775
Delaware,7/1/2021,"$4,110,581","$724,765",17.60%,"$378,599",0.5223748387
Delaware,8/1/2021,"$5,251,471","$541,621",10.30%,"$269,110",0.4968603507
Delaware,9/1/2021,"$13,702,755","$4,420,661",32.30%,"$2,658,149",0.6013012534
Delaware,10/1/2021,"$22,238,321","$4,635,199",20.80%,"$2,625,850",0.566502107
Delaware,11/1/2021,"$13,383,727","$6,226,325",46.50%,"$3,843,342",0.6172729499
Delaware,12/1/2021,"$12,638,955","-$972,383",-7.70%,"-$1,088,521",1.119436477
Delaware,1/1/2022,"$12,637,103","$2,716,347",21.50%,"$1,989,974",0.73259197
Delaware,2/1/2022,"$5,436,407","$74,297",1.40%,"$15,012",0.2020539187
Delaware,3/1/2022,"$5,157,583","$631,099",12.20%,"$331,496",0.5252678264
Delaware,4/1/2022,"$4,200,298","$358,171",8.50%,"$188,322",0.5257879616
Delaware,5/1/2022,"$5,127,275","$565,508",11.00%,"$296,948",0.5250995565
Delaware,6/1/2022,"$3,507,846","$242,316",6.90%,"$127,482",0.5260981528
Delaware,7/1/2022,"$2,678,686","$438,069",16.40%,"$229,305",0.5234449368
Delaware,8/1/2022,"$2,902,652","$399,945",13.80%,"$226,701",0.5668304392
Delaware,9/1/2022,"$8,908,981","$2,915,961",32.70%,"$2,419,632",0.8297888758
Delaware,10/1/2022,"$13,545,163","$2,597,717",19.20%,"$2,084,703",0.8025135148
Delaware,11/1/2022,"$10,172,819","$1,622,874",16.00%,"$1,270,575",0.7829166035
Delaware,12/1/2022,"$8,157,580","$1,428,195",17.50%,"$1,196,569",0.8378190653
Delaware,1/1/2023,"$8,457,660","$1,714,167",20.30%,"$1,441,653",0.8410224908
Delaware,2/1/2023,"$4,120,957","$347,890",8.40%,"$190,355",0.5471700825
Delaware,3/1/2023,"$3,491,183","$622,285",17.80%,"$325,556",0.5231622167
Delaware,4/1/2023,"$3,450,142","$757,951",22.00%,"$239,884",0.3164901161
Delaware,5/1/2023,"$2,760,829","$276,116",10.00%,"$159,433",0.5774131162
Delaware,6/1/2023,"$3,128,258","$80,201",2.60%,"$45,282",0.5646064264
Delaware,7/1/2023,"$2,256,345","$311,152",13.80%,"$203,984",0.6555766956
Delaware,8/1/2023,"$2,400,532","$340,209",14.20%,"$229,649",0.6750232945
Delaware,9/1/2023,"$7,633,259","$991,828",13.00%,"$865,047",0.8721744093
Delaware,10/1/2023,"$10,663,362","$2,706,248",25.40%,"$2,368,232",0.8750979216
Delaware,11/1/2023,"$8,126,283","$600,906",7.40%,"$509,072",0.8471741004
Delaware,12/1/2023,"$8,837,999","$2,147,792",24.30%,"$1,859,356",0.8657058039
Delaware,1/1/2024,"$17,085,199","$1,957,473",11.50%,"$1,306,854",0.6676230017
Delaware,2/1/2024,"$13,763,241","$659,017",4.80%,"$283,002",0.4294305003
Delaware,3/1/2024,"$18,935,525","$1,168,825",6.20%,"$639,169",0.546847475
Delaware,4/1/2024,"$15,522,996","$1,147,601",7.40%,"$641,491",0.5589843508
Delaware,5/1/2024,"$15,107,592","$1,201,087",8.00%,"$644,012",0.536190967
Delaware,6/1/2024,"$13,058,698","$906,777",6.90%,"$502,258",0.5538936254
Delaware,7/1/2024,"$9,927,116","$1,214,849",12.20%,"$679,409",0.5592538661
Delaware,8/1/2024,"$10,259,279","$797,507",7.80%,"$433,720",0.5438447562
Delaware,9/1/2024,"$23,242,735","$3,232,416",13.90%,"$2,213,505",0.6847834561
Delaware,10/1/2024,"$24,502,521","$1,034,657",4.20%,"$433,781",0.4192510175
Delaware,11/1/2024,"$26,390,185","$2,935,614",11.10%,"$1,948,890",0.6638781529
Delaware,12/1/2024,"$28,445,372","$116,593",0.40%,"-$171,708",-1.47271277
Delaware,1/1/2025,"$23,805,707","$1,944,581",8.20%,"$1,113,892",0.5728185146
Delaware,2/1/2025,"$18,056,720","$726,313",4.00%,"$365,328",0.5029897579
Delaware,3/1/2025,"$21,585,890","$1,033,146",4.80%,"$574,475",0.5560443538
Delaware,4/1/2025,"$18,213,653","$1,386,298",7.60%,"$754,006",0.5438989308
Delaware,5/1/2025,"$17,460,383","$1,308,127",7.50%,"$705,948",0.5396631978
Delaware,6/1/2025,"$14,421,282","$1,626,048",11.30%,"$889,872",0.5472605975
Delaware,7/1/2025,"$13,223,247","$1,288,319",9.70%,"$715,716",0.5555425326
District of Columbia,5/1/2020,"$9,723",-$240,-2.50%,-$138,0.575
District of Columbia,6/1/2020,"$223,730","$36,985",16.50%,"$21,267",0.5750168987
District of Columbia,7/1/2020,"$743,330","$144,019",19.40%,"$81,985",0.5692651664
District of Columbia,8/1/2020,"$11,262,442","$1,703,416",15.10%,"$302,459",0.1775602671
District of Columbia,9/1/2020,"$15,455,160","$1,804,299",11.70%,"$417,406",0.2313397059
District of Columbia,10/1/2020,"$18,491,984","$3,484,946",18.80%,"$712,904",0.2045667279
District of Columbia,11/1/2020,"$17,600,534","$3,611,200",20.50%,"$780,392",0.2161032344
District of Columbia,12/1/2020,"$16,696,995","$2,708,653",16.20%,"$654,293",0.2415565966
District of Columbia,1/1/2021,"$15,746,168","$2,805,493",17.80%,"$714,407",0.2546457967
District of Columbia,2/1/2021,"$15,303,079","$1,333,019",8.70%,"$418,447",0.3139092541
District of Columbia,3/1/2021,"$15,275,215","$1,867,034",12.20%,"$526,444",0.2819680841
District of Columbia,4/1/2021,"$10,746,937","$2,087,240",19.40%,"$463,216",0.2219275215
District of Columbia,5/1/2021,"$13,772,411","$2,008,091",14.60%,"$503,584",0.2507774797
District of Columbia,6/1/2021,"$19,518,408","$2,191,486",11.20%,"$465,194",0.2122733159
District of Columbia,7/1/2021,"$12,808,239","$1,801,748",14.10%,"$385,720",0.2140809925
District of Columbia,8/1/2021,"$12,445,312","$1,492,901",12.00%,"$294,946",0.1975656792
District of Columbia,9/1/2021,"$20,706,483","$3,883,674",18.80%,"$671,465",0.1728942749
District of Columbia,10/1/2021,"$26,332,228","$1,570,660",6.00%,"$460,630",0.2932716183
District of Columbia,11/1/2021,"$21,419,454","$4,434,922",20.70%,"$954,592",0.2152443718
District of Columbia,12/1/2021,"$19,220,227","$1,398,706",7.30%,"$456,087",0.3260778176
District of Columbia,1/1/2022,"$18,627,789","$1,962,256",10.50%,"$648,862",0.3306714313
District of Columbia,2/1/2022,"$19,072,856","$740,542",3.90%,"$283,248",0.3824874214
District of Columbia,3/1/2022,"$20,432,718","$1,365,996",6.70%,"$379,705",0.2779693352
District of Columbia,4/1/2022,"$18,379,904","$1,431,275",7.80%,"$429,384",0.300001048
District of Columbia,5/1/2022,"$17,234,140","$2,016,709",11.70%,"$545,785",0.2706315091
District of Columbia,6/1/2022,"$13,760,754","$999,645",7.30%,"$311,166",0.3112765032
District of Columbia,7/1/2022,"$11,346,178","$1,166,210",10.30%,"$333,989",0.2863883863
District of Columbia,8/1/2022,"$13,147,645","$1,832,685",13.90%,"$448,312",0.2446203248
District of Columbia,9/1/2022,"$19,361,047","$3,530,497",18.20%,"$847,067",0.2399285426
District of Columbia,10/1/2022,"$24,801,500","$3,111,718",12.50%,"$709,273",0.2279361433
District of Columbia,11/1/2022,"$21,401,682","$2,641,693",12.30%,"$664,840",0.2516719392
District of Columbia,12/1/2022,"$18,665,909","$2,410,628",12.90%,"$619,230",0.256874972
District of Columbia,1/1/2023,"$20,115,254","$1,494,441",7.40%,"$561,314",0.3756013118
District of Columbia,2/1/2023,"$14,634,828","$1,193,982",8.20%,"$424,025",0.3551351695
District of Columbia,3/1/2023,"$18,091,768","$2,275,690",12.60%,"$636,507",0.2796984651
District of Columbia,4/1/2023,"$14,052,054","$1,418,907",10.10%,"$486,723",0.34302671
District of Columbia,5/1/2023,"$12,532,899","$2,024,803",16.20%,"$540,339",0.2668600353
District of Columbia,6/1/2023,"$11,150,333","$484,844",4.30%,"$120,020",0.2475435398
District of Columbia,7/1/2023,"$7,722,843","$1,409,549",18.30%,"$363,715",0.2580364358
District of Columbia,8/1/2023,"$8,111,021","$1,048,451",12.90%,"$304,768",0.2906840663
District of Columbia,9/1/2023,"$14,480,473","$1,934,261",13.40%,"$476,272",0.2462294385
District of Columbia,10/1/2023,"$16,435,889","$2,001,445",12.20%,"$516,918",0.2582723982
District of Columbia,11/1/2023,"$17,128,831","$1,227,995",7.20%,"$345,792",0.2815907231
District of Columbia,12/1/2023,"$15,315,497","$2,533,959",16.50%,"$651,735",0.2572002941
District of Columbia,1/1/2024,"$15,957,167","$1,933,439",12.10%,"$521,114",0.2695269931
District of Columbia,2/1/2024,"$11,977,394","$1,219,280",10.20%,"$313,660",0.2572501804
District of Columbia,3/1/2024,"$15,742,055","$1,366,515",8.70%,"$323,907",0.2370314267
District of Columbia,4/1/2024,"$26,649,703","$3,529,186",13.20%,"$1,392,454",0.3945538716
District of Columbia,5/1/2024,"$35,444,990","$5,440,639",15.30%,"$2,943,299",0.5409840646
District of Columbia,6/1/2024,"$29,627,133","$3,993,069",13.50%,"$2,172,561",0.5440830098
District of Columbia,7/1/2024,"$27,347,852","$3,893,780",14.20%,"$1,253,034",0.3218040054
District of Columbia,8/1/2024,"$40,583,711","$4,542,229",11.20%,"$1,050,503",0.2312747772
District of Columbia,9/1/2024,"$58,817,348","$8,187,522",13.90%,"$1,926,237",0.2352649556
District of Columbia,10/1/2024,"$65,834,192","$6,566,154",10.00%,"$1,466,332",0.2233167239
District of Columbia,11/1/2024,"$68,272,811","$9,029,019",13.20%,"$2,056,657",0.2277829961
District of Columbia,12/1/2024,"$65,333,157","$4,035,336",6.20%,"$899,740",0.2229653243
District of Columbia,1/1/2025,"$73,096,228","$9,295,356",12.70%,"$2,090,104",0.2248546478
District of Columbia,2/1/2025,"$59,507,037","$7,349,433",12.40%,"$1,684,139",0.2291522353
District of Columbia,3/1/2025,"$86,014,452","$6,222,044",7.20%,"$1,496,244",0.2404746736
District of Columbia,4/1/2025,"$71,545,569","$8,294,716",11.60%,"$1,917,367",0.2311552318
District of Columbia,5/1/2025,"$74,470,050","$7,972,800",10.70%,"$1,867,681",0.2342565974
District of Columbia,6/1/2025,"$50,731,952","$6,774,236",13.40%,"$1,571,681",0.2320085985
District of Columbia,7/1/2025,"$55,927,318","$5,486,930",9.80%,"$1,266,665",0.2308513139
Illinois,3/1/2020,"$997,739","$120,054",12.00%,"$12,242",0.1019707798
Illinois,4/1/2020,$0,-$592,,$0,0
Illinois,5/1/2020,$0,$0,,$0,#DIV/0!
Illinois,6/1/2020,"$8,281,803","$812,901",9.80%,"$59,446",0.07312821611
Illinois,7/1/2020,"$52,524,612","$4,769,184",9.10%,"$585,623",0.1227931235
Illinois,8/1/2020,"$140,065,649","$7,643,489",5.50%,"$1,176,754",0.1539550852
Illinois,9/1/2020,"$305,223,938","$11,754,530",3.90%,"$1,107,906",0.09425353459
Illinois,10/1/2020,"$434,567,103","$46,967,823",10.80%,"$6,807,284",0.1449350548
Illinois,11/1/2020,"$449,239,162","$36,974,421",8.20%,"$6,618,259",0.1789956089
Illinois,12/1/2020,"$491,720,536","$28,368,846",5.80%,"$3,823,629",0.1347826767
Illinois,1/1/2021,"$581,553,300","$49,365,489",8.50%,"$7,670,847",0.1553888588
Illinois,2/1/2021,"$509,794,592","$30,313,913",5.90%,"$5,850,897",0.1930102854
Illinois,3/1/2021,"$633,614,957","$49,884,489",7.90%,"$7,141,198",0.1431546788
Illinois,4/1/2021,"$537,158,723","$41,969,306",7.80%,"$7,067,989",0.1684085269
Illinois,5/1/2021,"$507,279,761","$36,554,947",7.20%,"$5,854,318",0.1601511828
Illinois,6/1/2021,"$476,517,310","$48,187,782",10.10%,"$7,684,748",0.1594750304
Illinois,7/1/2021,"$369,134,820","$37,292,355",10.10%,"$6,058,779",0.1624670526
Illinois,8/1/2021,"$400,359,760","$32,717,934",8.20%,"$4,321,832",0.1320936707
Illinois,9/1/2021,"$596,455,693","$44,579,564",7.50%,"$6,450,631",0.1446992842
Illinois,10/1/2021,"$840,440,434","$48,316,644",5.70%,"$8,459,764",0.175090058
Illinois,11/1/2021,"$779,853,367","$78,227,189",10.00%,"$12,693,515",0.1622647466
Illinois,12/1/2021,"$789,600,347","$36,677,207",4.60%,"$5,436,663",0.1482300165
Illinois,1/1/2022,"$867,505,495","$59,343,378",6.80%,"$10,687,455",0.1800951574
Illinois,2/1/2022,"$679,374,199","$31,074,381",4.60%,"$5,720,366",0.1840862413
Illinois,3/1/2022,"$971,278,389","$79,421,037",8.20%,"$9,758,140",0.1228659354
Illinois,4/1/2022,"$839,386,882","$68,234,791",8.10%,"$11,321,487",0.1659195673
Illinois,5/1/2022,"$764,591,757","$65,214,388",8.50%,"$10,838,258",0.166194276
Illinois,6/1/2022,"$628,459,522","$40,981,475",6.50%,"$6,576,948",0.1604858781
Illinois,7/1/2022,"$516,414,719","$43,849,539",8.50%,"$7,392,918",0.1685973939
Illinois,8/1/2022,"$564,837,409","$64,628,599",11.40%,"$7,694,847",0.1190625686
Illinois,9/1/2022,"$831,805,990","$83,533,801",10.00%,"$12,559,685",0.1503545253
Illinois,10/1/2022,"$1,029,560,184","$91,569,752",8.90%,"$16,350,363",0.1785563753
Illinois,11/1/2022,"$1,029,615,448","$96,937,248",9.40%,"$15,581,846",0.1607415758
Illinois,12/1/2022,"$1,028,471,257","$81,407,470",7.90%,"$13,186,151",0.1619771625
Illinois,1/1/2023,"$1,070,033,292","$88,552,064",8.30%,"$15,410,653",0.174029292
Illinois,2/1/2023,"$875,387,789","$63,297,910",7.20%,"$10,967,295",0.1732647255
Illinois,3/1/2023,"$1,072,701,361","$107,423,414",10.00%,"$15,650,984",0.1456943456
Illinois,4/1/2023,"$898,571,938","$81,311,927",9.00%,"$14,429,201",0.1774549138
Illinois,5/1/2023,"$821,715,719","$91,579,820",11.10%,"$14,348,947",0.156682411
Illinois,6/1/2023,"$665,770,747","$52,288,208",7.90%,"$8,862,040",0.1694844849
Illinois,7/1/2023,"$611,372,472","$61,897,923",10.10%,"$9,686,791",0.1564962204
Illinois,8/1/2023,"$676,065,425","$58,823,721",8.70%,"$7,549,895",0.128347797
Illinois,9/1/2023,"$1,078,339,446","$99,829,998",9.30%,"$13,855,307",0.1387890141
Illinois,10/1/2023,"$1,161,060,707","$104,679,506",9.00%,"$18,055,019",0.1724790237
Illinois,11/1/2023,"$1,375,398,292","$73,297,758",5.30%,"$11,666,914",0.1591714988
Illinois,12/1/2023,"$1,314,056,821","$126,360,303",9.60%,"$20,517,094",0.1623697753
Illinois,1/1/2024,"$1,286,243,926","$129,511,642",10.10%,"$21,642,278",0.167106815
Illinois,2/1/2024,"$1,070,625,059","$77,162,218",7.20%,"$13,452,317",0.1743381327
Illinois,3/1/2024,"$1,264,532,904","$103,814,124",8.20%,"$16,006,617",0.1541853496
Illinois,4/1/2024,"$1,103,531,944","$88,204,662",8.00%,"$14,729,668",0.1669942117
Illinois,5/1/2024,"$1,016,698,918","$102,530,449",10.10%,"$16,218,547",0.1581827365
Illinois,6/1/2024,"$847,966,974","$81,322,996",9.60%,"$15,341,233",0.1886456938
Illinois,7/1/2024,"$773,703,869","$76,250,616",9.90%,"$15,002,646",0.1967544236
Illinois,8/1/2024,"$877,957,911","$71,288,768",8.10%,"$14,274,080",0.2002290178
Illinois,9/1/2024,"$1,305,810,953","$134,783,665",10.30%,"$38,654,748",0.286791044
Illinois,10/1/2024,"$1,445,844,471","$87,961,661",6.10%,"$25,365,066",0.2883650185
Illinois,11/1/2024,"$1,532,470,270","$155,897,761",10.20%,"$49,672,743",0.3186238384
Illinois,12/1/2024,"$1,491,297,742","$94,638,823",6.30%,"$36,137,702",0.3818485993
Illinois,1/1/2025,"$1,473,948,072","$147,771,970",10.00%,"$54,048,214",0.3657541684
Illinois,2/1/2025,"$1,150,508,464","$116,066,555",10.10%,"$47,116,812",0.405946502
Illinois,3/1/2025,"$1,494,276,828","$100,958,351",6.80%,"$34,651,940",0.3432300514
Illinois,4/1/2025,"$1,284,273,933","$104,909,326",8.20%,"$39,842,040",0.3797759601
Illinois,5/1/2025,"$1,274,389,414","$120,462,049",9.50%,"$45,177,872",0.3750382164
Indiana,9/1/2019,"$35,215,418","$8,284,862",23.50%,"$813,102",0.0981430952
Indiana,10/1/2019,"$91,697,395","$10,629,476",11.60%,"$1,096,160",0.1031245567
Indiana,11/1/2019,"$147,276,912","$10,593,321",7.20%,"$883,363",0.08338867481
Indiana,12/1/2019,"$161,806,795","$12,069,287",7.50%,"$1,139,147",0.0943839516
Indiana,1/1/2020,"$171,049,250","$12,223,222",7.10%,"$1,221,796",0.09995695079
Indiana,2/1/2020,"$187,186,221","$10,381,954",5.50%,"$1,053,811",0.1015041099
Indiana,3/1/2020,"$74,818,801","$5,300,191",7.10%,"$522,086",0.09850324262
Indiana,4/1/2020,"$26,304,128","$1,629,555",6.20%,"$148,189",0.09093832365
Indiana,5/1/2020,"$37,334,940","$3,237,031",8.70%,"$302,097",0.09332533423
Indiana,6/1/2020,"$29,783,582","$2,543,803",8.50%,"$277,600",0.1091279474
Indiana,7/1/2020,"$70,876,622","$4,885,514",6.90%,"$644,578",0.1319365782
Indiana,8/1/2020,"$169,018,238","$12,601,820",7.50%,"$934,314",0.07414119548
Indiana,9/1/2020,"$207,450,106","$11,238,265",5.40%,"$1,356,952",0.1207439049
Indiana,10/1/2020,"$230,932,251","$25,094,814",10.90%,"$2,005,347",0.07991081345
Indiana,11/1/2020,"$251,403,994","$25,255,641",10.00%,"$2,406,175",0.0952727749
Indiana,12/1/2020,"$313,112,473","$22,003,606",7.00%,"$2,292,472",0.1041861957
Indiana,1/1/2021,"$348,244,676","$31,668,178",9.10%,"$2,803,021",0.08851222827
Indiana,2/1/2021,"$273,893,073","$15,867,143",5.80%,"$1,610,811",0.101518654
Indiana,3/1/2021,"$316,717,762","$27,421,008",8.70%,"$2,503,311",0.09129172057
Indiana,4/1/2021,"$236,403,308","$19,690,320",8.30%,"$1,907,522",0.09687613
Indiana,5/1/2021,"$254,445,226","$18,011,339",7.10%,"$1,791,053",0.09944030258
Indiana,6/1/2021,"$246,321,671","$26,748,803",10.90%,"$2,420,541",0.0904915633
Indiana,7/1/2021,"$194,492,669","$17,225,036",8.90%,"$1,658,052",0.09625826036
Indiana,8/1/2021,"$215,636,824","$16,704,438",7.70%,"$1,571,080",0.09405165262
Indiana,9/1/2021,"$355,425,184","$33,307,106",9.40%,"$3,250,964",0.09760571813
Indiana,10/1/2021,"$461,131,242","$27,838,472",6.00%,"$2,597,357",0.09330099008
Indiana,11/1/2021,"$463,684,739","$47,815,377",10.30%,"$4,527,177",0.09468035774
Indiana,12/1/2021,"$463,015,613","$26,007,133",5.60%,"$2,448,195",0.09413552044
Indiana,1/1/2022,"$500,138,648","$29,278,177",5.90%,"$3,379,560",0.1154293179
Indiana,2/1/2022,"$409,109,104","$22,396,131",5.50%,"$1,611,037",0.07193371927
Indiana,3/1/2022,"$476,802,783","$32,788,454",6.90%,"$3,095,106",0.09439621642
Indiana,4/1/2022,"$360,023,255","$27,634,092",7.70%,"$2,722,456",0.09851801897
Indiana,5/1/2022,"$308,385,687","$31,951,466",10.40%,"$2,912,607",0.09115722577
Indiana,6/1/2022,"$256,307,260","$15,653,583",6.10%,"$1,497,766",0.09568199178
Indiana,7/1/2022,"$206,627,688","$20,510,071",9.90%,"$1,985,587",0.09681034259
Indiana,8/1/2022,"$237,990,176","$25,978,248",10.90%,"$2,417,586",0.09306193397
Indiana,9/1/2022,"$382,507,090","$50,551,749",13.20%,"$4,861,450",0.09616779036
Indiana,10/1/2022,"$446,248,394","$46,393,925",10.40%,"$4,458,595",0.09610299193
Indiana,11/1/2022,"$452,318,954","$40,197,276",8.90%,"$3,797,331",0.09446737137
Indiana,12/1/2022,"$431,423,176","$43,555,139",10.10%,"$4,058,864",0.09318909532
Indiana,1/1/2023,"$427,154,794","$35,347,154",8.30%,"$3,463,540",0.09798638951
Indiana,2/1/2023,"$356,187,759","$28,076,424",7.90%,"$2,629,963",0.09367158011
Indiana,3/1/2023,"$433,022,775","$43,746,469",10.10%,"$4,097,409",0.09366262223
Indiana,4/1/2023,"$321,404,737","$29,349,149",9.10%,"$2,794,279",0.09520817793
Indiana,5/1/2023,"$283,495,510","$33,542,239",11.80%,"$3,208,916",0.09566791293
Indiana,6/1/2023,"$224,070,050","$19,036,099",8.50%,"$1,848,269",0.0970928445
Indiana,7/1/2023,"$203,788,074","$23,420,740",11.50%,"$2,209,488",0.09433894915
Indiana,8/1/2023,"$238,079,855","$23,633,486",9.90%,"$2,236,234",0.09462141979
Indiana,9/1/2023,"$404,140,702","$40,624,361",10.10%,"$3,901,903",0.09604835384
Indiana,10/1/2023,"$429,673,063","$46,135,347",10.70%,"$4,297,088",0.09314090561
Indiana,11/1/2023,"$513,672,424","$26,848,975",5.20%,"$2,919,257",0.1087288062
Indiana,12/1/2023,"$503,127,765","$54,603,323",10.90%,"$4,810,719",0.08810304457
Indiana,1/1/2024,"$480,573,358","$53,506,698",11.10%,"$5,079,594",0.09493379689
Indiana,2/1/2024,"$408,675,534","$37,601,071",9.20%,"$3,608,431",0.09596617607
Indiana,3/1/2024,"$500,757,257","$37,899,471",7.60%,"$3,744,875",0.09881074593
Indiana,4/1/2024,"$393,855,317","$39,077,679",9.90%,"$3,523,226",0.09015955119
Indiana,5/1/2024,"$361,590,148","$38,695,260",10.70%,"$3,703,601",0.0957120071
Indiana,6/1/2024,"$298,166,251","$30,442,289",10.20%,"$2,897,586",0.09518292136
Indiana,7/1/2024,"$261,071,808","$29,415,902",11.30%,"$2,759,651",0.09381493724
Indiana,8/1/2024,"$307,902,881","$29,418,190",9.60%,"$3,047,576",0.1035949526
Indiana,9/1/2024,"$483,843,656","$55,254,534",11.40%,"$5,034,784",0.09111983462
Indiana,10/1/2024,"$537,909,435","$35,082,061",6.50%,"$3,339,581",0.09519340953
Indiana,11/1/2024,"$614,362,613","$68,820,755",11.20%,"$6,516,195",0.09468357329
Indiana,12/1/2024,"$563,624,406","$29,758,090",5.30%,"$2,990,506",0.1004938825
Indiana,1/1/2025,"$538,705,450","$57,029,654",10.60%,"$5,231,271",0.09172896262
Indiana,2/1/2025,"$432,889,381","$47,302,722",10.90%,"$4,535,783",0.0958884142
Indiana,3/1/2025,"$553,578,453","$34,995,596",6.30%,"$3,399,998",0.09715502488
Indiana,4/1/2025,"$437,099,849","$41,423,026",9.50%,"$3,815,677",0.09211487833
Indiana,5/1/2025,"$433,271,506","$42,057,323",9.70%,"$4,158,899",0.09888644125
Indiana,6/1/2025,"$351,462,412","$46,955,926",13.40%,"$4,307,413",0.09173310734
Indiana,7/1/2025,"$284,895,674","$34,442,080",12.10%,"$3,272,467",0.09501362868
Iowa,8/1/2019,"$8,576,341","$2,161,807",25.20%,"$145,922",0.06750001272
Iowa,9/1/2019,"$38,545,352","$4,959,745",12.90%,"$334,783",0.06750004284
Iowa,10/1/2019,"$46,500,331","$5,658,131",12.20%,"$381,924",0.06750002784
Iowa,11/1/2019,"$59,344,806","$3,599,750",6.10%,"$242,983",0.06749996528
Iowa,12/1/2019,"$59,258,838","$2,904,257",4.90%,"$196,037",0.06749988035
Iowa,1/1/2020,"$58,027,141","$3,232,696",5.60%,"$218,349",0.06754393237
Iowa,2/1/2020,"$56,920,783","$755,334",1.30%,"$50,985",0.06749994042
Iowa,3/1/2020,"$19,585,711","$1,185,888",6.10%,"$80,047",0.06749962897
Iowa,4/1/2020,"$1,568,497","$150,331",9.60%,"$10,147",0.06749772169
Iowa,5/1/2020,"$6,976,637","$501,062",7.20%,"$33,822",0.06750062866
Iowa,6/1/2020,"$12,711,201","$620,740",4.90%,"$41,900",0.06750008055
Iowa,7/1/2020,"$22,859,622","$2,244,012",9.80%,"$151,471",0.06750008467
Iowa,8/1/2020,"$50,313,674","$3,003,903",6.00%,"$202,763",0.06749984936
Iowa,9/1/2020,"$72,397,241","$5,167,816",7.10%,"$348,828",0.06750008127
Iowa,10/1/2020,"$81,902,416","$9,080,995",11.10%,"$612,967",0.06749998211
Iowa,11/1/2020,"$87,169,919","$8,144,096",9.30%,"$549,726",0.06749994106
Iowa,12/1/2020,"$104,815,630","$7,537,004",7.20%,"$508,748",0.06750003052
Iowa,1/1/2021,"$149,524,789","$11,343,303",7.60%,"$765,673",0.06750000419
Iowa,2/1/2021,"$143,615,170","$7,708,148",5.40%,"$520,300",0.0675000013
Iowa,3/1/2021,"$161,439,561","$13,454,158",8.30%,"$908,156",0.0675000249
Iowa,4/1/2021,"$118,355,535","$7,725,272",6.50%,"$521,456",0.06750001812
Iowa,5/1/2021,"$114,882,963","$6,133,477",5.30%,"$414,010",0.06750004932
Iowa,6/1/2021,"$111,176,671","$8,424,699",7.60%,"$568,667",0.06749997834
Iowa,7/1/2021,"$89,960,118","$8,112,953",9.00%,"$547,624",0.06749995963
Iowa,8/1/2021,"$109,149,917","$7,327,163",6.70%,"$494,584",0.0675000679
Iowa,9/1/2021,"$216,116,399","$11,135,516",5.20%,"$751,647",0.06749997037
Iowa,10/1/2021,"$285,532,771","$10,840,968",3.80%,"$731,765",0.06749996864
Iowa,11/1/2021,"$287,436,570","$19,935,558",6.90%,"$1,345,650",0.06749999172
Iowa,12/1/2021,"$266,518,049","$13,371,197",5.00%,"$902,556",0.06750001514
Iowa,1/1/2022,"$303,327,688","$14,269,557",4.70%,"$963,195",0.06749999317
Iowa,2/1/2022,"$215,921,313","$8,579,100",4.00%,"$579,089",0.06749997086
Iowa,3/1/2022,"$233,525,474","$14,411,046",6.20%,"$972,746",0.06750002741
Iowa,4/1/2022,"$177,370,317","$12,398,243",7.00%,"$836,881",0.06749996754
Iowa,5/1/2022,"$147,913,284","$12,630,387",8.50%,"$852,551",0.0674999903
Iowa,6/1/2022,"$122,437,950","$6,568,678",5.40%,"$443,386",0.06750003578
Iowa,7/1/2022,"$108,556,796","$11,173,191",10.30%,"$754,190",0.06749996487
Iowa,8/1/2022,"$122,568,313","$14,418,923",11.80%,"$973,277",0.06749997902
Iowa,9/1/2022,"$200,230,741","$25,417,557",12.70%,"$1,715,685",0.06749999616
Iowa,10/1/2022,"$238,788,234","$19,137,523",8.00%,"$1,291,783",0.06750001032
Iowa,11/1/2022,"$247,476,284","$5,802,261",2.30%,"$391,653",0.06750006592
Iowa,12/1/2022,"$229,949,570","$20,745,524",9.00%,"$1,400,323",0.06750000627
Iowa,1/1/2023,"$233,619,612","$16,543,361",7.10%,"$1,116,677",0.06750000801
Iowa,2/1/2023,"$193,879,638","$11,871,156",6.10%,"$802,488",0.06759981926
Iowa,3/1/2023,"$232,614,150","$19,857,210",8.50%,"$1,340,355",0.06749966385
Iowa,4/1/2023,"$172,589,394","$14,117,868",8.20%,"$953,605",0.06754596374
Iowa,5/1/2023,"$147,715,126","$16,599,871",11.20%,"$1,122,711",0.06763371836
Iowa,6/1/2023,"$115,595,593","$7,131,173",6.20%,"$482,852",0.06771003873
Iowa,7/1/2023,"$109,680,895","$10,568,989",9.60%,"$715,638",0.0677111122
Iowa,8/1/2023,"$141,295,039","$13,507,280",9.60%,"$913,527",0.06763219538
Iowa,9/1/2023,"$245,759,020","$24,059,083",9.80%,"$1,625,305",0.06755473598
Iowa,10/1/2023,"$255,293,522","$24,189,825",9.50%,"$1,632,804",0.06749962019
Iowa,11/1/2023,"$289,698,466","$14,090,776",4.90%,"$952,539",0.06760018043
Iowa,12/1/2023,"$282,723,930","$26,251,213",9.30%,"$1,774,335",0.06759059096
Iowa,1/1/2024,"$259,468,795","$22,064,697",8.50%,"$1,487,626",0.06742109352
Iowa,2/1/2024,"$220,583,732","$13,608,943",6.20%,"$920,400",0.06763199758
Iowa,3/1/2024,"$272,366,214","$18,194,914",6.70%,"$1,235,155",0.06788462974
Iowa,4/1/2024,"$209,522,911","$16,527,342",7.90%,"$1,120,126",0.06777411637
Iowa,5/1/2024,"$182,461,326","$16,697,596",9.20%,"$1,130,475",0.06770285974
Iowa,6/1/2024,"$146,682,918","$12,494,103",8.50%,"$845,443",0.06766736276
Iowa,7/1/2024,"$138,136,616","$13,880,200",10.00%,"$936,914",0.06750003602
Iowa,8/1/2024,"$166,987,544","$15,755,187",9.40%,"$1,063,475",0.06749999222
Iowa,9/1/2024,"$270,853,308","$27,459,491",10.10%,"$1,853,516",0.06750001302
Iowa,10/1/2024,"$294,931,669","$18,443,864",6.30%,"$1,244,961",0.06750000976
Iowa,11/1/2024,"$315,221,241","$30,069,720",9.50%,"$2,029,706",0.06749999667
Iowa,12/1/2024,"$293,123,307","$13,286,724",4.50%,"$896,854",0.06750000978
Iowa,1/1/2025,"$289,730,209","$26,188,816",9.00%,"$1,767,745",0.06749999695
Iowa,2/1/2025,"$216,451,614","$21,272,944",9.80%,"$1,435,924",0.06750001316
Iowa,3/1/2025,"$287,826,745","$15,749,320",5.50%,"$1,063,079",0.06749999365
Iowa,4/1/2025,"$215,555,373","$18,757,824",8.70%,"$1,266,153",0.0674999936
Iowa,5/1/2025,"$202,573,365","$20,059,489",9.90%,"$1,354,015",0.0674999747
Iowa,6/1/2025,"$168,169,130","$19,210,711",11.40%,"$1,296,723",0.06750000039
Iowa,7/1/2025,"$146,718,572","$17,995,577",12.30%,"$1,214,701",0.06749997513
Kansas,9/1/2022,"$160,527,371","$22,014,698",13.70%,"$129,618",0.005887793691
Kansas,10/1/2022,"$189,919,311","$18,582,842",9.80%,"$141,088",0.007592380111
Kansas,11/1/2022,"$186,353,708","$19,073,128",10.20%,"$795,784",0.04172278401
Kansas,12/1/2022,"$181,977,180","$16,835,233",9.30%,"$1,026,140",0.06095193336
Kansas,1/1/2023,"$206,060,734","$15,105,189",7.30%,"$598,745",0.03963836533
Kansas,2/1/2023,"$194,034,469","-$845,377",-0.40%,"$1,134",-0.001341413358
Kansas,3/1/2023,"$206,287,094","$20,975,191",10.20%,"$911,159",0.04343984281
Kansas,4/1/2023,"$132,981,289","$14,636,899",11.00%,"$919,720",0.06283571404
Kansas,5/1/2023,"$120,323,444","$14,550,824",12.10%,"$887,390",0.06098554968
Kansas,6/1/2023,"$98,125,865","$8,195,048",8.40%,"$409,425",0.04996004904
Kansas,7/1/2023,"$79,715,016","$9,644,263",12.10%,"$683,176",0.07083755389
Kansas,8/1/2023,"$94,415,479","$7,662,828",8.10%,"$484,366",0.0632098228
Kansas,9/1/2023,"$219,293,493","$18,155,498",8.30%,"$806,097",0.04439960832
Kansas,10/1/2023,"$249,711,810","$25,404,712",10.20%,"$1,437,030",0.05656549069
Kansas,11/1/2023,"$260,937,284","$18,017,353",6.90%,"$892,968",0.04956155324
Kansas,12/1/2023,"$259,678,435","$30,913,033",11.90%,"$2,005,261",0.06486781805
Kansas,1/1/2024,"$239,618,587","$20,864,472",8.70%,"$1,433,272",0.06869438153
Kansas,2/1/2024,"$203,046,644","$8,463,732",4.20%,"$305,494",0.03609447936
Kansas,3/1/2024,"$252,901,770","$16,760,995",6.60%,"$714,697",0.04264048763
Kansas,4/1/2024,"$192,085,924","$17,890,802",9.30%,"$1,040,396",0.05815256354
Kansas,5/1/2024,"$172,204,880","$17,210,244",10.00%,"$976,764",0.05675480255
Kansas,6/1/2024,"$140,102,333","$14,518,082",10.40%,"$936,385",0.06449784483
Kansas,7/1/2024,"$122,040,797","$13,443,364",11.00%,"$919,947",0.06843130931
Kansas,8/1/2024,"$146,975,336","$10,581,830",7.20%,"$657,288",0.06211477599
Kansas,9/1/2024,"$248,870,846","$34,077,993",13.70%,"$1,831,387",0.05374104631
Kansas,10/1/2024,"$275,916,403","$12,970,435",4.70%,"$498,355",0.03842238136
Kansas,11/1/2024,"$290,968,780","$34,755,047",11.90%,"$2,552,778",0.07345056964
Kansas,12/1/2024,"$261,279,556","$15,197,061",5.80%,"$878,610",0.05781446821
Kansas,1/1/2025,"$301,837,632","$28,162,001",9.30%,"$1,615,836",0.0573764627
Kansas,2/1/2025,"$216,186,512","$34,977,452",16.20%,"$2,394,014",0.0684444939
Kansas,3/1/2025,"$248,409,034","$15,324,367",6.20%,"$803,031",0.05240222973
Kansas,4/1/2025,"$208,813,092","$20,404,281",9.80%,"$1,317,499",0.06456973417
Kansas,5/1/2025,"$199,709,373","$22,950,705",11.50%,"$1,895,140",0.08257436972
Kansas,6/1/2025,"$185,151,157","$21,683,264",11.70%,"$1,724,859",0.07954794075
Kansas,7/1/2025,"$173,872,673","$13,076,056",7.50%,"$1,049,429",0.08025577437
Kentucky,9/1/2023,"$45,519,529","$2,672,336",5.90%,"$321,966",0.1204811072
Kentucky,10/1/2023,"$295,088,668","$54,341,931",18.40%,"$7,616,625",0.1401611032
Kentucky,11/1/2023,"$281,189,728","$22,448,055",8.00%,"$3,088,163",0.1375692905
Kentucky,12/1/2023,"$263,666,578","$32,281,926",12.20%,"$4,463,311",0.138260369
Kentucky,1/1/2024,"$245,604,391","$35,967,751",14.60%,"$4,992,513",0.1388052592
Kentucky,2/1/2024,"$199,449,415","$19,491,642",9.80%,"$2,703,511",0.1387010391
Kentucky,3/1/2024,"$256,246,092","$22,107,013",8.60%,"$3,036,740",0.1373654595
Kentucky,4/1/2024,"$187,913,248","$23,299,806",12.40%,"$3,232,441",0.1387325285
Kentucky,5/1/2024,"$181,351,570","$21,603,055",11.90%,"$2,985,052",0.1381773087
Kentucky,6/1/2024,"$150,313,715","$15,766,956",10.50%,"$2,169,707",0.1376110265
Kentucky,7/1/2024,"$129,270,001","$15,431,176",11.90%,"$2,134,875",0.1383481726
Kentucky,8/1/2024,"$151,409,420","$12,143,827",8.00%,"$1,666,257",0.1372102056
Kentucky,9/1/2024,"$255,863,414","$34,241,491",13.40%,"$4,747,314",0.138642152
Kentucky,10/1/2024,"$274,928,954","$21,140,573",7.70%,"$2,988,347",0.1413560077
Kentucky,11/1/2024,"$301,740,758","$36,629,991",12.10%,"$5,046,384",0.1377664548
Kentucky,12/1/2024,"$293,022,542","$20,245,509",6.90%,"$2,916,545",0.1440588626
Kentucky,1/1/2025,"$277,120,575","$33,638,951",12.10%,"$4,683,071",0.1392157264
Kentucky,2/1/2025,"$224,733,400","$29,873,955",13.30%,"$4,152,284",0.1389934476
Kentucky,3/1/2025,"$293,176,264","$20,161,754",6.90%,"$2,740,108",0.1359062312
Kentucky,4/1/2025,"$219,760,442","$24,242,438",11.00%,"$3,360,318",0.1386130388
Kentucky,5/1/2025,"$209,561,146","$26,211,739",12.50%,"$3,524,900",0.1344779146
Kentucky,6/1/2025,"$174,823,576","$23,024,926",13.20%,"$3,197,132",0.1388552563
Louisiana,11/1/2021,"$27,871,038","$5,685,706",20.40%,"$568,571",0.1000000704
Louisiana,12/1/2021,"$39,517,545","$4,380,700",11.10%,"$438,070",0.1
Louisiana,1/1/2022,"$89,757,060","$7,992,540",8.90%,"$533,259",0.06671959102
Louisiana,2/1/2022,"$238,413,596","$27,316,419",11.50%,"$2,421,541",0.0886478202
Louisiana,3/1/2022,"$232,730,341","$30,943,063",13.30%,"$3,413,595",0.1103185874
Louisiana,4/1/2022,"$208,255,060","$6,140,843",2.90%,"$2,573,658",0.4191049991
Louisiana,5/1/2022,"$171,135,819","$25,691,302",15.00%,"$2,663,220",0.1036623212
Louisiana,6/1/2022,"$132,438,215","$10,891,261",8.20%,"$1,424,413",0.1307849477
Louisiana,7/1/2022,"$118,522,225","$20,980,159",17.70%,"$2,442,246",0.1164074114
Louisiana,8/1/2022,"$128,251,857","$9,587,258",7.50%,"$1,775,179",0.1851602408
Louisiana,9/1/2022,"$203,807,226","$33,390,478",16.40%,"$4,040,335",0.1210026104
Louisiana,10/1/2022,"$255,805,485","$30,776,126",12.00%,"$4,308,649",0.1399997193
Louisiana,11/1/2022,"$268,638,967","-$25,313,281",-9.40%,"$4,244,196",-0.1676667675
Louisiana,12/1/2022,"$254,753,433","$37,296,799",14.60%,"$4,365,471",0.1170468007
Louisiana,1/1/2023,"$282,269,901","$35,728,478",12.70%,"$3,330,035",0.09320394224
Louisiana,2/1/2023,"$197,709,561","$23,295,088",11.80%,"$2,554,375",0.1096529449
Louisiana,3/1/2023,"$249,280,628","$32,319,508",13.00%,"$3,590,725",0.1111008559
Louisiana,4/1/2023,"$209,746,932","$23,415,190",11.20%,"$2,945,211",0.1257820671
Louisiana,5/1/2023,"$195,123,855","$29,860,212",15.30%,"$3,579,595",0.1198784188
Louisiana,6/1/2023,"$160,083,233","$13,981,060",8.70%,"$1,697,439",0.1214098931
Louisiana,7/1/2023,"$134,757,491","$18,282,477",13.60%,"$2,185,154",0.1195217694
Louisiana,8/1/2023,"$153,933,704","$18,137,683",11.80%,"$2,109,829",0.1163229614
Louisiana,9/1/2023,"$280,093,549","$43,143,474",15.40%,"$5,318,554",0.1232759791
Louisiana,10/1/2023,"$308,613,008","$43,338,752",14.00%,"$5,319,894",0.122751435
Louisiana,11/1/2023,"$356,479,622","$29,304,005",8.20%,"$3,245,327",0.1107468757
Louisiana,12/1/2023,"$377,046,556","$56,520,231",15.00%,"$7,590,704",0.1343006542
Louisiana,1/1/2024,"$346,320,907","$52,696,465",15.20%,"$5,681,508",0.107815733
Louisiana,2/1/2024,"$274,775,955","$31,152,229",11.30%,"$3,765,778",0.1208830996
Louisiana,3/1/2024,"$350,006,557","$37,700,995",10.80%,"$4,910,457",0.1302474112
Louisiana,4/1/2024,"$283,059,884","$40,367,859",14.30%,"$5,387,113",0.1334505503
Louisiana,5/1/2024,"$256,659,997","$34,711,724",13.50%,"$5,767,757",0.1661616404
Louisiana,6/1/2024,"$212,056,544","$27,221,159",12.80%,"$3,850,037",0.1414354547
Louisiana,7/1/2024,"$184,543,537","$25,033,903",13.60%,"$3,511,412",0.1402662621
Louisiana,8/1/2024,"$234,512,847","$27,073,503",11.50%,"$3,698,568",0.1366120963
Louisiana,9/1/2024,"$351,679,502","$55,224,101",15.70%,"$7,642,906",0.1383980158
Louisiana,10/1/2024,"$401,847,954","$42,817,957",10.70%,"$6,231,188",0.1455274477
Louisiana,11/1/2024,"$413,465,532","$58,209,106",14.10%,"$8,175,472",0.1404500526
Louisiana,12/1/2024,"$390,727,667","$35,204,850",9.00%,"$6,441,847",0.1829818051
Louisiana,1/1/2025,"$382,873,920","$53,668,017",14.00%,"$5,923,633",0.1103754774
Louisiana,2/1/2025,"$381,244,368","$53,876,140",14.10%,"$7,034,948",0.1305763182
Louisiana,3/1/2025,"$386,427,937","$31,796,443",8.20%,"$4,086,575",0.1285230238
Louisiana,4/1/2025,"$343,838,482","$40,667,102",11.80%,"$5,833,885",0.1434546529
Louisiana,5/1/2025,"$300,668,112","$47,515,425",15.80%,"$6,715,422",0.1413314097
Louisiana,6/1/2025,"$245,347,399","$33,573,477",13.70%,"$4,745,648",0.1413511028
Maine,11/1/2023,"$37,467,976","$4,586,743",12.20%,"$464,151",0.1011940281
Maine,12/1/2023,"$44,354,459","$4,353,944",9.80%,"$437,884",0.1005718034
Maine,1/1/2024,"$38,010,991","$5,430,666",14.30%,"$546,149",0.1005675915
Maine,2/1/2024,"$33,610,150","$4,220,952",12.60%,"$425,602",0.1008308078
Maine,3/1/2024,"$47,407,405","$2,672,964",5.60%,"$270,607",0.1012385502
Maine,4/1/2024,"$38,203,545","$4,063,250",10.60%,"$414,356",0.1019764966
Maine,5/1/2024,"$39,649,761","$3,174,572",8.00%,"$331,278",0.1043535948
Maine,6/1/2024,"$39,123,547","$3,137,935",8.00%,"$342,513",0.1091523566
Maine,7/1/2024,"$41,909,343","$5,283,156",12.60%,"$603,284",0.1141900788
Maine,8/1/2024,"$35,342,087","$3,364,627",9.50%,"$355,576",0.1056806594
Maine,9/1/2024,"$51,376,494","$6,483,745",12.60%,"$664,355",0.1024647021
Maine,10/1/2024,"$51,881,731","$3,771,980",7.30%,"$378,254",0.1002799591
Maine,11/1/2024,"$51,280,750","$7,878,434",15.40%,"$790,413",0.1003261562
Maine,12/1/2024,"$52,244,023","$3,973,509",7.60%,"$396,313",0.09973879511
Maine,1/1/2025,"$50,253,633","$6,990,187",13.90%,"$698,264",0.09989203436
Maine,2/1/2025,"$41,037,515","$5,227,371",12.70%,"$525,022",0.1004371031
Maine,3/1/2025,"$48,860,790","$4,113,135",8.40%,"$414,802",0.1008481365
Maine,4/1/2025,"$45,960,567","$5,448,560",11.90%,"$555,116",0.1018830664
Maine,5/1/2025,"$39,947,302","$5,066,265",12.70%,"$515,166",0.1016855613
Maine,6/1/2025,"$34,331,407","$4,388,816",12.80%,"$446,044",0.1016319663
Maine,7/1/2025,"$36,393,558","$3,413,284",9.40%,"$356,337",0.1043971143
Maryland,12/1/2021,"$16,552,430","$3,170,001",19.20%,"$469,297",0.148043171
Maryland,1/1/2022,"$32,530,831","$4,375,316",13.40%,"$644,098",0.1472117671
Maryland,2/1/2022,"$25,526,148","$955,377",3.70%,"$134,628",0.1409160991
Maryland,3/1/2022,"$31,025,892","$3,927,573",12.70%,"$577,019",0.1469149014
Maryland,4/1/2022,"$26,908,845","$2,838,501",10.50%,"$415,801",0.1464861207
Maryland,5/1/2022,"$23,095,542","$3,077,031",13.30%,"$452,897",0.1471863624
Maryland,6/1/2022,"$19,121,331","$1,309,834",6.90%,"$189,323",0.1445396898
Maryland,7/1/2022,"$15,492,757","$2,026,548",13.10%,"$298,177",0.1471354244
Maryland,8/1/2022,"$18,650,802","$3,231,851",17.30%,"$477,840",0.1478533509
Maryland,9/1/2022,"$31,376,072","$6,639,776",21.20%,"$984,308",0.1482441576
Maryland,10/1/2022,"$39,663,586","$5,309,436",13.40%,"$781,642",0.1472175199
Maryland,11/1/2022,"$219,071,373","$30,620,539",14.00%,"$704,728",0.023014879
Maryland,12/1/2022,"$497,121,655","$85,168,804",17.10%,"$440,043",0.005166715738
Maryland,1/1/2023,"$441,481,779","$59,601,405",13.50%,"$2,114,614",0.03547926429
Maryland,2/1/2023,"$339,421,546","$40,214,644",11.80%,"$2,796,881",0.06954881908
Maryland,3/1/2023,"$385,967,195","$47,548,314",12.30%,"$5,310,057",0.1116770828
Maryland,4/1/2023,"$328,454,398","$35,644,586",10.90%,"$3,864,686",0.1084228051
Maryland,5/1/2023,"$320,199,671","$42,742,217",13.30%,"$4,650,712",0.1088083943
Maryland,6/1/2023,"$254,476,790","$27,077,118",10.60%,"$2,835,051",0.1047028343
Maryland,7/1/2023,"$247,412,348","$28,114,521",11.40%,"$3,312,633",0.1178264072
Maryland,8/1/2023,"$263,729,559","$24,900,638",9.40%,"$2,555,670",0.1026347196
Maryland,9/1/2023,"$442,450,665","$45,575,923",10.30%,"$3,231,428",0.07090208574
Maryland,10/1/2023,"$483,147,391","$58,701,910",12.10%,"$5,812,246",0.09901289413
Maryland,11/1/2023,"$550,716,329","$41,628,982",7.60%,"$3,199,529",0.07685820902
Maryland,12/1/2023,"$559,865,463","$62,330,932",11.10%,"$6,482,403",0.1039997765
Maryland,1/1/2024,"$544,971,369","$80,000,651",14.70%,"$8,246,847",0.1030847486
Maryland,2/1/2024,"$442,557,658","$43,445,464",9.80%,"$4,210,511",0.09691485859
Maryland,3/1/2024,"$536,730,427","$45,104,095",8.40%,"$4,853,986",0.1076174126
Maryland,4/1/2024,"$486,319,123","$50,420,705",10.40%,"$5,686,446",0.112779978
Maryland,5/1/2024,"$431,528,137","$51,065,131",11.80%,"$6,991,255",0.1369085884
Maryland,6/1/2024,"$384,687,981","$39,668,882",10.30%,"$5,728,503",0.144407977
Maryland,7/1/2024,"$333,269,669","$43,764,979",13.10%,"$6,254,056",0.1429009254
Maryland,8/1/2024,"$377,381,689","$39,249,994",10.40%,"$5,584,303",0.1422752574
Maryland,9/1/2024,"$532,866,676","$65,431,799",12.30%,"$9,379,598",0.1433492299
Maryland,10/1/2024,"$593,105,471","$49,601,687",8.40%,"$7,049,747",0.1421271619
Maryland,11/1/2024,"$639,867,400","$82,338,595",12.90%,"$11,798,035",0.1432868146
Maryland,12/1/2024,"$637,301,167","$45,622,988",7.20%,"$6,510,765",0.1427079919
Maryland,1/1/2025,"$618,824,226","$82,095,604",13.30%,"$8,244,612",0.1004269607
Maryland,2/1/2025,"$475,708,504","$59,974,564",12.60%,"$6,350,174",0.1058811199
Maryland,3/1/2025,"$588,500,308","$47,851,962",8.10%,"$4,419,403",0.09235573246
Maryland,4/1/2025,"$513,716,232","$59,168,444",11.50%,"$6,359,834",0.1074869233
Maryland,5/1/2025,"$504,448,189","$66,309,912",13.10%,"$7,746,363",0.1168205894
Maryland,6/1/2025,"$403,841,872","$57,109,738",14.10%,"$9,226,682",0.1615605731
Maryland,7/1/2025,"$364,075,296","$44,560,773",12.20%,"$7,252,318",0.1627511713
Massachusetts,1/1/2023,"$642,630","$65,076",10.10%,"$9,712",0.1492408876
Massachusetts,2/1/2023,"$24,979,240","$1,486,743",6.00%,"$213,795",0.1438009125
Massachusetts,3/1/2023,"$584,520,728","$48,321,254",8.30%,"$9,345,767",0.1934090328
Massachusetts,4/1/2023,"$574,829,883","$60,509,931",10.50%,"$11,799,200",0.1949960908
Massachusetts,5/1/2023,"$457,140,440","$62,096,790",13.60%,"$12,120,400",0.1951856127
Massachusetts,6/1/2023,"$332,312,764","$32,918,844",9.90%,"$6,409,217",0.1946975112
Massachusetts,7/1/2023,"$296,640,882","$30,132,704",10.20%,"$5,842,263",0.1938844586
Massachusetts,8/1/2023,"$320,736,344","$23,533,469",7.30%,"$4,532,848",0.1926128273
Massachusetts,9/1/2023,"$519,792,909","$51,033,638",9.80%,"$9,898,638",0.1939630093
Massachusetts,10/1/2023,"$567,177,959","$60,715,050",10.70%,"$11,817,541",0.1946394016
Massachusetts,11/1/2023,"$654,894,685","$50,551,441",7.70%,"$9,770,946",0.1932871904
Massachusetts,12/1/2023,"$655,598,548","$62,161,918",9.50%,"$12,045,361",0.1937739598
Massachusetts,1/1/2024,"$650,279,922","$72,718,241",11.20%,"$14,165,765",0.1948034607
Massachusetts,2/1/2024,"$538,839,465","$53,857,610",10.00%,"$10,514,395",0.1952258
Massachusetts,3/1/2024,"$658,740,411","$47,840,152",7.30%,"$9,208,587",0.1924865749
Massachusetts,4/1/2024,"$601,732,077","$51,131,274",8.50%,"$9,918,583",0.1939827081
Massachusetts,5/1/2024,"$587,433,477","$59,025,991",10.00%,"$11,485,181",0.194578368
Massachusetts,6/1/2024,"$505,365,090","$42,427,413",8.40%,"$8,235,157",0.1940999089
Massachusetts,7/1/2024,"$414,278,424","$42,232,314",10.20%,"$8,180,118",0.1936933411
Massachusetts,8/1/2024,"$453,078,241","$34,500,602",7.60%,"$6,646,701",0.1926546383
Massachusetts,9/1/2024,"$679,185,062","$75,371,722",11.10%,"$14,635,557",0.1941783551
Massachusetts,10/1/2024,"$751,665,344","$50,321,644",6.70%,"$9,659,885",0.1919628262
Massachusetts,11/1/2024,"$779,193,225","$82,589,650",10.60%,"$16,049,678",0.1943303792
Massachusetts,12/1/2024,"$784,218,035","$59,418,827",7.60%,"$11,499,381",0.1935309325
Massachusetts,1/1/2025,"$762,349,450","$96,372,001",12.60%,"$18,836,029",0.1954512597
Massachusetts,2/1/2025,"$622,888,989","$67,108,767",10.80%,"$13,103,806",0.1952622077
Massachusetts,3/1/2025,"$775,092,727","$54,246,757",7.00%,"$10,410,483",0.1919097763
Massachusetts,4/1/2025,"$688,062,638","$67,625,682",9.80%,"$13,163,929",0.1946587245
Massachusetts,5/1/2025,"$655,362,561","$82,479,454",12.60%,"$16,104,935",0.1952599613
Massachusetts,6/1/2025,"$529,760,307","$63,455,206",12.00%,"$12,386,337",0.1951981213
Michigan,3/1/2020,"$593,956","$105,548",17.80%,"$8,866",0.08399969682
Michigan,4/1/2020,$0,$0,,$0,#DIV/0!
Michigan,5/1/2020,$0,$0,,$0,#DIV/0!
Michigan,6/1/2020,$0,$0,,$0,#DIV/0!
Michigan,7/1/2020,$0,$0,,$0,#DIV/0!
Michigan,8/1/2020,"$15,744,256","$1,977,052",12.60%,"$166,072",0.08399981386
Michigan,9/1/2020,"$33,503,929","$4,376,407",13.10%,"$367,618",0.08399995704
Michigan,10/1/2020,"$46,120,824","$7,596,972",16.50%,"$638,146",0.08400004633
Michigan,11/1/2020,"$25,080,140","$2,337,638",9.30%,"$196,362",0.08400017454
Michigan,12/1/2020,"$9,720,393","$1,883,240",19.40%,"$158,192",0.08399991504
Michigan,1/1/2021,"$150,849,896","$17,423,564",11.60%,"$517,022",0.02967372232
Michigan,2/1/2021,"$325,569,037","$9,395,302",2.90%,"$242,185",0.02577724484
Michigan,3/1/2021,"$383,691,892","$35,238,593",9.20%,"$1,111,886",0.03155307591
Michigan,4/1/2021,"$274,212,630","$21,922,961",8.00%,"$629,336",0.02870670618
Michigan,5/1/2021,"$257,748,035","$21,228,714",8.20%,"$1,140,664",0.05373212904
Michigan,6/1/2021,"$259,504,202","$27,244,793",10.50%,"$1,638,701",0.06014730962
Michigan,7/1/2021,"$206,267,088","$20,766,255",10.10%,"$1,241,237",0.05977182694
Michigan,8/1/2021,"$208,565,955","$17,536,332",8.40%,"$896,007",0.05109432235
Michigan,9/1/2021,"$386,780,231","$27,135,351",7.00%,"$981,126",0.03615674623
Michigan,10/1/2021,"$497,565,425","$26,947,289",5.40%,"$1,129,191",0.04190369577
Michigan,11/1/2021,"$500,521,376","$58,762,835",11.70%,"$2,893,243",0.04923593288
Michigan,12/1/2021,"$514,630,536","$35,920,227",7.00%,"$1,208,065",0.03363188657
Michigan,1/1/2022,"$532,681,710","$36,647,758",6.90%,"$2,135,046",0.05825857069
Michigan,2/1/2022,"$423,768,381","$21,633,471",5.10%,"$581,548",0.02688186283
Michigan,3/1/2022,"$477,967,947","$32,445,133",6.80%,"$1,466,772",0.0452077666
Michigan,4/1/2022,"$396,009,819","$32,630,491",8.20%,"$1,696,097",0.05197889912
Michigan,5/1/2022,"$356,130,390","$35,920,231",10.10%,"$1,992,223",0.05546242172
Michigan,6/1/2022,"$292,389,429","$15,826,610",5.40%,"$569,834",0.03600480457
Michigan,7/1/2022,"$224,966,256","$22,874,582",10.20%,"$1,307,287",0.05715020279
Michigan,8/1/2022,"$229,797,476","$25,654,849",11.20%,"$1,490,223",0.05808738145
Michigan,9/1/2022,"$383,102,602","$50,442,748",13.20%,"$2,601,351",0.05157036647
Michigan,10/1/2022,"$504,336,507","$51,362,299",10.20%,"$2,972,271",0.05786872975
Michigan,11/1/2022,"$498,118,043","$42,758,230",8.60%,"$2,494,635",0.05834280325
Michigan,12/1/2022,"$494,820,409","$50,450,735",10.20%,"$2,827,280",0.05604041249
Michigan,1/1/2023,"$490,904,822","$33,785,629",6.90%,"$1,727,227",0.05112312694
Michigan,2/1/2023,"$357,161,200","$23,134,728",6.50%,"$959,332",0.04146718302
Michigan,3/1/2023,"$421,666,037","$46,016,812",10.90%,"$2,900,149",0.06302368361
Michigan,4/1/2023,"$338,127,853","$36,275,215",10.70%,"$2,403,415",0.06625501737
Michigan,5/1/2023,"$305,275,755","$36,125,966",11.80%,"$2,152,149",0.0595734658
Michigan,6/1/2023,"$235,996,767","$17,928,415",7.60%,"$858,495",0.04788460106
Michigan,7/1/2023,"$208,808,123","$22,985,461",11.00%,"$1,529,187",0.06652844596
Michigan,8/1/2023,"$228,495,763","$23,480,419",10.30%,"$1,472,826",0.06272571201
Michigan,9/1/2023,"$475,772,391","$45,606,094",9.60%,"$1,853,777",0.04064757223
Michigan,10/1/2023,"$551,127,024","$46,135,708",8.40%,"$2,537,783",0.05500691568
Michigan,11/1/2023,"$584,142,443","$37,043,266",6.30%,"$1,180,415",0.03186584574
Michigan,12/1/2023,"$613,425,699","$65,920,318",10.70%,"$4,021,700",0.06100850424
Michigan,1/1/2024,"$601,585,142","$48,197,778",8.00%,"$2,026,498",0.04204546525
Michigan,2/1/2024,"$415,816,758","$30,361,417",7.30%,"$1,289,879",0.0424841502
Michigan,3/1/2024,"$497,622,752","$43,534,858",8.70%,"$2,466,112",0.05664683689
Michigan,4/1/2024,"$414,426,339","$43,437,160",10.50%,"$2,616,238",0.06023041101
Michigan,5/1/2024,"$354,836,011","$42,766,351",12.10%,"$2,597,165",0.06072917
Michigan,6/1/2024,"$285,170,266","$31,802,442",11.20%,"$1,598,793",0.05027264887
Michigan,7/1/2024,"$256,764,457","$29,041,633",11.30%,"$1,449,451",0.04990941797
Michigan,8/1/2024,"$289,680,651","$29,053,190",10.00%,"$1,303,865",0.04487854862
Michigan,9/1/2024,"$523,776,650","$59,216,535",11.30%,"$2,029,809",0.03427774016
Michigan,10/1/2024,"$582,611,718","$32,209,323",5.50%,"$907,667",0.028180257
Michigan,11/1/2024,"$671,219,907","$60,207,253",9.00%,"$2,673,011",0.04439682707
Michigan,12/1/2024,"$617,500,845","$20,486,082",3.30%,"$250,497",0.01222766755
Michigan,1/1/2025,"$574,628,174","$85,560,634",14.90%,"$4,344,539",0.05077731191
Michigan,2/1/2025,"$388,079,420","$46,811,512",12.10%,"$2,235,236",0.04774970738
Michigan,3/1/2025,"$487,163,311","$33,549,825",6.90%,"$1,204,008",0.03588716186
Michigan,4/1/2025,"$426,993,695","$42,958,991",10.10%,"$1,958,998",0.04560158315
Michigan,5/1/2025,"$395,296,514","$51,245,146",13.00%,"$2,758,483",0.05382915681
Michigan,6/1/2025,"$309,922,493","$45,289,962",14.60%,"$2,401,925",0.05303437879
Michigan,7/1/2025,"$288,488,356","$35,116,688",12.20%,"$1,848,982",0.05265251666
Mississippi,8/1/2018,"$7,696,051","$645,057",8.40%,"$77,407",0.120000248
Mississippi,9/1/2018,"$31,770,270","$5,503,793",17.30%,"$660,455",0.1199999709
Mississippi,10/1/2018,"$32,837,334","$1,178,343",3.60%,"$141,401",0.1199998642
Mississippi,11/1/2018,"$44,499,883","$1,674,250",3.80%,"$200,910",0.12
Mississippi,12/1/2018,"$41,762,048","$6,174,224",14.80%,"$740,907",0.1200000194
Mississippi,1/1/2019,"$35,190,774","$2,793,238",7.90%,"$335,189",0.1200001575
Mississippi,2/1/2019,"$25,148,135","$2,756,439",11.00%,"$330,773",0.1200001161
Mississippi,3/1/2019,"$32,421,264","$4,898,726",15.10%,"$587,847",0.1199999755
Mississippi,4/1/2019,"$19,188,763","$2,057,834",10.70%,"$246,940",0.1199999611
Mississippi,5/1/2019,"$17,438,288","$1,191,967",6.80%,"$143,036",0.1199999664
Mississippi,6/1/2019,"$15,190,666","$1,625,113",10.70%,"$195,014",0.1200002708
Mississippi,7/1/2019,"$13,383,383","$1,053,776",7.90%,"$126,453",0.1199998861
Mississippi,8/1/2019,"$19,876,370","$2,884,348",14.50%,"$346,122",0.1200000832
Mississippi,9/1/2019,"$37,870,989","$5,631,583",14.90%,"$675,790",0.1200000071
Mississippi,10/1/2019,"$48,019,481","$12,295,357",25.60%,"$1,475,443",0.120000013
Mississippi,11/1/2019,"$56,369,036","$3,784,071",6.70%,"$454,088",0.1199998626
Mississippi,12/1/2019,"$49,076,433","$3,478,919",7.10%,"$417,470",0.1199999195
Mississippi,1/1/2020,"$45,190,371","$4,637,967",10.30%,"$556,556",0.1199999914
Mississippi,2/1/2020,"$34,462,822","$2,105,780",6.10%,"$252,694",0.12000019
Mississippi,3/1/2020,"$10,749,403","$648,647",6.00%,"$77,838",0.120000555
Mississippi,4/1/2020,$0,$0,,$0,#DIV/0!
Mississippi,5/1/2020,"$236,503","$87,697",37.10%,"$10,524",0.120004105
Mississippi,6/1/2020,"$1,575,859","-$62,231",-3.90%,"-$7,468",0.1200044994
Mississippi,7/1/2020,"$7,916,665","$1,335,763",16.90%,"$160,292",0.1200003294
Mississippi,8/1/2020,"$40,489,135","$3,748,732",9.30%,"$449,848",0.1200000427
Mississippi,9/1/2020,"$52,220,289","$6,598,931",12.60%,"$791,872",0.1200000424
Mississippi,10/1/2020,"$61,192,425","$8,769,600",14.30%,"$1,052,352",0.12
Mississippi,11/1/2020,"$54,443,370","$8,108,102",14.90%,"$972,972",0.1199999704
Mississippi,12/1/2020,"$55,298,807","$7,762,542",14.00%,"$931,505",0.1199999948
Mississippi,1/1/2021,"$67,707,628","$9,114,483",13.50%,"$1,093,738",0.1200000044
Mississippi,2/1/2021,"$47,807,574","$4,606,840",9.60%,"$552,821",0.1200000434
Mississippi,3/1/2021,"$50,546,886","$5,237,031",10.40%,"$628,444",0.1200000535
Mississippi,4/1/2021,"$32,917,836","$4,300,968",13.10%,"$516,116",0.1199999628
Mississippi,5/1/2021,"$36,125,896","$3,888,299",10.80%,"$466,596",0.1200000309
Mississippi,6/1/2021,"$43,099,180","$3,194,317",7.40%,"$383,318",0.1199999875
Mississippi,7/1/2021,"$30,659,426","$2,887,695",9.40%,"$346,523",0.1199998615
Mississippi,8/1/2021,"$21,436,948","$1,886,405",8.80%,"$226,369",0.120000212
Mississippi,9/1/2021,"$54,835,753","$8,846,121",16.10%,"$1,061,535",0.1200000543
Mississippi,10/1/2021,"$83,527,015","$9,146,353",11.00%,"$1,097,562",0.1199999606
Mississippi,11/1/2021,"$60,582,141","$9,520,846",15.70%,"$1,142,502",0.1200000504
Mississippi,12/1/2021,"$56,839,743","$3,238,730",5.70%,"$388,648",0.1200001235
Mississippi,1/1/2022,"$66,523,295","$6,521,389",9.80%,"$782,567",0.1200000491
Mississippi,2/1/2022,"$40,871,618","$1,887,995",4.60%,"$226,559",0.1199997881
Mississippi,3/1/2022,"$47,523,073","$3,965,723",8.30%,"$475,887",0.1200000605
Mississippi,4/1/2022,"$35,503,585","$4,209,290",11.90%,"$505,115",0.1200000475
Mississippi,5/1/2022,"$29,233,786","$4,006,359",13.70%,"$480,763",0.11999998
Mississippi,6/1/2022,"$25,096,238","$2,082,091",8.30%,"$249,851",0.1200000384
Mississippi,7/1/2022,"$18,296,341","$2,527,212",13.80%,"$303,265",0.1199998259
Mississippi,8/1/2022,"$21,234,898","$2,687,465",12.70%,"$322,496",0.1200000744
Mississippi,9/1/2022,"$43,139,311","$8,779,943",20.40%,"$1,053,593",0.1199999818
Mississippi,10/1/2022,"$56,199,189","$7,687,183",13.70%,"$922,462",0.1200000052
Mississippi,11/1/2022,"$73,605,361","$5,087,585",6.90%,"$610,510",0.1199999607
Mississippi,12/1/2022,"$74,358,933","$11,297,381",15.20%,"$1,355,686",0.1200000248
Mississippi,1/1/2023,"$57,223,251","$5,117,380",8.90%,"$614,086",0.1200000782
Mississippi,2/1/2023,"$39,807,504","$3,143,541",7.90%,"$377,225",0.1200000254
Mississippi,3/1/2023,"$46,689,392","$4,953,171",10.60%,"$594,381",0.1200000969
Mississippi,4/1/2023,"$31,805,004","$4,347,138",13.70%,"$521,657",0.1200001012
Mississippi,5/1/2023,"$26,761,691","$3,180,953",11.90%,"$381,714",0.1199998868
Mississippi,6/1/2023,"$20,414,902","$1,848,676",9.10%,"$221,841",0.1199999351
Mississippi,7/1/2023,"$17,728,739","$2,463,671",13.90%,"$295,641",0.1200001948
Mississippi,8/1/2023,"$21,392,231","$2,691,244",12.60%,"$322,949",0.119999896
Mississippi,9/1/2023,"$51,647,915","$8,144,028",15.80%,"$977,283",0.1199999558
Mississippi,10/1/2023,"$49,503,679","$7,344,506",14.80%,"$881,341",0.1200000381
Mississippi,11/1/2023,"$62,412,735","$3,103,061",5.00%,"$372,367",0.1199998969
Mississippi,12/1/2023,"$48,888,089","$4,886,771",10.00%,"$586,413",0.1200000982
Mississippi,1/1/2024,"$57,223,251","$5,117,380",8.90%,"$614,086",0.1200000782
Mississippi,2/1/2024,"$31,374,402","$2,297,096",7.30%,"$275,652",0.120000209
Mississippi,3/1/2024,"$44,536,548","$3,362,903",7.60%,"$403,548",0.1199998929
Mississippi,4/1/2024,"$34,259,933","$3,123,104",9.10%,"$374,772",0.1199998463
Mississippi,5/1/2024,"$27,005,663","$2,058,986",7.60%,"$247,078",0.1199998446
Mississippi,6/1/2024,"$19,373,328","$1,942,407",10.00%,"$233,089",0.1200000824
Mississippi,7/1/2024,"$13,919,354","$1,876,206",13.50%,"$225,145",0.1200001492
Mississippi,8/1/2024,"$22,634,557","$3,184,653",14.10%,"$382,158",0.119999887
Mississippi,9/1/2024,"$51,767,998","$7,043,852",13.60%,"$845,262",0.1199999659
Mississippi,10/1/2024,"$48,581,329","$2,864,365",5.90%,"$343,724",0.1200000698
Mississippi,11/1/2024,"$57,887,406","$8,048,596",13.90%,"$965,832",0.1200000596
Mississippi,12/1/2024,"$56,437,278","-$871,100",-1.50%,"-$104,532",0.12
Mississippi,1/1/2025,"$42,524,280","$5,083,475",12.00%,"$610,017",0.12
Mississippi,2/1/2025,"$30,544,101","$1,294,775",4.20%,"$155,373",0.12
Mississippi,3/1/2025,"$34,455,293","$1,910,770",5.50%,"$229,292",0.1199997907
Mississippi,4/1/2025,"$24,940,446","$3,689,186",14.80%,"$442,702",0.1199999133
Mississippi,5/1/2025,"$22,587,837","$3,412,048",15.10%,"$409,446",0.1200000703
Mississippi,6/1/2025,"$18,173,188","$2,745,322",15.10%,"$329,439",0.1200001311
Montana,3/1/2020,"$8,051","$3,130",38.90%,"$1,395",0.445686901
Montana,4/1/2020,$434,-$289,-66.60%,-$199,0.6885813149
Montana,5/1/2020,"$113,283","$30,502",26.90%,"$11,504",0.3771555964
Montana,6/1/2020,"$346,600","$68,714",19.80%,"$20,433",0.2973629828
Montana,7/1/2020,"$1,554,924","$170,766",11.00%,"$9,164",0.05366407833
Montana,8/1/2020,"$2,606,465","$240,986",9.20%,"-$11,797",-0.04895305121
Montana,9/1/2020,"$2,452,736","$303,394",12.40%,"$34,872",0.1149396494
Montana,10/1/2020,"$2,935,271","$491,142",16.70%,"$118,569",0.2414149065
Montana,11/1/2020,"$3,184,529","$465,183",14.60%,"$88,038",0.1892545514
Montana,12/1/2020,"$5,568,187","$594,935",10.70%,"$22,870",0.03844117425
Montana,1/1/2021,"$5,142,569","$486,975",9.50%,"-$16,369",-0.0336136352
Montana,2/1/2021,"$3,863,473","$309,201",8.00%,"-$46,288",-0.1497019738
Montana,3/1/2021,"$4,411,507","$652,401",14.80%,"$126,750",0.1942823509
Montana,4/1/2021,"$3,253,865","$501,413",15.40%,"$105,616",0.2106367406
Montana,5/1/2021,"$3,981,680","$496,740",12.50%,"$59,143",0.1190622861
Montana,6/1/2021,"$3,700,999","$385,441",10.40%,"$9,205",0.02388173547
Montana,7/1/2021,"$2,629,806","$446,624",17.00%,"$110,186",0.2467086408
Montana,8/1/2021,"$3,349,655","$475,519",14.20%,"$84,332",0.1773472774
Montana,9/1/2021,"$3,023,972","$561,587",18.60%,"$155,514",0.2769188033
Montana,10/1/2021,"$4,404,020","$568,817",12.90%,"$77,049",0.1354548124
Montana,11/1/2021,"$4,531,859","$879,240",19.40%,"$255,632",0.2907420045
Montana,12/1/2021,"$4,922,327","$642,265",13.00%,"$90,020",0.1401602142
Montana,1/1/2022,"$5,117,844","$669,464",13.10%,"$94,608",0.1413190254
Montana,2/1/2022,"$3,631,705","$705,841",19.40%,"$205,602",0.2912865645
Montana,3/1/2022,"$3,981,218","$671,606",16.90%,"$164,091",0.2443262865
Montana,4/1/2022,"$3,243,425","$389,693",12.00%,"$39,210",0.1006176657
Montana,5/1/2022,"$3,236,702","$382,130",11.80%,"$35,076",0.09179075184
Montana,6/1/2022,"$2,911,455","$274,694",9.40%,"-$9,871",-0.03593453079
Montana,7/1/2022,"$2,560,000","$274,000",10.70%,"$10,800",0.03941605839
Montana,8/1/2022,"$2,975,100","$440,591",14.80%,"$85,849",0.1948496451
Montana,9/1/2022,"$4,940,321","$975,542",19.70%,"$288,906",0.2961492176
Montana,10/1/2022,"$5,319,627","$681,222",12.80%,"$89,556",0.1314637519
Montana,11/1/2022,"$5,782,523","$777,488",13.40%,"$119,541",0.1537528553
Montana,12/1/2022,"$7,218,595","$931,178",12.90%,"$125,591",0.1348732466
Montana,1/1/2023,"$7,139,581","$979,495",13.70%,"$159,322",0.1626572877
Montana,2/1/2023,"$4,366,807","$560,668",12.80%,"$74,392",0.1326845834
Montana,3/1/2023,"$5,784,045","$925,542",16.00%,"$208,283",0.2250389502
Montana,4/1/2023,"$5,201,964","$633,005",12.20%,"$67,685",0.1069264856
Montana,5/1/2023,"$4,457,829","$666,686",15.00%,"$132,542",0.1988072346
Montana,6/1/2023,"$3,353,974","$282,263",8.40%,"-$31,881",-0.1129478536
Montana,7/1/2023,"$2,587,209","$560,046",21.60%,"$180,795",0.3228216968
Montana,8/1/2023,"$3,221,337","$337,442",10.50%,"$9,185",0.02721949254
Montana,9/1/2023,"$6,204,965","$676,451",10.90%,"$33,573",0.04963108932
Montana,10/1/2023,"$6,787,517","$1,102,195",16.20%,"$254,066",0.2305091204
Montana,11/1/2023,"$6,996,429","$717,423",10.30%,"$10,668",0.01486988848
Montana,12/1/2023,"$6,157,163","$1,005,395",16.30%,"$233,807",0.2325523799
Montana,1/1/2024,"$5,863,499","$852,106",14.50%,"$159,454",0.1871293008
Montana,2/1/2024,"$4,702,532","$253,229",5.40%,"-$130,215",-0.5142183557
Montana,3/1/2024,"$6,588,001","$500,562",7.60%,"-$94,943",-0.1896728078
Montana,4/1/2024,"$5,486,090","$644,653",11.80%,"$57,626",0.08939072648
Montana,5/1/2024,"$4,865,206","$599,685",12.30%,"$67,899",0.1132244428
Montana,6/1/2024,"$3,880,623","$427,612",11.00%,"$23,730",0.05549423309
Montana,7/1/2024,"$2,947,631","$567,829",19.30%,"$163,840",0.2885375703
Montana,8/1/2024,"$3,782,754","$717,347",19.00%,"$203,443",0.2836047269
Montana,9/1/2024,"$6,779,010","$893,171",13.20%,"$129,162",0.1446106065
Montana,10/1/2024,"$7,590,963","-$26,939",-0.40%,"-$471,621",17.50699729
Montana,11/1/2024,"$7,427,896","$1,593,724",21.50%,"$510,561",0.3203572262
Montana,12/1/2024,"$6,555,798","$110,041",1.70%,"-$327,323",-2.974554939
Montana,1/1/2025,"$5,750,903","$1,289,382",22.40%,"$428,575",0.3323879192
Montana,2/1/2025,"$3,743,226","$185,247",4.90%,"-$113,445",-0.6123985814
Montana,3/1/2025,"$6,200,120","$685,026",11.00%,"$39,008",0.05694382403
Montana,4/1/2025,"$6,207,185","$759,848",12.20%,"$83,478",0.109861446
Montana,5/1/2025,"$4,981,328","$763,059",15.30%,"$158,956",0.2083141671
Montana,6/1/2025,"$3,957,691","$1,023,494",25.90%,"$376,635",0.3679894557
Nebraska,6/1/2023,"$5,081",-$508,-10.00%,$0,0
Nebraska,7/1/2023,"$821,132","$82,113",10.00%,"$16,423",0.2000048713
Nebraska,8/1/2023,"$1,056,513","$105,651",10.00%,"$21,130",0.199998107
Nebraska,9/1/2023,"$2,476,070","$247,606",10.00%,"$49,521",0.1999991923
Nebraska,10/1/2023,"$3,851,746","$385,175",10.00%,"$77,035",0.2
Nebraska,11/1/2023,"$3,251,008","$325,100",10.00%,"$65,018",0.199993848
Nebraska,12/1/2023,"$6,338,108","$633,811",10.00%,"$126,761",0.1999981067
Nebraska,1/1/2024,"$5,269,600","$410,236",7.80%,"$93,720",0.2284538656
Nebraska,2/1/2024,"$2,633,123","$133,106",5.10%,"$39,643",0.2978303007
Nebraska,3/1/2024,"$4,524,623","$449,533",9.90%,"$90,200",0.2006526773
Nebraska,4/1/2024,"$3,772,023","$377,203",10.00%,"$75,441",0.2000010604
Nebraska,5/1/2024,"$3,405,146","$340,515",10.00%,"$68,102",0.1999970633
Nebraska,6/1/2024,"$3,185,329","$318,533",10.00%,"$63,707",0.2000012558
Nebraska,7/1/2024,"$2,480,300","$248,030",10.00%,"$49,607",0.2000040318
Nebraska,8/1/2024,"$2,123,480","$175,009",8.20%,"$38,736",0.2213371884
Nebraska,9/1/2024,"$6,977,686","$697,769",10.00%,"$139,554",0.2000002866
Nebraska,10/1/2024,"$4,838,033","$483,803",10.00%,"$96,761",0.2000008268
Nebraska,11/1/2024,"$12,055,153","$1,205,515",10.00%,"$241,103",0.2
Nebraska,12/1/2024,"$1,713,347","-$125,209",-7.30%,"$4,612",-0.03683441286
Nebraska,1/1/2025,"$8,570,534","$857,053",10.00%,"$171,410",0.1999992999
Nebraska,2/1/2025,"$6,060,582","$606,058",10.00%,"$121,212",0.20000066
Nebraska,3/1/2025,"$3,157,366","$315,736",10.00%,"$63,148",0.2000025338
Nebraska,4/1/2025,"$4,962,077","$496,208",10.00%,"$99,241",0.1999987908
Nebraska,5/1/2025,"$8,019,784","$801,979",10.00%,"$160,396",0.2000002494
Nebraska,6/1/2025,"$6,670,320","$667,033",10.00%,"$133,407",0.2000005997
Nevada,6/1/2018,"$286,282,315","$20,172,000",7.00%,"$1,361,610",0.0675
Nevada,7/1/2018,"$245,109,818","$4,061,000",1.70%,"$274,118",0.06750012312
Nevada,8/1/2018,"$247,622,046","$12,603,000",5.10%,"$850,703",0.06750003967
Nevada,9/1/2018,"$571,371,045","$56,304,000",9.90%,"$3,800,520",0.0675
Nevada,10/1/2018,"$528,086,065","$29,547,000",5.60%,"$1,994,423",0.06750001692
Nevada,11/1/2018,"$580,693,817","$27,136,000",4.70%,"$1,831,680",0.0675
Nevada,12/1/2018,"$562,133,600","$44,106,000",7.80%,"$2,977,155",0.0675
Nevada,1/1/2019,"$496,689,151","$14,626,000",2.90%,"$987,255",0.0675
Nevada,2/1/2019,"$458,498,365","$35,816,000",7.80%,"$2,417,580",0.0675
Nevada,3/1/2019,"$597,045,387","$32,523,000",5.40%,"$2,195,303",0.06750001537
Nevada,4/1/2019,"$328,025,447","$21,656,000",6.60%,"$1,461,780",0.0675
Nevada,5/1/2019,"$317,511,432","$11,267,000",3.50%,"$760,523",0.06750004438
Nevada,6/1/2019,"$322,050,433","$16,588,000",5.20%,"$1,119,690",0.0675
Nevada,7/1/2019,"$235,961,371","$10,534,000",4.50%,"$711,045",0.0675
Nevada,8/1/2019,"$287,811,624","$18,733,000",6.50%,"$1,264,478",0.06750002669
Nevada,9/1/2019,"$546,193,707","$52,069,000",9.50%,"$3,514,658",0.0675000096
Nevada,10/1/2019,"$543,922,446","$47,886,000",8.80%,"$3,232,305",0.0675
Nevada,11/1/2019,"$614,070,720","$31,012,000",5.10%,"$2,093,310",0.0675
Nevada,12/1/2019,"$571,142,557","$36,327,000",6.40%,"$2,452,073",0.06750001376
Nevada,1/1/2020,"$502,279,982","$20,152,000",4.00%,"$1,360,260",0.0675
Nevada,2/1/2020,"$491,705,606","$38,064,000",7.70%,"$2,569,320",0.0675
Nevada,3/1/2020,"$141,108,201","$1,455,000",1.00%,"$98,213",0.06750034364
Nevada,4/1/2020,"$28,131,869","$1,334,500",4.70%,"$90,079",0.06750018734
Nevada,5/1/2020,"$28,131,869","$1,334,500",4.70%,"$90,079",0.06750018734
Nevada,6/1/2020,"$78,152,387","-$483,000",-0.60%,"-$32,602",0.0674989648
Nevada,7/1/2020,"$163,552,030","$6,295,000",3.80%,"$424,913",0.06750007943
Nevada,8/1/2020,"$474,948,414","$16,985,000",3.60%,"$1,146,488",0.06750002944
Nevada,9/1/2020,"$575,144,025","$32,895,000",5.70%,"$2,220,413",0.0675000152
Nevada,10/1/2020,"$659,899,331","$42,388,000",6.40%,"$2,861,190",0.0675
Nevada,11/1/2020,"$609,376,849","$61,807,000",10.10%,"$4,171,973",0.06750000809
Nevada,12/1/2020,"$587,056,304","$40,573,000",6.90%,"$2,738,678",0.06750001232
Nevada,1/1/2021,"$646,491,632","$52,381,000",8.10%,"$3,535,718",0.06750000955
Nevada,2/1/2021,"$554,058,173","$31,846,000",5.70%,"$2,149,605",0.0675
Nevada,3/1/2021,"$640,984,932","$39,346,000",6.10%,"$2,655,855",0.0675
Nevada,4/1/2021,"$458,251,710","$27,210,000",5.90%,"$1,836,675",0.0675
Nevada,5/1/2021,"$477,191,062","$27,079,000",5.70%,"$1,827,833",0.06750001846
Nevada,6/1/2021,"$545,367,518","$29,186,000",5.40%,"$1,970,055",0.0675
Nevada,7/1/2021,"$409,659,756","$33,278,000",8.10%,"$2,246,265",0.0675
Nevada,8/1/2021,"$427,425,369","$14,342,000",3.40%,"$968,085",0.0675
Nevada,9/1/2021,"$786,508,562","$54,205,000",6.90%,"$3,658,838",0.06750000922
Nevada,10/1/2021,"$1,100,712,575","$48,312,000",4.40%,"$3,261,060",0.0675
Nevada,11/1/2021,"$1,086,010,454","$71,971,000",6.60%,"$4,858,043",0.06750000695
Nevada,12/1/2021,"$1,014,986,618","$15,960,000",1.60%,"$1,077,300",0.0675
Nevada,1/1/2022,"$1,034,818,801","$49,997,000",4.80%,"$3,374,798",0.06750001
Nevada,2/1/2022,"$780,768,853","$30,920,000",4.00%,"$2,087,100",0.0675
Nevada,3/1/2022,"$863,283,921","$36,926,000",4.30%,"$2,492,505",0.0675
Nevada,4/1/2022,"$582,529,725","$25,368,000",4.40%,"$1,712,340",0.0675
Nevada,5/1/2022,"$562,000,848","$26,999,000",4.80%,"$1,822,433",0.06750001852
Nevada,6/1/2022,"$490,558,644","$23,835,000",4.90%,"$1,608,863",0.06750002098
Nevada,7/1/2022,"$419,372,311","$18,591,000",4.40%,"$1,254,893",0.06750002689
Nevada,8/1/2022,"$408,935,554","$16,072,000",3.90%,"$1,084,860",0.0675
Nevada,9/1/2022,"$760,891,578","$70,629,000",9.30%,"$4,767,458",0.06750000708
Nevada,10/1/2022,"$920,931,244","$56,859,000",6.20%,"$3,837,983",0.06750000879
Nevada,11/1/2022,"$929,046,456","$37,671,000",4.10%,"$2,542,793",0.06750001327
Nevada,12/1/2022,"$880,380,248","$55,204,000",6.30%,"$3,726,270",0.0675
Nevada,1/1/2023,"$935,792,553","$50,440,000",5.40%,"$3,404,700",0.0675
Nevada,2/1/2023,"$659,079,542","$41,277,000",6.30%,"$2,786,198",0.06750001211
Nevada,3/1/2023,"$829,842,964","$43,851,000",5.30%,"$2,959,943",0.0675000114
Nevada,4/1/2023,"$598,010,327","$32,415,000",5.40%,"$2,188,013",0.06750001542
Nevada,5/1/2023,"$527,205,770","$30,064,000",5.70%,"$2,029,320",0.0675
Nevada,6/1/2023,"$479,039,381","$9,503,000",2.00%,"$641,453",0.06750005261
Nevada,7/1/2023,"$408,261,712","$25,256,000",6.20%,"$1,704,780",0.0675
Nevada,8/1/2023,"$431,597,004","$18,101,000",4.20%,"$1,221,818",0.06750002762
Nevada,9/1/2023,"$811,353,568","$62,297,000",7.70%,"$4,205,048",0.06750000803
Nevada,10/1/2023,"$815,650,207","$68,111,000",8.40%,"$4,597,493",0.06750000734
Nevada,11/1/2023,"$921,619,677","$40,992,000",4.40%,"$2,766,960",0.0675
Nevada,12/1/2023,"$843,985,180","$59,090,000",7.00%,"$3,988,575",0.0675
Nevada,1/1/2024,"$782,980,978","$64,739,000",8.30%,"$4,369,883",0.06750000772
Nevada,2/1/2024,"$712,628,161","$47,910,000",6.70%,"$3,233,925",0.0675
Nevada,3/1/2024,"$784,568,642","$29,762,000",3.80%,"$2,008,935",0.0675
Nevada,4/1/2024,"$569,327,626","$30,792,000",5.40%,"$2,078,460",0.0675
Nevada,5/1/2024,"$515,290,019","$36,027,000",7.00%,"$2,431,823",0.06750001388
Nevada,6/1/2024,"$481,245,342","$29,809,000",6.20%,"$2,012,108",0.06750001677
Nevada,7/1/2024,"$376,042,234","$25,787,000",6.90%,"$1,740,623",0.06750001939
Nevada,8/1/2024,"$455,229,623","$25,025,000",5.50%,"$1,689,188",0.06750001998
Nevada,9/1/2024,"$764,493,654","$80,856,000",10.60%,"$5,457,780",0.0675
Nevada,10/1/2024,"$794,909,724","$28,930,000",3.60%,"$1,952,775",0.0675
Nevada,11/1/2024,"$837,874,812","$67,529,000",8.10%,"$4,558,208",0.0675000074
Nevada,12/1/2024,"$823,644,619","$14,954,000",1.80%,"$1,009,395",0.0675
Nevada,1/1/2025,"$796,959,784","$72,594,000",9.10%,"$4,900,095",0.0675
Nevada,2/1/2025,"$604,311,147","$41,307,000",6.80%,"$2,788,223",0.0675000121
Nevada,3/1/2025,"$860,915,341","$22,259,000",2.60%,"$1,502,483",0.06750002246
Nevada,4/1/2025,"$618,836,044","$42,571,000",6.90%,"$2,873,543",0.06750001175
Nevada,5/1/2025,"$576,812,852","$46,716,000",8.10%,"$3,153,330",0.0675
Nevada,6/1/2025,"$496,609,335","$42,059,000",8.50%,"$2,838,983",0.06750001189
New Hampshire,12/1/2019,"$360,726","$44,759",12.40%,"$19,403",0.4334994079
New Hampshire,1/1/2020,"$16,834,974","$1,643,793",9.80%,"$719,909",0.4379559957
New Hampshire,2/1/2020,"$22,130,928","$1,359,395",6.10%,"$598,884",0.4405518631
New Hampshire,3/1/2020,"$8,768,769","$818,605",9.30%,"$393,834",0.4811038291
New Hampshire,4/1/2020,"$3,774,668","$262,393",7.00%,"$126,090",0.4805387339
New Hampshire,5/1/2020,"$7,180,450","$424,947",5.90%,"$187,743",0.4418033308
New Hampshire,6/1/2020,"$8,138,772","$691,103",8.50%,"$319,833",0.4627862996
New Hampshire,7/1/2020,"$11,623,208","$1,268,688",10.90%,"$602,156",0.474628908
New Hampshire,8/1/2020,"$27,496,050","$1,367,516",5.00%,"$607,909",0.4445352011
New Hampshire,9/1/2020,"$41,373,620","$2,290,364",5.50%,"$990,884",0.432631669
New Hampshire,10/1/2020,"$47,055,486","$4,203,875",8.90%,"$2,001,597",0.4761314264
New Hampshire,11/1/2020,"$46,523,447","$4,770,459",10.30%,"$2,323,843",0.487131951
New Hampshire,12/1/2020,"$51,649,897","$4,537,653",8.80%,"$2,137,406",0.471037781
New Hampshire,1/1/2021,"$59,795,433","$4,197,029",7.00%,"$1,886,506",0.4494860531
New Hampshire,2/1/2021,"$50,995,349","$1,787,930",3.50%,"$769,387",0.4303227755
New Hampshire,3/1/2021,"$55,800,096","$4,254,732",7.60%,"$1,925,260",0.4524985357
New Hampshire,4/1/2021,"$46,700,713","$3,302,340",7.10%,"$1,480,847",0.4484235421
New Hampshire,5/1/2021,"$42,367,380","$3,115,230",7.40%,"$1,433,622",0.4601978024
New Hampshire,6/1/2021,"$39,268,179","$3,869,773",9.90%,"$1,797,118",0.4643988162
New Hampshire,7/1/2021,"$36,724,166","$3,062,545",8.30%,"$1,468,578",0.4795286273
New Hampshire,8/1/2021,"$36,319,740","$1,594,235",4.40%,"$723,016",0.453519086
New Hampshire,9/1/2021,"$68,123,241","$4,420,924",6.50%,"$1,887,441",0.4269336003
New Hampshire,10/1/2021,"$98,191,306","$5,409,196",5.50%,"$2,560,651",0.4733884666
New Hampshire,11/1/2021,"$83,168,805","$6,172,580",7.40%,"$2,926,238",0.4740704859
New Hampshire,12/1/2021,"$86,444,639","$2,641,046",3.10%,"$1,140,937",0.4320019417
New Hampshire,1/1/2022,"$99,540,825","$8,029,427",8.10%,"$3,875,782",0.4826972087
New Hampshire,2/1/2022,"$70,866,282","$1,019,098",1.40%,"$458,353",0.4497634182
New Hampshire,3/1/2022,"$78,811,441","$5,283,248",6.70%,"$2,506,863",0.4744927741
New Hampshire,4/1/2022,"$73,149,079","$3,436,446",4.70%,"$1,514,431",0.4406968711
New Hampshire,5/1/2022,"$76,199,157","$5,720,931",7.50%,"$2,637,599",0.4610436658
New Hampshire,6/1/2022,"$53,567,757","$4,819,197",9.00%,"$2,216,742",0.459981611
New Hampshire,7/1/2022,"$42,653,152","$4,476,145",10.50%,"$2,115,043",0.4725144069
New Hampshire,8/1/2022,"$43,372,007","$4,199,240",9.70%,"$1,927,109",0.4589185186
New Hampshire,9/1/2022,"$78,237,751","$7,358,206",9.40%,"$3,249,389",0.4416007108
New Hampshire,10/1/2022,"$91,345,018","$9,078,684",9.90%,"$4,482,595",0.4937494245
New Hampshire,11/1/2022,"$93,090,530","$4,963,601",5.30%,"$2,176,120",0.4384155777
New Hampshire,12/1/2022,"$90,894,581","$8,330,161",9.20%,"$3,809,372",0.4572987245
New Hampshire,1/1/2023,"$97,163,182","$12,564,448",12.90%,"$5,715,688",0.4549095989
New Hampshire,2/1/2023,"$86,999,460","$7,112,918",8.20%,"$3,238,963",0.4553634669
New Hampshire,3/1/2023,"$103,390,747","$4,828,031",4.70%,"$2,126,879",0.4405272046
New Hampshire,4/1/2023,"$65,083,883","$6,670,481",10.20%,"$2,997,574",0.4493789878
New Hampshire,5/1/2023,"$52,137,614","$7,042,469",13.50%,"$3,078,160",0.4370853461
New Hampshire,6/1/2023,"$39,307,739","$4,372,429",11.10%,"$1,944,484",0.4447148256
New Hampshire,7/1/2023,"$36,929,342","$3,511,866",9.50%,"$1,551,250",0.4417167398
New Hampshire,8/1/2023,"$38,765,940","$3,344,211",8.60%,"$1,454,175",0.4348335078
New Hampshire,9/1/2023,"$66,848,811","$6,178,362",9.20%,"$2,687,999",0.4350666083
New Hampshire,10/1/2023,"$77,838,540","$8,781,951",11.30%,"$3,806,755",0.4334748622
New Hampshire,11/1/2023,"$78,491,464","$8,228,924",10.50%,"$3,593,339",0.4366717933
New Hampshire,12/1/2023,"$78,750,681","$7,652,564",9.70%,"$3,377,024",0.4412931404
New Hampshire,1/1/2024,"$73,301,559","$9,820,633",13.40%,"$4,452,042",0.4533355436
New Hampshire,2/1/2024,"$62,274,731","$6,585,297",10.60%,"$2,864,800",0.4350297337
New Hampshire,3/1/2024,"$72,597,059","$5,585,067",7.70%,"$2,431,041",0.4352751722
New Hampshire,4/1/2024,"$59,854,282","$5,331,763",8.90%,"$2,306,465",0.4325895581
New Hampshire,5/1/2024,"$58,030,362","$6,516,847",11.20%,"$2,835,815",0.4351513853
New Hampshire,6/1/2024,"$49,390,844","$5,277,087",10.70%,"$2,294,205",0.4347483754
New Hampshire,7/1/2024,"$48,323,804","$3,530,238",7.30%,"$1,533,618",0.4344234015
New Hampshire,8/1/2024,"$49,374,544","$3,382,540",6.90%,"$1,705,782",0.5042902671
New Hampshire,9/1/2024,"$72,763,323","$9,259,141",12.70%,"$3,998,068",0.4317968589
New Hampshire,10/1/2024,"$79,350,927","$5,867,086",7.40%,"$2,550,018",0.4346310928
New Hampshire,11/1/2024,"$87,260,891","$10,477,103",12.00%,"$4,633,499",0.4422500189
New Hampshire,12/1/2024,"$80,860,363","$7,435,524",9.20%,"$3,250,223",0.4371209077
New Hampshire,1/1/2025,"$78,945,312","$11,139,731",14.10%,"$4,944,910",0.4438985107
New Hampshire,2/1/2025,"$63,260,876","$8,000,193",12.60%,"$3,487,741",0.4359571075
New Hampshire,3/1/2025,"$77,467,758","$6,792,080",8.80%,"$2,962,111",0.4361125016
New Hampshire,4/1/2025,"$68,763,478","$7,652,632",11.10%,"$3,326,445",0.4346798592
New Hampshire,5/1/2025,"$61,465,858","$8,064,113",13.10%,"$3,596,561",0.4459958584
New Hampshire,6/1/2025,"$50,555,000","$6,890,532",13.60%,"$2,929,436",0.4251393071
New Jersey,6/1/2018,"$16,409,619","$3,458,668",21.10%,"$337,078",0.09745890615
New Jersey,7/1/2018,"$40,682,237","$3,845,879",9.50%,"$377,015",0.09803090529
New Jersey,8/1/2018,"$95,634,048","$9,197,827",9.60%,"$1,038,072",0.1128605702
New Jersey,9/1/2018,"$183,948,404","$23,775,812",12.90%,"$2,883,518",0.1212794751
New Jersey,10/1/2018,"$260,711,301","$11,686,117",4.50%,"$1,536,283",0.1314622299
New Jersey,11/1/2018,"$330,748,563","$21,243,867",6.40%,"$2,743,339",0.1291355759
New Jersey,12/1/2018,"$319,173,548","$20,814,223",6.50%,"$2,685,956",0.1290442598
New Jersey,1/1/2019,"$385,279,662","$18,777,582",4.90%,"$2,530,315",0.1347519079
New Jersey,2/1/2019,"$320,368,087","$12,732,738",4.00%,"$1,981,251",0.1556029033
New Jersey,3/1/2019,"$372,451,342","$31,669,387",8.50%,"$4,020,740",0.1269598303
New Jersey,4/1/2019,"$313,719,562","$21,215,748",6.80%,"$2,826,247",0.1332145819
New Jersey,5/1/2019,"$318,940,677","$15,536,384",4.90%,"$2,137,480",0.1375789888
New Jersey,6/1/2019,"$273,222,975","$9,701,926",3.60%,"$1,254,851",0.1293404011
New Jersey,7/1/2019,"$251,371,272","$17,884,790",7.10%,"$2,364,941",0.1322319692
New Jersey,8/1/2019,"$293,594,862","$25,210,342",8.60%,"$3,316,918",0.1315697344
New Jersey,9/1/2019,"$445,563,503","$37,955,171",8.50%,"$5,028,107",0.1324748873
New Jersey,10/1/2019,"$487,924,504","$46,393,537",9.50%,"$6,241,133",0.1345259147
New Jersey,11/1/2019,"$562,675,543","$32,895,546",5.80%,"$4,457,889",0.1355164921
New Jersey,12/1/2019,"$557,786,161","$29,424,884",5.30%,"$4,108,749",0.1396351809
New Jersey,1/1/2020,"$540,113,452","$53,561,626",9.90%,"$7,261,470",0.1355722472
New Jersey,2/1/2020,"$494,814,107","$17,000,928",3.40%,"$2,461,238",0.1447708031
New Jersey,3/1/2020,"$181,908,529","$13,181,101",7.20%,"$1,897,069",0.1439234097
New Jersey,4/1/2020,"$54,593,092","$2,634,050",4.80%,"$390,347",0.148192707
New Jersey,5/1/2020,"$117,821,281","$9,912,062",8.40%,"$1,427,101",0.1439761979
New Jersey,6/1/2020,"$165,014,553","$12,639,282",7.70%,"$1,811,121",0.1432930288
New Jersey,7/1/2020,"$315,118,805","$29,551,986",9.40%,"$4,041,649",0.1367640402
New Jersey,8/1/2020,"$667,979,150","$39,507,182",5.90%,"$5,413,671",0.1370300468
New Jersey,9/1/2020,"$748,037,246","$45,127,763",6.00%,"$6,169,023",0.1367012808
New Jersey,10/1/2020,"$801,196,298","$58,403,209",7.30%,"$8,166,439",0.1398286009
New Jersey,11/1/2020,"$930,367,718","$50,410,546",5.40%,"$6,851,928",0.1359225111
New Jersey,12/1/2020,"$995,567,756","$66,301,567",6.70%,"$9,091,303",0.1371204846
New Jersey,1/1/2021,"$957,353,407","$82,209,293",8.60%,"$11,341,542",0.1379593667
New Jersey,2/1/2021,"$742,849,328","$46,222,846",6.20%,"$6,367,031",0.1377464079
New Jersey,3/1/2021,"$857,732,524","$60,624,773",7.10%,"$8,495,171",0.1401270566
New Jersey,4/1/2021,"$746,810,150","$54,711,189",7.30%,"$7,452,186",0.1362095421
New Jersey,5/1/2021,"$813,517,681","$52,826,372",6.50%,"$7,405,859",0.1401924592
New Jersey,6/1/2021,"$765,665,331","$71,134,768",9.30%,"$9,620,806",0.1352475909
New Jersey,7/1/2021,"$576,917,625","$54,800,465",9.50%,"$7,591,288",0.1385259778
New Jersey,8/1/2021,"$664,675,859","$52,023,081",7.80%,"$7,329,603",0.140891367
New Jersey,9/1/2021,"$1,011,114,311","$82,280,645",8.10%,"$11,212,782",0.1362748433
New Jersey,10/1/2021,"$1,303,198,342","$84,311,810",6.50%,"$11,661,062",0.1383087613
New Jersey,11/1/2021,"$1,258,189,436","$114,788,726",9.10%,"$16,038,097",0.1397183988
New Jersey,12/1/2021,"$1,229,561,891","$59,047,673",4.80%,"$8,221,034",0.1392270615
New Jersey,1/1/2022,"$1,348,860,083","$60,195,902",4.50%,"$8,774,160",0.1457600885
New Jersey,2/1/2022,"$985,568,313","$30,873,369",3.10%,"$4,678,782",0.1515475036
New Jersey,3/1/2022,"$1,120,904,954","$66,404,370",5.90%,"$9,068,529",0.1365652441
New Jersey,4/1/2022,"$926,946,780","$50,345,808",5.40%,"$7,055,550",0.1401417572
New Jersey,5/1/2022,"$766,412,352","$61,594,016",8.00%,"$8,773,059",0.1424336254
New Jersey,6/1/2022,"$633,184,861","$39,245,213",6.20%,"$5,404,026",0.1376989851
New Jersey,7/1/2022,"$531,888,333","$45,007,343",8.50%,"$6,386,976",0.1419096435
New Jersey,8/1/2022,"$546,774,395","$65,272,385",11.90%,"$9,138,137",0.1400000475
New Jersey,9/1/2022,"$866,719,412","$97,981,122",11.30%,"$13,352,085",0.1362720157
New Jersey,10/1/2022,"$1,060,154,535","$77,907,041",7.30%,"$10,853,450",0.1393128254
New Jersey,11/1/2022,"$1,101,622,966","$80,426,931",7.30%,"$11,497,129",0.1429512336
New Jersey,12/1/2022,"$1,055,556,994","$87,701,471",8.30%,"$12,444,016",0.1418906189
New Jersey,1/1/2023,"$1,082,233,033","$72,330,439",6.70%,"$10,345,867",0.1430361428
New Jersey,2/1/2023,"$847,405,611","$54,621,220",6.40%,"$7,808,167",0.1429511644
New Jersey,3/1/2023,"$1,025,779,225","$93,039,999",9.10%,"$13,083,369",0.1406209065
New Jersey,4/1/2023,"$833,980,925","$72,304,036",8.70%,"$10,118,510",0.1399439168
New Jersey,5/1/2023,"$778,854,263","$82,165,404",10.50%,"$11,496,202",0.139915359
New Jersey,6/1/2023,"$591,081,897","$66,356,838",11.20%,"$9,218,174",0.1389182227
New Jersey,7/1/2023,"$587,019,749","$61,013,433",10.40%,"$8,467,678",0.1387838314
New Jersey,8/1/2023,"$725,849,450","$96,041,019",13.20%,"$13,546,446",0.1410485451
New Jersey,9/1/2023,"$1,299,016,274","$111,145,385",8.60%,"$15,658,931",0.1408869203
New Jersey,10/1/2023,"$1,293,468,722","$92,258,295",7.10%,"$12,951,849",0.1403868238
New Jersey,11/1/2023,"$1,623,072,184","$95,889,050",5.90%,"$13,508,016",0.1408713091
New Jersey,12/1/2023,"$1,284,558,956","$109,516,484",8.50%,"$15,314,259",0.139835196
New Jersey,1/1/2024,"$1,719,170,088","$170,758,334",9.90%,"$24,161,228",0.1414936972
New Jersey,2/1/2024,"$1,081,171,835","$67,564,386",6.20%,"$9,539,850",0.1411964285
New Jersey,3/1/2024,"$1,329,010,828","$89,687,971",6.70%,"$12,600,303",0.1404904455
New Jersey,4/1/2024,"$1,044,283,588","$106,227,937",10.20%,"$15,124,636",0.1423790806
New Jersey,5/1/2024,"$838,946,057","$78,750,983",9.40%,"$11,354,892",0.1441873049
New Jersey,6/1/2024,"$748,417,965","$60,066,927",8.00%,"$8,572,940",0.1427231328
New Jersey,7/1/2024,"$652,275,524","$80,027,220",12.30%,"$11,324,107",0.141503191
New Jersey,8/1/2024,"$698,839,707","$62,726,713",9.00%,"$8,839,082",0.1409141589
New Jersey,9/1/2024,"$1,089,701,413","$119,556,334",11.00%,"$16,681,410",0.1395276138
New Jersey,10/1/2024,"$1,131,684,366","$77,463,400",6.80%,"$10,970,345",0.1416197198
New Jersey,11/1/2024,"$1,224,883,112","$118,962,664",9.70%,"$16,769,526",0.1409646139
New Jersey,12/1/2024,"$1,215,654,736","$62,837,741",5.20%,"$8,909,155",0.1417803196
New Jersey,1/1/2025,"$1,152,144,676","$122,194,865",10.60%,"$17,249,213",0.141161521
New Jersey,2/1/2025,"$988,882,908","$73,558,549",7.40%,"$10,445,073",0.1419967243
New Jersey,3/1/2025,"$1,107,191,055","$71,344,935",6.40%,"$10,016,794",0.1403995112
New Jersey,4/1/2025,"$994,434,816","$90,510,496",9.10%,"$12,807,597",0.1415039975
New Jersey,5/1/2025,"$1,010,645,865","$102,543,773",10.10%,"$14,408,824",0.1405138857
New Jersey,6/1/2025,"$790,415,313","$91,858,292",11.60%,"$13,071,670",0.1423025588
New Jersey,7/1/2025,"$663,997,770","$74,769,434",11.30%,"$15,777,894",0.2110206425
New York,7/1/2019,"$1,365,470","$349,468",25.60%,"$34,947",0.1000005723
New York,8/1/2019,"$4,647,958","$828,152",17.80%,"$82,815",0.0999997585
New York,9/1/2019,"$13,060,944","$2,283,864",17.50%,"$228,386",0.09999982486
New York,10/1/2019,"$14,852,615","$2,233,227",15.00%,"$223,323",0.1000001343
New York,11/1/2019,"$17,161,294","$1,308,295",7.60%,"$130,830",0.1000003822
New York,12/1/2019,"$16,872,506","$780,417",4.60%,"$78,042",0.1000003844
New York,1/1/2020,"$17,169,303","$1,943,351",11.30%,"$194,335",0.09999994854
New York,2/1/2020,"$12,872,999","-$179,592",-1.40%,"-$17,959",0.09999888636
New York,3/1/2020,"$4,186,276","$99,514",2.40%,"$9,951",0.09999598047
New York,4/1/2020,$0,$0,,$0,#DIV/0!
New York,5/1/2020,$0,$0,,$0,#DIV/0!
New York,6/1/2020,$0,$0,,$0,#DIV/0!
New York,7/1/2020,$0,$0,,$0,#DIV/0!
New York,8/1/2020,$0,$0,,$0,#DIV/0!
New York,9/1/2020,"$10,092,604","$1,403,544",13.90%,"$140,354",0.09999971501
New York,10/1/2020,"$18,107,259","$2,623,464",14.50%,"$262,346",0.09999984753
New York,11/1/2020,"$17,096,321","$2,619,676",15.30%,"$261,968",0.1000001527
New York,12/1/2020,"$18,584,384","$2,258,771",12.20%,"$225,877",0.09999995573
New York,1/1/2021,"$20,942,309","$3,569,855",17.00%,"$356,986",0.1000001401
New York,2/1/2021,"$14,018,760","$1,153,275",8.20%,"$115,327",0.09999956645
New York,3/1/2021,"$16,529,015","$1,845,684",11.20%,"$184,568",0.09999978328
New York,4/1/2021,"$13,537,156","$1,322,623",9.80%,"$132,262",0.09999977318
New York,5/1/2021,"$14,145,742","$1,590,113",11.20%,"$159,011",0.09999981133
New York,6/1/2021,"$14,239,819","$1,858,642",13.10%,"$185,864",0.09999989239
New York,7/1/2021,"$9,338,107","$1,273,621",13.60%,"$127,362",0.09999992148
New York,8/1/2021,"$9,153,603","$1,080,570",11.80%,"$108,057",0.1
New York,9/1/2021,"$17,355,781","$3,187,045",18.40%,"$318,704",0.09999984311
New York,10/1/2021,"$25,567,296","$1,718,615",6.70%,"$171,861",0.09999970907
New York,11/1/2021,"$21,519,094","$3,956,491",18.40%,"$395,649",0.09999997473
New York,12/1/2021,"$21,129,981","$764,615",3.60%,"$76,461",0.09999934608
New York,1/1/2022,"$1,686,263,898","$123,810,126",7.30%,"$63,277,984",0.5110889234
New York,2/1/2022,"$1,534,078,892","$82,149,599",5.40%,"$41,995,722",0.5112103104
New York,3/1/2022,"$1,644,789,691","$114,956,204",7.00%,"$58,351,263",0.507595597
New York,4/1/2022,"$1,396,791,941","$104,535,898",7.50%,"$53,151,656",0.5084536223
New York,5/1/2022,"$1,269,862,570","$110,418,075",8.70%,"$56,055,234",0.5076635687
New York,6/1/2022,"$1,056,694,011","$72,441,501",6.90%,"$36,936,704",0.5098831953
New York,7/1/2022,"$804,966,381","$73,880,416",9.20%,"$37,449,978",0.5068999341
New York,8/1/2022,"$877,407,454","$100,760,793",11.50%,"$50,912,979",0.5052856124
New York,9/1/2022,"$1,265,553,629","$145,039,867",11.50%,"$73,270,471",0.5051746979
New York,10/1/2022,"$1,555,051,006","$146,845,937",9.40%,"$74,403,028",0.5066740662
New York,11/1/2022,"$1,564,144,672","$149,244,901",9.50%,"$75,695,441",0.5071894617
New York,12/1/2022,"$1,632,469,011","$142,969,451",8.80%,"$72,422,558",0.5065596706
New York,1/1/2023,"$1,799,048,366","$149,886,749",8.30%,"$76,253,908",0.5087434914
New York,2/1/2023,"$1,474,299,932","$108,470,835",7.40%,"$55,242,679",0.5092860122
New York,3/1/2023,"$1,792,885,345","$163,582,116",9.10%,"$83,117,519",0.5081088387
New York,4/1/2023,"$1,550,014,914","$139,265,045",9.00%,"$70,842,936",0.508691438
New York,5/1/2023,"$1,363,794,316","$152,643,135",11.20%,"$77,571,580",0.5081891171
New York,6/1/2023,"$1,170,989,676","$103,956,640",8.90%,"$51,883,313",0.4990860901
New York,7/1/2023,"$966,555,215","$105,510,883",10.90%,"$53,655,339",0.5085289543
New York,8/1/2023,"$1,118,163,959","$99,241,793",8.90%,"$50,310,977",0.5069535271
New York,9/1/2023,"$1,767,913,849","$166,834,226",9.40%,"$84,563,885",0.5068737215
New York,10/1/2023,"$2,017,133,484","$167,327,704",8.30%,"$84,927,344",0.507551003
New York,11/1/2023,"$2,122,331,713","$151,291,345",7.10%,"$76,999,480",0.5089483473
New York,12/1/2023,"$2,053,736,710","$189,287,146",9.20%,"$96,131,764",0.5078620817
New York,1/1/2024,"$1,965,468,151","$211,706,706",10.80%,"$107,887,645",0.5096090107
New York,2/1/2024,"$1,779,072,192","$131,315,621",7.40%,"$67,016,794",0.5103489858
New York,3/1/2024,"$1,854,674,065","$152,553,937",8.20%,"$77,451,054",0.5076961993
New York,4/1/2024,"$1,969,945,755","$184,032,347",9.30%,"$93,757,818",0.5094637955
New York,5/1/2024,"$1,978,317,034","$203,760,343",10.30%,"$103,748,517",0.5091693284
New York,6/1/2024,"$1,477,842,947","$134,169,779",9.10%,"$68,328,721",0.5092705787
New York,7/1/2024,"$1,265,934,085","$140,856,540",11.10%,"$71,620,801",0.5084662807
New York,8/1/2024,"$1,440,577,943","$125,961,724",8.70%,"$63,846,496",0.5068721987
New York,9/1/2024,"$2,079,869,074","$206,067,211",9.90%,"$104,538,289",0.5073019065
New York,10/1/2024,"$2,329,400,446","$176,354,954",7.60%,"$89,937,732",0.5099813187
New York,11/1/2024,"$2,273,599,386","$232,209,891",10.20%,"$118,164,737",0.5088703866
New York,12/1/2024,"$2,289,276,065","$150,154,372",6.60%,"$76,831,465",0.5116831696
New York,1/1/2025,"$2,487,676,801","$248,001,821",10.00%,"$149,118,074",0.6012781414
New York,2/1/2025,"$1,979,914,659","$184,512,125",9.30%,"$94,224,398",0.510667784
New York,3/1/2025,"$2,445,290,864","$162,142,924",6.60%,"$82,567,299",0.5092254226
New York,4/1/2025,"$2,158,082,654","$192,616,928",8.90%,"$98,263,902",0.510151953
New York,5/1/2025,"$2,215,450,269","$249,312,914",11.30%,"$126,983,060",0.5093320597
New York,6/1/2025,"$1,653,307,478","$207,187,606",12.50%,"$105,387,929",0.5086594272
New York,7/1/2025,"$1,403,671,174","$155,878,073",11.10%,"$77,652,831",0.4981639143
North Carolina,3/1/2021,$0,$0,,$0,#DIV/0!
North Carolina,4/1/2021,$0,$0,,$0,#DIV/0!
North Carolina,5/1/2021,$0,$0,,$0,#DIV/0!
North Carolina,6/1/2021,$0,$0,,$0,#DIV/0!
North Carolina,7/1/2021,$0,$0,,$0,#DIV/0!
North Carolina,8/1/2021,$0,$0,,$0,#DIV/0!
North Carolina,9/1/2021,$0,$0,,$0,#DIV/0!
North Carolina,10/1/2021,$0,$0,,$0,#DIV/0!
North Carolina,11/1/2021,$0,$0,,$0,#DIV/0!
North Carolina,12/1/2021,$0,$0,,$0,#DIV/0!
North Carolina,1/1/2022,$0,$0,,$0,#DIV/0!
North Carolina,2/1/2022,$0,$0,,$0,#DIV/0!
North Carolina,3/1/2022,$0,$0,,$0,#DIV/0!
North Carolina,4/1/2022,$0,$0,,$0,#DIV/0!
North Carolina,5/1/2022,$0,$0,,$0,#DIV/0!
North Carolina,6/1/2022,$0,$0,,$0,#DIV/0!
North Carolina,7/1/2022,$0,$0,,$0,#DIV/0!
North Carolina,8/1/2022,$0,$0,,$0,#DIV/0!
North Carolina,9/1/2022,$0,$0,,$0,#DIV/0!
North Carolina,10/1/2022,$0,$0,,$0,#DIV/0!
North Carolina,11/1/2022,$0,$0,,$0,#DIV/0!
North Carolina,12/1/2022,$0,$0,,$0,#DIV/0!
North Carolina,1/1/2023,$0,$0,,$0,#DIV/0!
North Carolina,2/1/2023,$0,$0,,$0,#DIV/0!
North Carolina,3/1/2023,$0,$0,,$0,#DIV/0!
North Carolina,4/1/2023,$0,$0,,$0,#DIV/0!
North Carolina,5/1/2023,$0,$0,,$0,#DIV/0!
North Carolina,6/1/2023,$0,$0,,$0,#DIV/0!
North Carolina,7/1/2023,$0,$0,,$0,#DIV/0!
North Carolina,8/1/2023,$0,$0,,$0,#DIV/0!
North Carolina,9/1/2023,$0,$0,,$0,#DIV/0!
North Carolina,10/1/2023,$0,$0,,$0,#DIV/0!
North Carolina,11/1/2023,$0,$0,,$0,#DIV/0!
North Carolina,12/1/2023,$0,$0,,$0,#DIV/0!
North Carolina,1/1/2024,$0,$0,,$0,#DIV/0!
North Carolina,2/1/2024,$0,$0,,$0,#DIV/0!
North Carolina,3/1/2024,"$657,246,516","$66,496,213",10.10%,"$9,974,433",0.1500000158
North Carolina,4/1/2024,"$643,653,644","$105,251,674",16.40%,"$15,787,752",0.1500000086
North Carolina,5/1/2024,"$521,747,983","$63,080,346",12.10%,"$9,462,053",0.1500000174
North Carolina,6/1/2024,"$395,044,526","$40,302,262",10.20%,"$6,045,339",0.1499999926
North Carolina,7/1/2024,"$337,612,217","$42,226,012",12.50%,"$7,600,686",0.1800000909
North Carolina,8/1/2024,"$367,458,899","$33,751,016",9.20%,"$6,075,183",0.1800000036
North Carolina,9/1/2024,"$571,622,319","$70,062,729",12.30%,"$12,611,330",0.1800005535
North Carolina,10/1/2024,"$609,304,501","$48,659,760",8.00%,"$8,758,757",0.1800000041
North Carolina,11/1/2024,"$654,911,448","$78,096,644",11.90%,"$14,057,587",0.1800024467
North Carolina,12/1/2024,"$626,606,050","$35,716,306",5.70%,"$6,429,217",0.1800078933
North Carolina,1/1/2025,"$643,024,306","$74,530,133",11.60%,"$13,415,422",0.179999974
North Carolina,2/1/2025,"$540,852,560","$55,658,913",10.30%,"$10,018,603",0.1799999759
North Carolina,3/1/2025,"$681,791,403","$38,138,715",5.60%,"$6,865,264",0.1800077428
North Carolina,4/1/2025,"$572,116,884","$46,801,165",8.20%,"$8,424,668",0.1800097925
North Carolina,5/1/2025,"$558,147,846","$65,227,119",11.70%,"$11,740,881",0.1799999936
North Carolina,6/1/2025,"$430,254,338","$58,071,306",13.50%,"$10,452,835",0.1799999986
Ohio,1/1/2023,"$1,090,962,383","$209,588,460",19.20%,"$20,960,774",0.100009199
Ohio,2/1/2023,"$635,426,359","$80,948,666",12.70%,"$8,105,312",0.1001290373
Ohio,3/1/2023,"$732,913,170","$94,818,023",12.90%,"$9,485,427",0.100038228
Ohio,4/1/2023,"$515,184,616","$63,250,102",12.30%,"$6,332,871",0.1001242812
Ohio,5/1/2023,"$441,711,971","$57,826,959",13.10%,"$5,787,967",0.100091153
Ohio,6/1/2023,"$357,571,919","$32,623,897",9.10%,"$3,277,310",0.1004573427
Ohio,7/1/2023,"$328,811,653","$37,273,216",11.30%,"$7,466,419",0.200315932
Ohio,8/1/2023,"$375,076,377","$40,786,643",10.90%,"$8,175,341",0.200441625
Ohio,9/1/2023,"$686,244,860","$81,639,905",11.90%,"$16,375,764",0.2005852898
Ohio,10/1/2023,"$742,945,929","$80,385,098",10.80%,"$16,148,132",0.2008846466
Ohio,11/1/2023,"$861,170,611","$67,855,418",7.90%,"$13,650,718",0.2011735894
Ohio,12/1/2023,"$826,100,577","$87,235,462",10.60%,"$17,486,186",0.2004481389
Ohio,1/1/2024,"$806,149,042","$113,367,294",14.10%,"$22,697,038",0.2002079894
Ohio,2/1/2024,"$666,845,011","$66,374,384",10.00%,"$13,549,429",0.204136418
Ohio,3/1/2024,"$803,788,678","$63,854,035",7.90%,"$12,804,401",0.2005261061
Ohio,4/1/2024,"$668,027,816","$74,028,198",11.10%,"$14,813,313",0.2001036551
Ohio,5/1/2024,"$606,573,141","$67,365,769",11.10%,"$13,506,810",0.2004996039
Ohio,6/1/2024,"$525,612,343","$51,266,301",9.80%,"$10,270,112",0.2003287111
Ohio,7/1/2024,"$472,192,483","$55,164,174",11.70%,"$11,077,799",0.2008150979
Ohio,8/1/2024,"$543,269,522","$48,651,326",9.00%,"$9,771,850",0.2008547516
Ohio,9/1/2024,"$858,027,650","$105,759,487",12.30%,"$21,261,333",0.2010347592
Ohio,10/1/2024,"$897,309,459","$81,274,389",9.10%,"$16,330,026",0.2009246234
Ohio,11/1/2024,"$1,020,179,162","$117,057,365",11.50%,"$23,452,805",0.2003530918
Ohio,12/1/2024,"$958,934,701","$55,545,006",5.80%,"$11,422,397",0.2056421958
Ohio,1/1/2025,"$1,004,746,058","$80,237,445",8.00%,"$16,242,492",0.2024303241
Ohio,2/1/2025,"$756,587,575","$75,312,866",10.00%,"$15,131,748",0.2009184991
Ohio,3/1/2025,"$985,822,838","$66,528,277",6.70%,"$13,313,346",0.200115599
Ohio,4/1/2025,"$801,066,062","$73,761,852",9.20%,"$15,021,996",0.2036553529
Ohio,5/1/2025,"$736,365,183","$88,948,557",12.10%,"$17,794,585",0.2000547912
Ohio,6/1/2025,"$582,419,023","$75,036,838",12.90%,"$15,333,298",0.2043436052
Oregon,10/1/2019,"$5,605,244","$220,396",3.90%,"$110,198",0.5
Oregon,11/1/2019,"$17,115,418","$960,713",5.60%,"$480,357",0.5000005204
Oregon,12/1/2019,"$22,551,454","$1,743,231",7.70%,"$871,616",0.5000002868
Oregon,1/1/2020,"$21,151,594","$1,773,805",8.40%,"$886,903",0.5000002819
Oregon,2/1/2020,"$20,899,824","$1,481,198",7.10%,"$740,599",0.5
Oregon,3/1/2020,"$9,007,678","$937,750",10.40%,"$468,875",0.5
Oregon,4/1/2020,"$4,430,649","$392,769",8.90%,"$196,385",0.500001273
Oregon,5/1/2020,"$7,290,190","$598,062",8.20%,"$299,031",0.5
Oregon,6/1/2020,"$7,921,865","$777,904",9.80%,"$388,952",0.5
Oregon,7/1/2020,"$14,042,424","$1,003,039",7.10%,"$501,520",0.5000004985
Oregon,8/1/2020,"$25,845,402","$1,662,406",6.40%,"$831,203",0.5
Oregon,9/1/2020,"$26,174,305","$1,527,244",5.80%,"$763,622",0.5
Oregon,10/1/2020,"$29,455,226","$2,751,146",9.30%,"$1,375,573",0.5
Oregon,11/1/2020,"$25,039,883","$4,116,313",16.40%,"$2,058,157",0.5000001215
Oregon,12/1/2020,"$26,987,301","$3,050,783",11.30%,"$1,525,392",0.5000001639
Oregon,1/1/2021,"$34,935,889","$3,872,606",11.10%,"$1,936,303",0.5
Oregon,2/1/2021,"$29,600,150","$2,684,776",9.10%,"$1,342,388",0.5
Oregon,3/1/2021,"$24,054,959","$1,374,379",5.70%,"$687,190",0.5000003638
Oregon,4/1/2021,"$25,323,060","$2,729,278",10.80%,"$1,364,639",0.5
Oregon,5/1/2021,"$27,780,213","$2,350,289",8.50%,"$1,175,145",0.5000002127
Oregon,6/1/2021,"$24,903,118","$2,841,767",11.40%,"$1,420,884",0.5000001759
Oregon,7/1/2021,"$18,189,572","$2,173,573",11.90%,"$1,086,787",0.50000023
Oregon,8/1/2021,"$17,686,201","$1,063,136",6.00%,"$531,568",0.5
Oregon,9/1/2021,"$25,070,340","$1,259,745",5.00%,"$629,873",0.5000003969
Oregon,10/1/2021,"$37,639,043","$3,022,299",8.00%,"$1,511,150",0.5000001654
Oregon,11/1/2021,"$32,673,216","$4,428,659",13.60%,"$2,214,330",0.5000001129
Oregon,12/1/2021,"$33,743,753","$2,597,501",7.70%,"$1,298,751",0.5000001925
Oregon,1/1/2022,"$42,899,736","$2,389,280",5.60%,"$1,194,640",0.5
Oregon,2/1/2022,"$39,458,431","$3,335,165",8.50%,"$1,667,583",0.5000001499
Oregon,3/1/2022,"$36,208,012","$3,620,610",10.00%,"$1,810,305",0.5
Oregon,4/1/2022,"$42,936,414","$3,824,163",8.90%,"$1,912,082",0.5000001307
Oregon,5/1/2022,"$41,708,882","$5,034,037",12.10%,"$2,517,019",0.5000000993
Oregon,6/1/2022,"$33,966,897","$2,548,191",7.50%,"$1,274,096",0.5000001962
Oregon,7/1/2022,"$28,453,425","$2,700,257",9.50%,"$1,350,129",0.5000001852
Oregon,8/1/2022,"$28,196,192","$2,707,041",9.60%,"$1,353,521",0.5000001847
Oregon,9/1/2022,"$39,292,036","$5,465,182",13.90%,"$2,732,591",0.5
Oregon,10/1/2022,"$55,555,465","$5,783,451",10.40%,"$2,891,726",0.5000000865
Oregon,11/1/2022,"$55,503,997","$6,418,578",11.60%,"$3,209,289",0.5
Oregon,12/1/2022,"$53,806,188","$5,693,398",10.60%,"$2,846,699",0.5
Oregon,1/1/2023,"$62,328,292","$7,546,964",12.10%,"$3,773,482",0.5
Oregon,2/1/2023,"$48,425,409","$4,261,284",8.80%,"$2,130,642",0.5
Oregon,3/1/2023,"$50,456,710","$6,088,343",12.10%,"$3,044,172",0.5000000821
Oregon,4/1/2023,"$55,167,184","$7,051,979",12.80%,"$3,525,990",0.5000000709
Oregon,5/1/2023,"$52,122,284","$6,462,472",12.40%,"$3,231,236",0.5
Oregon,6/1/2023,"$43,861,201","$4,336,367",9.90%,"$2,168,184",0.5000001153
Oregon,7/1/2023,"$40,428,203","$4,150,626",10.30%,"$2,075,313",0.5
Oregon,8/1/2023,"$44,542,070","$3,507,635",7.90%,"$1,753,818",0.5000001425
Oregon,9/1/2023,"$61,354,332","$6,720,396",11.00%,"$3,360,198",0.5
Oregon,10/1/2023,"$71,903,468","$8,545,271",11.90%,"$4,272,636",0.5000000585
Oregon,11/1/2023,"$71,231,497","$7,292,146",10.20%,"$3,646,073",0.5
Oregon,12/1/2023,"$74,112,183","$9,766,102",13.20%,"$4,883,051",0.5
Oregon,1/1/2024,"$69,889,711","$9,898,882",14.20%,"$4,949,441",0.5
Oregon,2/1/2024,"$67,902,925","$7,786,241",11.50%,"$3,893,121",0.5000000642
Oregon,3/1/2024,"$69,398,182","$7,298,922",10.50%,"$3,649,461",0.5
Oregon,4/1/2024,"$72,297,347","$7,370,254",10.20%,"$3,685,127",0.5
Oregon,5/1/2024,"$76,231,393","$8,856,797",11.60%,"$4,428,399",0.5000000565
Oregon,6/1/2024,"$64,745,093","$7,216,231",11.10%,"$3,608,116",0.5000000693
Oregon,7/1/2024,"$53,280,681","$6,082,761",11.40%,"$3,041,381",0.5000000822
Oregon,8/1/2024,"$56,210,589","$5,068,500",9.00%,"$2,534,250",0.5
Oregon,9/1/2024,"$75,431,509","$11,423,213",15.10%,"$5,711,607",0.5000000438
Oregon,10/1/2024,"$81,735,395","$5,748,697",7.00%,"$2,874,349",0.500000087
Oregon,11/1/2024,"$87,387,636","$11,895,589",13.60%,"$5,947,795",0.500000042
Oregon,12/1/2024,"$90,178,020","$5,790,511",6.40%,"$2,895,256",0.5000000863
Oregon,1/1/2025,"$83,571,528","$12,489,739",14.90%,"$6,244,870",0.50000004
Oregon,2/1/2025,"$68,262,719","$9,673,275",14.20%,"$4,836,638",0.5000000517
Oregon,3/1/2025,"$67,466,178","$7,289,890",10.80%,"$3,644,945",0.5
Oregon,4/1/2025,"$78,498,557","$9,607,805",12.20%,"$4,803,903",0.500000052
Oregon,5/1/2025,"$80,614,208","$10,334,212",12.80%,"$5,167,106",0.5
Oregon,6/1/2025,"$65,808,604","$9,852,714",15.00%,"$4,926,357",0.5
Oregon,7/1/2025,"$57,265,090","$6,695,785",11.70%,"$3,347,893",0.5000000747
Pennsylvania,11/1/2018,"$1,414,587","$508,997",36.00%,"$183,239",0.3600001572
Pennsylvania,12/1/2018,"$16,173,090","$2,007,592",12.40%,"$722,733",0.3599999402
Pennsylvania,1/1/2019,"$32,011,839","$2,607,215",8.10%,"$938,597",0.3599998466
Pennsylvania,2/1/2019,"$31,500,742","$1,946,817",6.20%,"$700,854",0.3599999384
Pennsylvania,3/1/2019,"$44,527,575","$5,519,340",12.40%,"$1,986,962",0.3599999275
Pennsylvania,4/1/2019,"$36,769,145","$4,221,482",11.50%,"$1,519,734",0.3600001137
Pennsylvania,5/1/2019,"$35,934,215","$2,861,852",8.00%,"$1,030,267",0.3600000978
Pennsylvania,6/1/2019,"$46,334,244","$3,126,380",6.70%,"$740,455",0.236841011
Pennsylvania,7/1/2019,"$59,331,959","$5,074,431",8.60%,"$1,026,769",0.202341701
Pennsylvania,8/1/2019,"$109,038,051","$9,887,738",9.10%,"$2,201,406",0.2226400012
Pennsylvania,9/1/2019,"$194,504,622","$19,334,816",9.90%,"$5,359,994",0.2772198091
Pennsylvania,10/1/2019,"$241,186,066","$19,116,777",7.90%,"$5,381,370",0.2814998574
Pennsylvania,11/1/2019,"$316,468,264","$20,570,772",6.50%,"$5,299,447",0.2576202293
Pennsylvania,12/1/2019,"$342,560,389","$17,459,091",5.10%,"$4,094,813",0.2345375827
Pennsylvania,1/1/2020,"$348,381,708","$31,580,803",9.10%,"$8,222,829",0.260374285
Pennsylvania,2/1/2020,"$329,765,782","$11,432,097",3.50%,"$1,700,011",0.1487050888
Pennsylvania,3/1/2020,"$131,330,059","$8,606,120",6.60%,"$2,480,132",0.2881823632
Pennsylvania,4/1/2020,"$46,015,988","$3,202,680",7.00%,"$1,038,049",0.324118863
Pennsylvania,5/1/2020,"$77,510,033","$5,918,697",7.60%,"$1,738,436",0.2937193778
Pennsylvania,6/1/2020,"$89,002,562","$7,959,790",8.90%,"$2,397,657",0.3012211377
Pennsylvania,7/1/2020,"$164,782,229","$13,651,865",8.30%,"$2,933,093",0.2148492532
Pennsylvania,8/1/2020,"$364,985,422","$27,593,677",7.60%,"$6,578,667",0.2384121188
Pennsylvania,9/1/2020,"$462,787,392","$18,278,779",3.90%,"$2,257,158",0.1234851628
Pennsylvania,10/1/2020,"$525,802,524","$47,834,647",9.10%,"$13,239,693",0.2767804056
Pennsylvania,11/1/2020,"$491,910,713","$48,500,443",9.90%,"$13,446,089",0.2772364162
Pennsylvania,12/1/2020,"$548,590,065","$45,344,348",8.30%,"$12,261,434",0.2704071078
Pennsylvania,1/1/2021,"$615,294,827","$49,305,268",8.00%,"$12,229,342",0.2480331716
Pennsylvania,2/1/2021,"$509,547,820","$33,171,120",6.50%,"$5,896,731",0.1777670154
Pennsylvania,3/1/2021,"$560,259,181","$41,029,269",7.30%,"$10,566,844",0.2575440474
Pennsylvania,4/1/2021,"$479,411,021","$36,033,727",7.50%,"$9,466,734",0.2627187024
Pennsylvania,5/1/2021,"$447,465,027","$37,419,313",8.40%,"$9,988,734",0.2669406036
Pennsylvania,6/1/2021,"$420,193,377","$42,495,332",10.10%,"$12,321,187",0.2899421282
Pennsylvania,7/1/2021,"$304,415,503","$27,482,519",9.00%,"$7,148,225",0.2601007935
Pennsylvania,8/1/2021,"$348,520,369","$25,315,958",7.30%,"$6,482,608",0.25606805
Pennsylvania,9/1/2021,"$578,760,746","$48,113,670",8.30%,"$10,171,364",0.2114027884
Pennsylvania,10/1/2021,"$776,277,954","$42,282,405",5.40%,"$8,471,814",0.2003626331
Pennsylvania,11/1/2021,"$761,574,597","$84,921,693",11.20%,"$22,920,716",0.2699041339
Pennsylvania,12/1/2021,"$750,388,696","$37,953,474",5.10%,"$6,774,396",0.1784921191
Pennsylvania,1/1/2022,"$793,722,787","$53,403,655",6.70%,"$11,581,175",0.2168610931
Pennsylvania,2/1/2022,"$597,064,049","$22,160,553",3.70%,"-$159,425",-0.007194089425
Pennsylvania,3/1/2022,"$714,976,578","$48,512,264",6.80%,"$10,944,209",0.2255967481
Pennsylvania,4/1/2022,"$572,817,741","$49,083,331",8.60%,"$12,120,141",0.2469298793
Pennsylvania,5/1/2022,"$493,350,519","$47,828,553",9.70%,"$12,603,546",0.2635151015
Pennsylvania,6/1/2022,"$393,494,222","$22,889,554",5.80%,"$4,597,039",0.2008356738
Pennsylvania,7/1/2022,"$336,507,932","$33,226,517",9.90%,"$9,160,020",0.2756840267
Pennsylvania,8/1/2022,"$363,046,972","$42,185,145",11.60%,"$12,223,188",0.2897510012
Pennsylvania,9/1/2022,"$645,242,681","$75,319,093",11.70%,"$18,078,109",0.2400202695
Pennsylvania,10/1/2022,"$797,124,732","$61,519,576",7.70%,"$14,585,047",0.2370797712
Pennsylvania,11/1/2022,"$789,230,672","$69,997,949",8.90%,"$19,037,133",0.2719670115
Pennsylvania,12/1/2022,"$754,849,873","$71,238,770",9.40%,"$19,664,738",0.2760398306
Pennsylvania,1/1/2023,"$772,293,543","$57,983,054",7.50%,"$14,130,499",0.2437004957
Pennsylvania,2/1/2023,"$599,574,795","$62,220,957",10.40%,"$15,565,188",0.2501598939
Pennsylvania,3/1/2023,"$723,567,880","$66,472,109",9.20%,"$18,234,574",0.2743191735
Pennsylvania,4/1/2023,"$572,172,929","$51,791,466",9.10%,"$13,334,805",0.2574710861
Pennsylvania,5/1/2023,"$495,606,075","$57,534,901",11.60%,"$14,798,069",0.2572016071
Pennsylvania,6/1/2023,"$373,197,330","$33,868,719",9.10%,"$8,302,345",0.2451331271
Pennsylvania,7/1/2023,"$338,469,149","$39,413,145",11.60%,"$11,554,768",0.2931704131
Pennsylvania,8/1/2023,"$393,027,699","$30,623,078",7.80%,"$7,932,535",0.259037808
Pennsylvania,9/1/2023,"$726,314,855","$66,117,904",9.10%,"$13,190,909",0.1995058555
Pennsylvania,10/1/2023,"$829,069,257","$73,645,815",8.90%,"$17,339,283",0.2354415251
Pennsylvania,11/1/2023,"$934,179,622","$49,162,024",5.30%,"$4,643,308",0.09444908127
Pennsylvania,12/1/2023,"$925,626,447","$98,111,216",10.60%,"$26,107,175",0.266097762
Pennsylvania,1/1/2024,"$858,152,503","$97,681,399",11.40%,"$25,172,653",0.2577016019
Pennsylvania,2/1/2024,"$661,740,812","$50,425,678",7.60%,"$10,890,946",0.2159801599
Pennsylvania,3/1/2024,"$800,718,332","$63,715,603",8.00%,"$16,409,365",0.2575407628
Pennsylvania,4/1/2024,"$646,061,065","$59,050,708",9.10%,"$15,268,504",0.2585659769
Pennsylvania,5/1/2024,"$591,912,627","$61,680,936",10.40%,"$15,916,627",0.258047754
Pennsylvania,6/1/2024,"$464,534,792","$42,998,076",9.30%,"$10,761,524",0.2502791985
Pennsylvania,7/1/2024,"$414,673,804","$52,727,378",12.70%,"$13,883,648",0.2633100398
Pennsylvania,8/1/2024,"$485,289,137","$45,435,752",9.40%,"$10,800,927",0.2377186802
Pennsylvania,9/1/2024,"$811,283,985","$95,815,550",11.80%,"$19,271,526",0.2011315074
Pennsylvania,10/1/2024,"$858,148,994","$58,132,462",6.80%,"$9,854,295",0.169514496
Pennsylvania,11/1/2024,"$935,530,170","$103,268,288",11.00%,"$27,755,097",0.2687668939
Pennsylvania,12/1/2024,"$893,371,609","$47,488,741",5.30%,"$7,872,958",0.1657857807
Pennsylvania,1/1/2025,"$873,149,858","$84,272,113",9.70%,"$18,540,165",0.2200035616
Pennsylvania,2/1/2025,"$756,926,216","$33,961,978",4.50%,"$2,694,664",0.07934355296
Pennsylvania,3/1/2025,"$842,856,961","$49,189,301",5.80%,"$9,729,658",0.1978002899
Pennsylvania,4/1/2025,"$711,569,216","$61,783,963",8.70%,"$15,312,040",0.2478319495
Pennsylvania,5/1/2025,"$655,358,227","$76,064,442",11.60%,"$21,390,206",0.2812116337
Pennsylvania,6/1/2025,"$483,637,356","$66,812,214",13.80%,"$18,445,159",0.2760746561
Rhode Island,11/1/2018,"$682,714","$72,997",10.70%,"$37,228",0.5099935614
Rhode Island,12/1/2018,"$13,087,999","$957,913",7.30%,"$488,536",0.5100003863
Rhode Island,1/1/2019,"$19,051,125","$159,978",0.80%,"$81,589",0.5100013752
Rhode Island,2/1/2019,"$20,686,618","-$890,623",-4.30%,"-$454,218",0.5100003032
Rhode Island,3/1/2019,"$23,582,716","$1,548,230",6.60%,"$789,597",0.5099998062
Rhode Island,4/1/2019,"$16,859,818","$1,970,110",11.70%,"$1,004,756",0.5099999492
Rhode Island,5/1/2019,"$18,900,152","$899,165",4.80%,"$458,574",0.5099998332
Rhode Island,6/1/2019,"$14,736,667","$2,149,999",14.60%,"$1,096,499",0.5099997721
Rhode Island,7/1/2019,"$8,321,947","$827,579",9.90%,"$422,065",0.5099996496
Rhode Island,8/1/2019,"$10,060,066","$851,788",8.50%,"$434,412",0.5100001409
Rhode Island,9/1/2019,"$22,195,789","$2,516,059",11.30%,"$1,283,190",0.5099999642
Rhode Island,10/1/2019,"$28,281,025","$2,457,137",8.70%,"$1,253,140",0.5100000529
Rhode Island,11/1/2019,"$31,465,062","$2,745,517",8.70%,"$1,400,214",0.5100001202
Rhode Island,12/1/2019,"$31,670,511","$2,571,755",8.10%,"$1,311,595",0.5099999806
Rhode Island,1/1/2020,"$26,939,692","$3,279,241",12.20%,"$1,672,413",0.5100000274
Rhode Island,2/1/2020,"$28,147,862","$2,323,432",8.30%,"$1,184,950",0.5099998623
Rhode Island,3/1/2020,"$8,949,157","$841,767",9.40%,"$429,301",0.509999798
Rhode Island,4/1/2020,"$591,377","$27,381",4.60%,"$13,964",0.5099886783
Rhode Island,5/1/2020,"$1,533,114","$163,472",10.70%,"$83,371",0.5100017128
Rhode Island,6/1/2020,"$2,032,803","$101,328",5.00%,"$51,677",0.5099972367
Rhode Island,7/1/2020,"$6,738,626","$351,425",5.20%,"$179,227",0.5100007114
Rhode Island,8/1/2020,"$23,116,965","$1,423,391",6.20%,"$725,929",0.509999712
Rhode Island,9/1/2020,"$31,293,150","$2,352,788",7.50%,"$1,199,922",0.510000051
Rhode Island,10/1/2020,"$34,704,413","$4,388,841",12.60%,"$2,238,309",0.5100000205
Rhode Island,11/1/2020,"$35,098,445","$6,281,321",17.90%,"$3,203,474",0.5100000462
Rhode Island,12/1/2020,"$22,770,472","$2,533,090",11.10%,"$1,291,876",0.5100000395
Rhode Island,1/1/2021,"$39,817,327","$3,717,199",9.30%,"$1,895,771",0.5099998682
Rhode Island,2/1/2021,"$34,110,104","$1,555,824",4.60%,"$793,470",0.5099998457
Rhode Island,3/1/2021,"$38,583,919","$3,976,140",10.30%,"$2,027,831",0.5099998994
Rhode Island,4/1/2021,"$29,040,966","$3,168,532",10.90%,"$1,615,951",0.509999899
Rhode Island,5/1/2021,"$28,252,139","$2,772,910",9.80%,"$1,414,184",0.5099999639
Rhode Island,6/1/2021,"$29,468,571","$3,666,029",12.40%,"$1,869,675",0.5100000573
Rhode Island,7/1/2021,"$22,095,960","$3,263,276",14.80%,"$1,664,271",0.5100000735
Rhode Island,8/1/2021,"$24,042,834","$1,129,859",4.70%,"$576,228",0.5099999203
Rhode Island,9/1/2021,"$41,203,997","$4,012,295",9.70%,"$2,046,270",0.5099998878
Rhode Island,10/1/2021,"$60,158,844","$3,608,570",6.00%,"$1,840,371",0.5100000831
Rhode Island,11/1/2021,"$52,747,831","$6,703,144",12.70%,"$3,418,603",0.5099999344
Rhode Island,12/1/2021,"$54,935,498","$1,177,717",2.10%,"$600,636",0.5100002802
Rhode Island,1/1/2022,"$58,614,487","$5,228,277",8.90%,"$2,666,421",0.5099999484
Rhode Island,2/1/2022,"$42,143,261","$3,566,393",8.50%,"$1,818,860",0.5099998794
Rhode Island,3/1/2022,"$45,766,958","$3,738,223",8.20%,"$1,906,494",0.5100000722
Rhode Island,4/1/2022,"$40,186,632","$2,632,134",6.50%,"$1,342,388",0.5099998708
Rhode Island,5/1/2022,"$41,103,489","$2,336,733",5.70%,"$1,191,734",0.5100000728
Rhode Island,6/1/2022,"$34,229,823","$2,352,896",6.90%,"$1,199,977",0.510000017
Rhode Island,7/1/2022,"$25,208,531","$2,872,076",11.40%,"$1,464,759",0.5100000836
Rhode Island,8/1/2022,"$27,744,694","$3,000,421",10.80%,"$1,530,215",0.5100000967
Rhode Island,9/1/2022,"$41,670,257","$6,361,823",15.30%,"$3,244,530",0.5100000424
Rhode Island,10/1/2022,"$55,527,937","$6,156,914",11.10%,"$3,140,026",0.5099999773
Rhode Island,11/1/2022,"$61,208,319","$4,862,856",7.90%,"$2,480,057",0.5100000905
Rhode Island,12/1/2022,"$59,205,426","$6,189,316",10.50%,"$3,156,551",0.5099999741
Rhode Island,1/1/2023,"$62,317,384","$5,164,799",8.30%,"$2,634,047",0.5099999051
Rhode Island,2/1/2023,"$43,065,996","$3,612,113",8.40%,"$1,842,178",0.5100001024
Rhode Island,3/1/2023,"$41,546,643","$3,968,567",9.60%,"$2,023,969",0.5099999572
Rhode Island,4/1/2023,"$37,496,094","$3,009,679",8.00%,"$1,534,936",0.5099999036
Rhode Island,5/1/2023,"$30,754,497","$3,898,405",12.70%,"$1,988,187",0.5100001154
Rhode Island,6/1/2023,"$23,723,659","$1,783,530",7.50%,"$909,600",0.5099998318
Rhode Island,7/1/2023,"$20,238,844","$1,896,983",9.40%,"$967,461",0.509999826
Rhode Island,8/1/2023,"$22,472,561","$1,365,807",6.10%,"$696,562",0.5100003148
Rhode Island,9/1/2023,"$37,645,368","$3,472,089",9.20%,"$1,770,765",0.5099998877
Rhode Island,10/1/2023,"$45,840,376","$4,545,634",9.90%,"$2,318,273",0.5099999252
Rhode Island,11/1/2023,"$48,277,794","$3,413,200",7.10%,"$1,740,732",0.51
Rhode Island,12/1/2023,"$47,904,210","$4,147,010",8.70%,"$2,114,975",0.5099999759
Rhode Island,1/1/2024,"$44,808,686","$4,999,921",11.20%,"$2,549,960",0.510000058
Rhode Island,2/1/2024,"$38,758,578","$2,888,343",7.50%,"$1,473,055",0.5100000242
Rhode Island,3/1/2024,"$44,895,394","$3,103,076",6.90%,"$1,582,569",0.5100000773
Rhode Island,4/1/2024,"$37,709,038","$2,740,781",7.30%,"$1,397,798",0.5099998869
Rhode Island,5/1/2024,"$37,252,539","$3,343,552",9.00%,"$1,705,212",0.5100001436
Rhode Island,6/1/2024,"$33,010,501","$2,664,593",8.10%,"$1,358,942",0.5099998386
Rhode Island,7/1/2024,"$24,848,015","$2,723,789",11.00%,"$1,389,132",0.5099998568
Rhode Island,8/1/2024,"$28,371,561","$1,864,079",6.60%,"$950,680",0.5099998444
Rhode Island,9/1/2024,"$43,604,786","$5,272,056",12.10%,"$2,688,749",0.5100000835
Rhode Island,10/1/2024,"$49,404,162","$2,118,202",4.30%,"$1,080,283",0.5099999906
Rhode Island,11/1/2024,"$50,647,990","$5,008,203",9.90%,"$2,554,184",0.5100000938
Rhode Island,12/1/2024,"$50,195,014","$1,145,319",2.30%,"$584,113",0.5100002707
Rhode Island,1/1/2025,"$47,358,801","$5,074,927",10.70%,"$2,588,213",0.5100000453
Rhode Island,2/1/2025,"$35,164,802","$2,976,309",8.50%,"$1,517,918",0.5100001378
Rhode Island,3/1/2025,"$43,701,613","$2,242,452",5.10%,"$1,143,651",0.5100002141
Rhode Island,4/1/2025,"$36,605,834","$2,701,470",7.40%,"$1,377,750",0.5100001111
Rhode Island,5/1/2025,"$35,521,600","$3,318,915",9.30%,"$1,692,647",0.5100001055
Rhode Island,6/1/2025,"$27,317,451","$3,167,345",11.60%,"$1,615,346",0.5100000158
South Dakota,9/1/2021,"$443,365","$71,320",16.10%,"$6,419",0.09000280426
South Dakota,10/1/2021,"$815,037","$98,037",12.00%,"$8,823",0.08999663392
South Dakota,11/1/2021,"$717,775","$74,919",10.40%,"$6,743",0.09000387085
South Dakota,12/1/2021,"$675,312","$10,306",1.50%,$928,0.09004463419
South Dakota,1/1/2022,"$835,252","$82,291",9.90%,"$7,406",0.08999769112
South Dakota,2/1/2022,"$685,631","$71,807",10.50%,"$6,463",0.0900051527
South Dakota,3/1/2022,"$975,347","$32,389",3.30%,"$2,915",0.08999969125
South Dakota,4/1/2022,"$368,517","-$13,735",-3.70%,"-$1,236",0.089989079
South Dakota,5/1/2022,"$307,995","$25,102",8.20%,"$2,259",0.08999282926
South Dakota,6/1/2022,"$301,217","$27,869",9.30%,"$2,508",0.08999246475
South Dakota,7/1/2022,"$259,180","$16,143",6.20%,"$1,453",0.09000805303
South Dakota,8/1/2022,"$266,673","$59,053",22.10%,"$5,315",0.09000389481
South Dakota,9/1/2022,"$711,577","$211,612",29.70%,"$19,045",0.08999962195
South Dakota,10/1/2022,"$862,170","$131,749",15.30%,"$11,857",0.08999688802
South Dakota,11/1/2022,"$861,660","$75,856",8.80%,"$6,827",0.08999947269
South Dakota,12/1/2022,"$757,610","$151,374",20.00%,"$13,624",0.09000224609
South Dakota,1/1/2023,"$910,312","$123,365",13.60%,"$11,103",0.0900012159
South Dakota,2/1/2023,"$717,137","$82,853",11.60%,"$7,457",0.090002776
South Dakota,3/1/2023,"$923,904","$161,368",17.50%,"$14,523",0.08999925636
South Dakota,4/1/2023,"$493,045","$22,503",4.60%,"$2,025",0.0899880016
South Dakota,5/1/2023,"$528,562","$22,536",4.30%,"$2,028",0.08998935037
South Dakota,6/1/2023,"$417,025","-$9,254",-2.20%,-$833,0.09001512859
South Dakota,7/1/2023,"$413,368","$20,087",4.90%,"$1,808",0.09000846319
South Dakota,8/1/2023,"$518,052","$37,453",7.20%,"$3,371",0.09000614103
South Dakota,9/1/2023,"$979,694","$170,129",17.40%,"$15,312",0.09000229238
South Dakota,10/1/2023,"$1,021,660","$174,906",17.10%,"$15,742",0.09000262998
South Dakota,11/1/2023,"$967,994","$49,887",5.20%,"$4,490",0.0900034077
South Dakota,12/1/2023,"$1,143,938","$154,098",13.50%,"$13,869",0.09000116809
South Dakota,1/1/2024,"$868,815","$94,756",10.90%,"$8,528",0.08999957786
South Dakota,2/1/2024,"$696,017","-$38,406",-5.50%,"-$3,457",0.0900119773
South Dakota,3/1/2024,"$1,242,270","$91,215",7.30%,"$8,209",0.08999616291
South Dakota,4/1/2024,"$503,508","-$11,700",-2.30%,"-$1,053",0.09
South Dakota,5/1/2024,"$495,491","$51,486",10.40%,"$4,634",0.09000504992
South Dakota,6/1/2024,"$557,595","$20,680",3.70%,"$1,861",0.08999032882
South Dakota,7/1/2024,"$452,755","$77,421",17.10%,"$6,968",0.0900014208
South Dakota,8/1/2024,"$505,986","$105,719",20.90%,"$9,515",0.09000274312
South Dakota,9/1/2024,"$967,837","$215,820",22.30%,"$19,424",0.0900009267
South Dakota,10/1/2024,"$915,592","$45,792",5.00%,"$4,121",0.08999388539
South Dakota,11/1/2024,"$1,001,806","$145,591",14.50%,"$13,103",0.08999869497
South Dakota,12/1/2024,"$1,029,042","-$22,332",-2.20%,"-$2,010",0.09000537346
South Dakota,1/1/2025,"$1,024,920","$108,976",10.60%,"$9,808",0.09000146821
South Dakota,2/1/2025,"$733,611","-$18,296",-2.50%,"-$1,647",0.09001967643
South Dakota,3/1/2025,"$1,575,140","$152,244",9.70%,"$13,702",0.09000026274
South Dakota,4/1/2025,"$635,392","$51,819",8.20%,"$4,664",0.0900055964
South Dakota,5/1/2025,"$611,837",-$478,-0.10%,-$43,0.089958159
South Dakota,6/1/2025,"$511,456","$63,201",12.40%,"$5,688",0.08999857597
Tennessee,11/1/2020,"$131,444,523","$13,224,908",10.10%,"$2,363,918",0.178747406
Tennessee,12/1/2020,"$180,900,000","$13,900,000",7.70%,"$3,080,000",0.2215827338
Tennessee,1/1/2021,"$211,300,000","$20,900,000",9.90%,"$4,300,000",0.2057416268
Tennessee,2/1/2021,"$176,300,000","$13,000,000",7.40%,"$2,600,000",0.2
Tennessee,3/1/2021,"$205,900,000","$18,000,000",8.70%,"$3,200,000",0.1777777778
Tennessee,4/1/2021,"$172,400,000","$15,500,000",9.00%,"$2,800,000",0.1806451613
Tennessee,5/1/2021,"$160,900,000","$15,400,000",9.60%,"$2,700,000",0.1753246753
Tennessee,6/1/2021,"$174,500,000","$18,300,000",10.50%,"$3,200,000",0.174863388
Tennessee,7/1/2021,"$144,559,000","$15,172,000",10.50%,"$2,600,000",0.17136831
Tennessee,8/1/2021,"$144,500,000","$13,200,000",9.10%,"$2,000,000",0.1515151515
Tennessee,9/1/2021,"$257,300,000","$25,600,000",9.90%,"$3,300,000",0.12890625
Tennessee,10/1/2021,"$375,300,000","$23,300,000",6.20%,"$3,400,000",0.1459227468
Tennessee,11/1/2021,"$365,700,000","$36,900,000",10.10%,"$5,900,000",0.1598915989
Tennessee,12/1/2021,"$341,800,000","$24,600,000",7.20%,"$3,300,000",0.1341463415
Tennessee,1/1/2022,"$386,059,756","$36,249,453",9.40%,"$5,817,504",0.1604852906
Tennessee,2/1/2022,"$313,298,305","$20,945,018",6.70%,"$3,026,574",0.1445009023
Tennessee,3/1/2022,"$370,230,004","$26,520,468",7.20%,"$4,550,242",0.1715747249
Tennessee,4/1/2022,"$292,796,670","$27,142,800",9.30%,"$4,649,129",0.1712840606
Tennessee,5/1/2022,"$261,582,468","$27,315,928",10.40%,"$4,766,458",0.174493724
Tennessee,6/1/2022,"$215,774,186","$15,855,649",7.30%,"$2,559,649",0.1614345146
Tennessee,7/1/2022,"$182,769,323","$18,174,226",9.90%,"$3,668,804",0.2018685142
Tennessee,8/1/2022,"$205,863,860","$27,200,883",13.20%,"$4,875,847",0.1792532617
Tennessee,9/1/2022,"$336,933,437","$46,285,200",13.70%,"$8,716,963",0.1883315401
Tennessee,10/1/2022,"$405,337,575","$37,295,159",9.20%,"$6,989,818",0.1874189087
Tennessee,11/1/2022,"$439,456,908","$47,248,222",10.80%,"$9,030,021",0.1911187473
Tennessee,12/1/2022,"$440,445,414","$49,176,885",11.20%,"$9,401,952",0.191186408
Tennessee,1/1/2023,"$410,773,606","$41,392,586",10.10%,"$7,269,600",0.1756256543
Tennessee,2/1/2023,"$327,326,201","$33,943,931",10.40%,"$6,380,150",0.1879614356
Tennessee,3/1/2023,"$392,667,304","$45,506,700",11.60%,"$8,752,898",0.1923430616
Tennessee,4/1/2023,"$318,416,216","$34,257,592",10.80%,"$6,435,653",0.1878606354
Tennessee,5/1/2023,"$279,794,996","$37,097,192",13.30%,"$7,145,077",0.1926042543
Tennessee,6/1/2023,"$230,337,515","$25,526,655",11.10%,"$4,635,761",0.1816047187
Tennessee,7/1/2023,"$214,114,055","$21,411,406",10.00%,"$3,951,411",0.184547012
Tennessee,8/1/2023,"$243,456,822","$24,345,682",10.00%,"$4,462,942",0.1833155465
Tennessee,9/1/2023,"$418,063,447","$41,806,345",10.00%,"$7,715,705",0.1845582291
Tennessee,10/1/2023,"$445,192,913","$44,519,291",10.00%,"$8,190,461",0.1839755489
Tennessee,11/1/2023,"$517,141,377","$51,714,138",10.00%,"$9,513,707",0.1839672354
Tennessee,12/1/2023,"$495,067,783","$49,506,778",10.00%,"$9,104,148",0.1838970009
Tennessee,1/1/2024,"$465,810,583","$46,581,058",10.00%,"$8,596,621",0.1845518623
Tennessee,2/1/2024,"$380,390,401","$38,039,040",10.00%,"$6,980,317",0.1835040264
Tennessee,3/1/2024,"$473,595,403","$47,359,540",10.00%,"$8,710,419",0.1839211065
Tennessee,4/1/2024,"$380,904,093","$38,090,409",10.00%,"$7,029,494",0.1845476114
Tennessee,5/1/2024,"$379,220,245","$37,922,025",10.00%,"$6,998,418",0.1845475815
Tennessee,6/1/2024,"$342,198,408","$34,219,841",10.00%,"$6,315,166",0.1845469124
Tennessee,7/1/2024,"$271,538,207","$27,153,821",10.00%,"$5,011,204",0.1845487602
Tennessee,8/1/2024,"$342,021,374","$34,202,137",10.00%,"$6,311,946",0.184548293
Tennessee,9/1/2024,"$520,834,560","$52,083,456",10.00%,"$9,612,392",0.1845574917
Tennessee,10/1/2024,"$547,764,023","$54,776,402",10.00%,"$10,109,043",0.184551059
Tennessee,11/1/2024,"$594,387,437","$59,438,744",10.00%,"$10,969,178",0.1845459251
Tennessee,12/1/2024,"$569,849,216","$56,984,922",10.00%,"$10,516,365",0.184546449
Tennessee,1/1/2025,"$543,646,737","$54,364,674",10.00%,"$10,032,973",0.1845494926
Tennessee,2/1/2025,"$413,505,815","$41,350,582",10.00%,"$7,631,217",0.1845492042
Tennessee,3/1/2025,"$548,598,949","$54,859,895",10.00%,"$10,124,355",0.184549296
Tennessee,4/1/2025,"$463,591,024","$46,359,102",10.00%,"$8,555,547",0.1845494548
Tennessee,5/1/2025,"$437,543,866","$43,754,387",10.00%,"$8,074,811",0.1845486031
Tennessee,6/1/2025,"$350,943,907","$35,094,391",10.00%,"$6,476,661",0.1845497476
Tennessee,7/1/2025,"$298,751,466","$29,875,147",10.00%,"$5,513,184",0.1845408158
Vermont,1/1/2024,"$19,913,914","$4,211,298",21.10%,"$1,146,703",0.2722920582
Vermont,2/1/2024,"$21,249,830","$2,547,167",12.00%,"$731,874",0.2873286282
Vermont,3/1/2024,"$20,196,054","$1,534,333",7.60%,"$441,030",0.2874408619
Vermont,4/1/2024,"$17,083,302","$1,807,282",10.60%,"$532,457",0.2946175528
Vermont,5/1/2024,"$12,607,502","$1,275,226",10.10%,"$382,430",0.2998919407
Vermont,6/1/2024,"$10,049,903","$1,030,762",10.30%,"$294,847",0.2860476036
Vermont,7/1/2024,"$9,466,746","$1,231,459",13.00%,"$366,664",0.2977476311
Vermont,8/1/2024,"$11,312,537","$951,673",8.40%,"$273,126",0.2869956382
Vermont,9/1/2024,"$16,665,000","$2,248,257",13.50%,"$656,455",0.291983968
Vermont,10/1/2024,"$17,332,715","$1,164,278",6.70%,"$339,378",0.2914922381
Vermont,11/1/2024,"$18,423,719","$2,155,615",11.70%,"$653,891",0.3033431295
Vermont,12/1/2024,"$24,453,075","$1,766,156",7.20%,"$524,309",0.2968644899
Vermont,1/1/2025,"$23,870,532","$3,242,704",13.60%,"$806,070",0.2485795805
Vermont,2/1/2025,"$21,534,379","$2,402,541",11.20%,"$693,284",0.2885628175
Vermont,3/1/2025,"$22,945,015","$1,490,783",6.50%,"$405,942",0.2723012001
Vermont,4/1/2025,"$16,238,019","$1,655,205",10.20%,"$482,245",0.2913506182
Vermont,5/1/2025,"$16,261,329","$1,882,399",11.60%,"$564,762",0.3000224713
Vermont,6/1/2025,"$14,004,898","$1,530,710",10.90%,"$454,195",0.2967217827
Vermont,7/1/2025,"$14,828,067","$1,396,731",9.40%,"$405,030",0.2899842561
Virginia,1/1/2021,"$58,896,564","$3,586,077",6.10%,"$39,710",0.01107338186
Virginia,2/1/2021,"$265,778,306","$12,238,780",4.60%,"$300,594",0.02456078139
Virginia,3/1/2021,"$304,066,245","$26,573,877",8.70%,"$1,183,488",0.04453576721
Virginia,4/1/2021,"$236,432,524","$19,442,317",8.20%,"$1,652,147",0.08497685744
Virginia,5/1/2021,"$226,963,573","$23,173,549",10.20%,"$2,381,116",0.1027514603
Virginia,6/1/2021,"$234,943,435","$22,006,296",9.40%,"$2,273,995",0.1033338368
Virginia,7/1/2021,"$161,901,955","$19,965,556",12.30%,"$1,864,433",0.0933824733
Virginia,8/1/2021,"$182,418,252","$17,967,427",9.80%,"$1,378,540",0.07672439688
Virginia,9/1/2021,"$293,851,531","$30,929,243",10.50%,"$1,557,499",0.05035684191
Virginia,10/1/2021,"$427,320,306","$30,160,385",7.10%,"$1,746,204",0.05789727154
Virginia,11/1/2021,"$402,621,132","$48,337,037",12.00%,"$4,233,167",0.08757605478
Virginia,12/1/2021,"$426,596,891","$31,515,015",7.40%,"$1,729,130",0.05486686267
Virginia,1/1/2022,"$485,544,417","$39,050,067",8.00%,"$2,876,609",0.07366463673
Virginia,2/1/2022,"$401,889,135","$27,498,133",6.80%,"$1,406,280",0.05114092655
Virginia,3/1/2022,"$469,484,017","$33,700,016",7.20%,"$2,116,289",0.06279786336
Virginia,4/1/2022,"$399,478,366","$36,275,264",9.10%,"$3,040,327",0.08381267742
Virginia,5/1/2022,"$351,452,931","$42,537,524",12.10%,"$3,896,270",0.09159606939
Virginia,6/1/2022,"$295,235,271","$25,965,182",8.80%,"$1,871,961",0.07209504636
Virginia,7/1/2022,"$266,001,583","$26,024,408",9.80%,"$3,725,308",0.1431466952
Virginia,8/1/2022,"$284,671,331","$36,978,897",13.00%,"$5,185,810",0.1402370114
Virginia,9/1/2022,"$411,273,323","$53,821,382",13.10%,"$8,285,587",0.1539460098
Virginia,10/1/2022,"$528,029,938","$51,164,199",9.70%,"$8,276,718",0.1617677626
Virginia,11/1/2022,"$518,818,987","$57,531,255",11.10%,"$9,079,686",0.1578217962
Virginia,12/1/2022,"$503,075,150","$50,687,278",10.10%,"$8,284,517",0.1634437146
Virginia,1/1/2023,"$513,154,592","$49,721,328",9.70%,"$6,368,899",0.1280918925
Virginia,2/1/2023,"$433,807,108","$39,766,908",9.20%,"$4,682,125",0.1177392268
Virginia,3/1/2023,"$511,614,541","$55,258,910",10.80%,"$7,413,213",0.1341541663
Virginia,4/1/2023,"$425,982,859","$45,121,878",10.60%,"$5,799,965",0.1285399734
Virginia,5/1/2023,"$403,719,160","$48,144,551",11.90%,"$6,285,305",0.1305507034
Virginia,6/1/2023,"$325,455,052","$32,668,025",10.00%,"$3,939,701",0.1205980772
Virginia,7/1/2023,"$293,611,789","$32,471,396",11.10%,"$4,115,218",0.1267336335
Virginia,8/1/2023,"$319,005,943","$32,359,889",10.10%,"$4,155,221",0.1284065282
Virginia,9/1/2023,"$520,304,187","$54,081,414",10.40%,"$7,040,532",0.1301839482
Virginia,10/1/2023,"$571,354,817","$63,996,952",11.20%,"$8,550,197",0.133603191
Virginia,11/1/2023,"$638,831,057","$43,003,244",6.70%,"$5,480,552",0.127445083
Virginia,12/1/2023,"$633,181,758","$63,607,011",10.00%,"$8,465,776",0.1330950137
Virginia,1/1/2024,"$652,879,751","$74,337,291",11.40%,"$9,932,122",0.1336088774
Virginia,2/1/2024,"$545,068,429","$50,040,797",9.20%,"$6,342,927",0.1267551154
Virginia,3/1/2024,"$635,593,137","$47,694,659",7.50%,"$6,251,083",0.1310646335
Virginia,4/1/2024,"$563,495,540","$60,594,584",10.80%,"$8,210,372",0.1354967962
Virginia,5/1/2024,"$505,594,449","$59,966,998",11.90%,"$8,087,375",0.1348637629
Virginia,6/1/2024,"$415,360,427","$45,490,748",11.00%,"$6,212,254",0.1365608233
Virginia,7/1/2024,"$377,641,472","$44,966,093",11.90%,"$6,054,606",0.134648256
Virginia,8/1/2024,"$416,689,216","$40,143,865",9.60%,"$5,241,930",0.1305786077
Virginia,9/1/2024,"$622,060,604","$71,538,700",11.50%,"$9,875,140",0.1380391313
Virginia,10/1/2024,"$696,103,392","$54,273,253",7.80%,"$7,349,324",0.1354133683
Virginia,11/1/2024,"$760,965,450","$86,351,240",11.30%,"$12,101,176",0.1401389951
Virginia,12/1/2024,"$734,380,460","$49,554,043",6.70%,"$6,598,301",0.1331536359
Virginia,1/1/2025,"$736,667,692","$87,381,242",11.90%,"$12,137,426",0.1389019625
Virginia,2/1/2025,"$556,836,877","$66,806,615",12.00%,"$9,303,968",0.1392671669
Virginia,3/1/2025,"$689,665,044","$50,678,283",7.30%,"$6,754,928",0.1332903879
Virginia,4/1/2025,"$609,713,988","$62,793,223",10.30%,"$8,517,817",0.1356486671
Virginia,5/1/2025,"$595,041,428","$72,401,035",12.20%,"$10,159,914",0.1403282978
Virginia,6/1/2025,"$477,848,533","$60,757,217",12.70%,"$8,674,412",0.1427717139
West Virginia,8/1/2018,"$305,192","$196,945",64.50%,"$19,695",0.1000025388
West Virginia,9/1/2018,"$7,333,626","$1,967,318",26.80%,"$553,447",0.2813205593
West Virginia,10/1/2018,"$11,147,951","$854,974",7.70%,"$941,937",1.101714204
West Virginia,11/1/2018,"$13,826,231","$1,207,363",8.70%,"$906,780",0.7510417331
West Virginia,12/1/2018,"$15,183,234","$2,396,963",15.80%,"$1,178,774",0.4917781376
West Virginia,1/1/2019,"$19,740,035","$1,400,944",7.10%,"$746,413",0.5327928882
West Virginia,2/1/2019,"$16,845,338","$228,286",1.40%,"$548,490",2.402644052
West Virginia,3/1/2019,"$15,088,168","$1,818,636",12.10%,"$979,656",0.5386762387
West Virginia,4/1/2019,"$10,978,040","$699,185",6.40%,"$353,645",0.505796034
West Virginia,5/1/2019,"$9,429,073","$719,098",7.60%,"$266,819",0.3710467836
West Virginia,6/1/2019,"$7,925,849","$425,216",5.40%,"$184,606",0.4341464103
West Virginia,7/1/2019,"$6,944,761","$694,934",10.00%,"$350,743",0.5047141167
West Virginia,8/1/2019,"$11,563,468","$1,536,864",13.30%,"$407,619",0.2652277625
West Virginia,9/1/2019,"$27,508,921","$4,119,457",15.00%,"$1,176,897",0.2856922648
West Virginia,10/1/2019,"$32,833,393","$3,197,821",9.70%,"$1,084,692",0.3391972221
West Virginia,11/1/2019,"$35,268,743","$1,884,367",5.30%,"$1,319,957",0.700477667
West Virginia,12/1/2019,"$34,159,637","$2,709,585",7.90%,"$1,075,855",0.3970552686
West Virginia,1/1/2020,"$39,140,547","$3,035,253",7.80%,"$1,123,159",0.3700380166
West Virginia,2/1/2020,"$40,914,714","-$397,120",-1.00%,"$340,008",-0.8561845286
West Virginia,3/1/2020,"$14,901,577","$1,118,217",7.50%,"$292,550",0.2616218498
West Virginia,4/1/2020,"$2,465,138","$129,540",5.30%,"$12,954",0.1
West Virginia,5/1/2020,"$5,466,523","$576,709",10.50%,"$58,916",0.1021589745
West Virginia,6/1/2020,"$6,147,910","$541,070",8.80%,"$132,159",0.2442549023
West Virginia,7/1/2020,"$15,072,228","$1,522,249",10.10%,"$307,630",0.2020891457
West Virginia,8/1/2020,"$45,185,356","$2,294,328",5.10%,"$802,836",0.3499220687
West Virginia,9/1/2020,"$67,610,819","$4,129,595",6.10%,"$979,149",0.2371053336
West Virginia,10/1/2020,"$49,997,860","$3,950,324",7.90%,"$1,001,548",0.2535356594
West Virginia,11/1/2020,"$52,271,787","$4,886,566",9.30%,"$1,534,920",0.3141101542
West Virginia,12/1/2020,"$61,566,896","$5,499,992",8.90%,"$2,270,979",0.4129058733
West Virginia,1/1/2021,"$57,103,775","$4,891,256",8.60%,"$1,172,935",0.2398024148
West Virginia,2/1/2021,"$38,015,260","$1,024,272",2.70%,"$468,878",0.4577670775
West Virginia,3/1/2021,"$45,917,290","$4,311,297",9.40%,"$739,658",0.1715627571
West Virginia,4/1/2021,"$28,995,033","$2,241,951",7.70%,"$969,756",0.4325500424
West Virginia,5/1/2021,"$28,264,642","$2,928,370",10.40%,"$528,480",0.1804689981
West Virginia,6/1/2021,"$28,054,400","$3,318,278",11.80%,"$1,228,294",0.3701600649
West Virginia,7/1/2021,"$21,290,275","$2,295,743",10.80%,"$545,011",0.2374007021
West Virginia,8/1/2021,"$26,131,251","$2,685,271",10.30%,"$573,628",0.2136201523
West Virginia,9/1/2021,"$52,193,627","$6,128,575",11.70%,"$989,354",0.1614329595
West Virginia,10/1/2021,"$68,074,615","$3,160,579",4.60%,"$1,430,931",0.4527433106
West Virginia,11/1/2021,"$88,190,136","$6,983,136",7.90%,"$3,116,045",0.4462243038
West Virginia,12/1/2021,"$64,710,557","$5,159,229",8.00%,"$1,647,603",0.3193506239
West Virginia,1/1/2022,"$65,125,042","$4,528,101",7.00%,"$1,506,172",0.3326277395
West Virginia,2/1/2022,"$48,476,816","$1,904,490",3.90%,"$583,439",0.3063492063
West Virginia,3/1/2022,"$55,672,438","$3,117,541",5.60%,"$1,786,015",0.572892225
West Virginia,4/1/2022,"$38,655,331","$3,067,780",7.90%,"$740,689",0.241441368
West Virginia,5/1/2022,"$40,439,679","$3,748,227",9.30%,"$712,092",0.189981023
West Virginia,6/1/2022,"$30,145,409","$2,066,930",6.90%,"$492,294",0.2381764259
West Virginia,7/1/2022,"$25,769,135","$2,706,044",10.50%,"$411,760",0.1521630838
West Virginia,8/1/2022,"$28,553,358","$3,455,974",12.10%,"$466,837",0.1350811667
West Virginia,9/1/2022,"$49,859,709","$7,217,919",14.50%,"$1,153,443",0.1598027077
West Virginia,10/1/2022,"$56,968,266","$5,427,011",9.50%,"$950,520",0.1751461348
West Virginia,11/1/2022,"$72,947,153","$5,521,747",7.60%,"$836,902",0.1515647131
West Virginia,12/1/2022,"$58,705,514","$8,060,617",13.70%,"$1,139,022",0.1413070488
West Virginia,1/1/2023,"$49,384,637","$4,019,360",8.10%,"$710,621",0.1767995402
West Virginia,2/1/2023,"$39,740,983","$2,726,640",6.90%,"$552,899",0.2027766775
West Virginia,3/1/2023,"$45,538,667","$4,469,377",9.80%,"$859,136",0.1922272388
West Virginia,4/1/2023,"$40,827,987","$3,107,176",7.60%,"$498,267",0.1603600826
West Virginia,5/1/2023,"$35,140,816","$3,849,531",11.00%,"$577,577",0.1500382774
West Virginia,6/1/2023,"$23,695,286","$2,053,727",8.70%,"$395,497",0.1925752546
West Virginia,7/1/2023,"$22,301,062","$2,719,702",12.20%,"$363,589",0.1336870731
West Virginia,8/1/2023,"$23,959,192","$2,595,871",10.80%,"$443,391",0.1708062535
West Virginia,9/1/2023,"$44,472,879","$4,333,428",9.70%,"$719,185",0.1659621436
West Virginia,10/1/2023,"$47,737,777","$6,376,269",13.40%,"$1,411,764",0.221409103
West Virginia,11/1/2023,"$56,419,080","$5,155,090",9.10%,"$1,649,340",0.3199439777
West Virginia,12/1/2023,"$54,009,052","$6,317,472",11.70%,"$1,587,084",0.2512213746
West Virginia,1/1/2024,"$50,562,352","$6,472,412",12.80%,"$971,084",0.1500343303
West Virginia,2/1/2024,"$39,271,363","$3,545,481",9.00%,"$780,226",0.2200621016
West Virginia,3/1/2024,"$47,219,129","$4,411,150",9.30%,"$921,618",0.2089291908
West Virginia,4/1/2024,"$36,508,941","$3,729,072",10.20%,"$576,448",0.1545821588
West Virginia,5/1/2024,"$32,951,615","$3,707,617",11.30%,"$505,848",0.1364348044
West Virginia,6/1/2024,"$27,404,227","$3,417,618",12.50%,"$894,193",0.261642173
West Virginia,7/1/2024,"$23,911,409","$3,026,553",12.70%,"$386,098",0.1275702094
West Virginia,8/1/2024,"$28,418,980","$4,139,945",14.60%,"$702,598",0.1697119165
West Virginia,9/1/2024,"$49,846,374","$7,621,383",15.30%,"$1,229,800",0.1613617896
West Virginia,10/1/2024,"$56,009,466","$4,873,697",8.70%,"$849,733",0.174350806
West Virginia,11/1/2024,"$58,674,358","$7,179,489",12.20%,"$1,600,379",0.2229098756
West Virginia,12/1/2024,"$54,636,599","$3,873,233",7.10%,"$690,719",0.1783313836
West Virginia,1/1/2025,"$52,652,101","$6,267,271",11.90%,"$802,647",0.1280696175
West Virginia,2/1/2025,"$38,329,029","$4,259,018",11.10%,"$938,801",0.2204266336
West Virginia,3/1/2025,"$51,498,749","$2,654,302",5.20%,"$582,517",0.2194614629
West Virginia,4/1/2025,"$37,293,218","$4,133,529",11.10%,"$490,653",0.1187007518
West Virginia,5/1/2025,"$32,450,942","$4,729,648",14.60%,"$560,647",0.1185388426
West Virginia,6/1/2025,"$26,799,032","$4,004,448",14.90%,"$497,218",0.1241664269
West Virginia,7/1/2025,"$21,944,991","$3,029,610",13.80%,"$367,734",0.1213799796
Wyoming,9/1/2021,"$6,242,469","$954,416",15.30%,"-$12,398",-0.01299014266
Wyoming,10/1/2021,"$10,847,657","$881,200",8.10%,"$16,021",0.0181808897
Wyoming,11/1/2021,"$10,973,008","$1,363,696",12.40%,"$86,499",0.063429826
Wyoming,12/1/2021,"$12,285,012","$813,504",6.60%,"$21,792",0.02678782157
Wyoming,1/1/2022,"$13,977,632","$1,098,460",7.90%,"$46,565",0.04239116581
Wyoming,2/1/2022,"$10,301,603","$722,631",7.00%,"$18,824",0.02604925612
Wyoming,3/1/2022,"$12,704,938","$1,101,236",8.70%,"$44,806",0.04068700987
Wyoming,4/1/2022,"$9,995,920","$1,007,796",10.10%,"$51,187",0.05079103311
Wyoming,5/1/2022,"$9,340,833","$1,011,714",10.80%,"$53,163",0.05254745906
Wyoming,6/1/2022,"$7,322,852","$673,269",9.20%,"$38,036",0.05649450665
Wyoming,7/1/2022,"$7,246,352","$680,740",9.40%,"$38,365",0.05635778711
Wyoming,8/1/2022,"$10,990,904","$1,237,815",11.30%,"$85,672",0.06921228132
Wyoming,9/1/2022,"$13,575,173","$1,932,519",14.20%,"$115,550",0.05979242636
Wyoming,10/1/2022,"$17,275,317","$2,039,620",11.80%,"$115,893",0.0568208784
Wyoming,11/1/2022,"$16,702,867","$1,478,158",8.80%,"$100,009",0.06765785525
Wyoming,12/1/2022,"$15,087,739","$1,803,272",12.00%,"$135,101",0.07491992334
Wyoming,1/1/2023,"$14,339,351","$1,587,273",11.10%,"$94,081",0.05927209749
Wyoming,2/1/2023,"$11,591,163","$1,106,141",9.50%,"$54,296",0.04908596644
Wyoming,3/1/2023,"$14,777,639","$1,837,412",12.40%,"$130,677",0.07112014072
Wyoming,4/1/2023,"$12,623,675","$1,264,212",10.00%,"$82,848",0.06553331245
Wyoming,5/1/2023,"$12,778,371","$1,306,929",10.20%,"$81,448",0.06232014134
Wyoming,6/1/2023,"$9,483,450","$775,389",8.20%,"$37,705",0.04862720518
Wyoming,7/1/2023,"$8,145,480","$998,740",12.30%,"$68,363",0.06844924605
Wyoming,8/1/2023,"$10,464,584","$1,207,821",11.50%,"$84,103",0.06963200673
Wyoming,9/1/2023,"$19,259,607","$1,525,986",7.90%,"$51,752",0.03391381048
Wyoming,10/1/2023,"$21,234,828","$2,271,665",10.70%,"$141,087",0.06210730896
Wyoming,11/1/2023,"$18,525,420","$1,562,756",8.40%,"$96,471",0.06173132594
Wyoming,12/1/2023,"$19,023,734","$1,849,624",9.70%,"$139,849",0.07560942116
Wyoming,1/1/2024,"$20,272,552","$2,662,550",13.10%,"$177,183",0.06654635594
Wyoming,2/1/2024,"$15,511,286","$1,946,594",12.50%,"$114,530",0.05883610039
Wyoming,3/1/2024,"$17,690,741","$1,718,721",9.70%,"$112,306",0.06534277524
Wyoming,4/1/2024,"$15,428,621","$1,499,242",9.70%,"$94,165",0.06280840585
Wyoming,5/1/2024,"$12,506,784","$1,664,699",13.30%,"$115,659",0.06947742505
Wyoming,6/1/2024,"$10,886,389","$1,080,628",9.90%,"$61,646",0.05704645817
Wyoming,7/1/2024,"$9,721,357","$1,503,414",15.50%,"$104,057",0.06921380272
Wyoming,8/1/2024,"$12,202,468","$1,593,257",13.10%,"$116,181",0.07292043908
Wyoming,9/1/2024,"$22,875,228","$2,953,222",12.90%,"$144,962",0.04908604907
Wyoming,10/1/2024,"$24,450,136","$1,927,422",7.90%,"$95,613",0.04960667669
Wyoming,11/1/2024,"$22,824,032","$3,422,167",15.00%,"$241,071",0.07044396138
Wyoming,12/1/2024,"$25,236,214","$838,736",3.30%,"$28,494",0.03397254917
Wyoming,1/1/2025,"$25,274,561","$2,896,369",11.50%,"$171,278",0.05913542094
Wyoming,2/1/2025,"$16,831,678","$2,106,645",12.50%,"$139,552",0.06624371928
Wyoming,3/1/2025,"$20,936,441","$1,140,417",5.40%,"$50,881",0.04461613603
Wyoming,4/1/2025,"$15,842,969","$1,795,453",11.30%,"$117,519",0.06545367659
Wyoming,5/1/2025,"$14,993,382","$2,070,033",13.80%,"$151,108",0.07299787008
Wyoming,6/1/2025,"$14,312,005","$2,022,373",14.10%,"$153,910",0.07610366634
Wyoming,7/1/2025,"$11,643,232","$1,286,796",11.10%,"$96,032",0.07462876789