state_name,state,state_fips,year,Population,Employment,Unemployment ,Unemployment rate,Marginally Food Insecure,Food Insecure,Very Low Food Secure,Gross State Product,Number of low income uninsured children,Percent Low Income Unisured Children,Personal income,Workers' compensation,AFDC/TANF Recipients,AFDC/TANF Caseloads,Food Stamp/SNAP Recipients,Food Stamp/SNAP Caseloads,AFDC/TANF Benefit for 2-Person family,AFDC/TANF Benefit for 3-person family,AFDC/TANF benefit for 4-person family,FS/SNAP Benefit for 1-person family,FS/SNAP Benefit for 2-person family,FS/SNAP Benefit for 3-person family,FS/SNAP Benefit for 4-person family,AFDC/TANF_FS 2-Person Benefit,AFDC/TANF_FS 3-Person Benefit,AFDC/TANF_FS 4-Person Benefit,Child-only AFDC/TANF cases,SSI-Federal,SSI-State,Total SSI,SSI_FS Benefit,Number of Poor (thousands),Poverty Rate,Governor is Democrat (1=Yes),Number in Lower House Democrat,Number in Lower House Republican,Fraction of State House that is Democrat,Number in Upper House Democrat,Number in Upper House Republican,Fraction of State Senate that is Democrat,EITC Phase-In Rate No Dependents,EITC Phase-In Rate 1 Dependent,EITC Phase-In Rate 2 Dependents,EITC Phase-In Rate 3 Dependents,EITC Maximum Credit No Dependents,EITC Maximum Credit 1 Dependent,EITC Maximum Credit 2 Dependents,EITC Maximum Credit 3 Dependents,EITC Phase-Out Rate No Dependents,EITC Phase-Out Rate 1 Dependent,EITC Phase-Out Rate 2 Dependents,EITC Phase-Out Rate 3 Dependents,State EITC Rate,Wisconsin EITC Rate 2 Dependents,Wisconsin EITC Rate 3 Dependents,Refundable State EITC (1=Yes),Federal Minimum Wage,State Minimum Wage,SSI recipients,SSI recipients--Aged,SSI recipients--Blind,SSI recipients--Disabled,Medicaid beneficiaries,WIC participation,NSLP Free Participation,NSLP Reduced Participation,NSLP Total Participation,SBP Free Participation,SBP Reduced Participation,SBP Total Participation,
AL,1,1,1980,3893888,1521183,148106,8.9,,,,36142,,,31037100,15220,179602,62733,582863,193483,89,118,148,63,115,165,209,204,283,357,,238,0,238,279,810,21.2,1,101,4,0.96,35,0,1.00,0.0000,0.1000,0.1000,0.1000,0,500,500,500,0.0000,0.1250,0.1250,0.1250,0.000,,,0,3.10,3.10,,,,,,,,,,,,,
AK,2,2,1980,401851,169397,18008,9.6,,,,15282,,,6285000,4897,15135,6158,28693,9837,400,457,514,98,180,258,327,564,681,790,,238,235,473,533,36,9.6,0,25,14,0.64,9,11,0.45,0.0000,0.1000,0.1000,0.1000,0,500,500,500,0.0000,0.1250,0.1250,0.1250,0.000,,,0,3.10,3.60,,,,,,,,,,,,,
AZ,3,4,1980,2718215,1146371,81630,6.6,,,,30764,,,26477600,60845,51245,18312,195560,65210,156,202,244,63,115,165,209,271,356,429,,238,0,238,279,354,12.8,1,18,42,0.30,14,16,0.47,0.0000,0.1000,0.1000,0.1000,0,500,500,500,0.0000,0.1250,0.1250,0.1250,0.000,,,0,3.10,3.10,,,,,,,,,,,,,
AR,4,5,1980,2286435,922894,75386,7.6,,,,20276,,,17388300,12021,84958,29457,300829,102998,133,161,188,63,115,165,209,248,326,390,,238,0,238,279,484,21.5,1,94,6,0.94,35,0,1.00,0.0000,0.1000,0.1000,0.1000,0,500,500,500,0.0000,0.1250,0.1250,0.1250,0.000,,,0,3.10,2.55,,,,,,,,,,,,,
CA,5,6,1980,23667902,10787673,791379,6.8,,,,327958,,,284308000,367598,1386871,476146,1492669,542672,382,473,563,63,115,165,209,432,546,653,,238,182,420,407,2619,11.0,1,50,30,0.63,25,14,0.64,0.0000,0.1000,0.1000,0.1000,0,500,500,500,0.0000,0.1250,0.1250,0.1250,0.000,,,0,3.10,3.10,,,,,,,,,,,,,
CO,6,8,1980,2889964,1405381,86267,5.8,,,,38332,,,32050800,66252,76821,27711,163415,61720,229,290,351,63,115,165,209,325,418,504,,238,55,293,318,247,8.6,1,27,38,0.42,13,22,0.37,0.0000,0.1000,0.1000,0.1000,0,500,500,500,0.0000,0.1250,0.1250,0.1250,0.000,,,0,3.10,1.90,,,,,,,,,,,,,
CT,7,9,1980,3107576,1496088,92202,5.8,,,,40770,,,38493900,17522,139078,47906,170002,64693,383,475,553,63,115,165,209,433,547,646,,238,102,340,351,255,8.3,1,103,48,0.68,26,10,0.72,0.0000,0.1000,0.1000,0.1000,0,500,500,500,0.0000,0.1250,0.1250,0.1250,0.000,,,0,3.10,3.12,,,,,,,,,,,,,
DE,8,10,1980,594338,262384,21571,7.6,,,,7898,,,6430500,2031,32264,11635,102564,41716,197,266,312,63,115,165,209,302,401,477,,238,0,238,279,68,11.8,0,21,20,0.51,13,8,0.62,0.0000,0.1000,0.1000,0.1000,0,500,500,500,0.0000,0.1250,0.1250,0.1250,0.000,,,0,3.10,2.00,,,,,,,,,,,,,
DC,9,11,1980,638333,298261,23736,7.4,,,,19862,,,8447400,8694,85202,30662,51612,19673,225,286,349,63,115,165,209,322,415,503,,238,15,253,290,131,20.9,.,,,,,,,0.0000,0.1000,0.1000,0.1000,0,500,500,500,0.0000,0.1250,0.1250,0.1250,0.000,,,0,3.10,3.10,,,,,,,,,,,,,
FL,10,12,1980,9746324,4014765,259581,6.1,,,,97899,,,99826800,65505,256179,93522,911953,340307,150,195,230,63,115,165,209,265,351,420,,238,0,238,279,1692,16.7,1,89,31,0.74,29,11,0.73,0.0000,0.1000,0.1000,0.1000,0,500,500,500,0.0000,0.1250,0.1250,0.1250,0.000,,,0,3.10,3.10,,,,,,,,,,,,,
GA,11,13,1980,5463105,2373390,160196,6.3,,,,56229,,,47192800,14159,221419,84616,627134,210035,137,164,193,63,115,165,209,252,329,394,,238,0,238,279,727,13.9,1,159,21,0.88,51,5,0.91,0.0000,0.1000,0.1000,0.1000,0,500,500,500,0.0000,0.1250,0.1250,0.1250,0.000,,,0,3.10,1.25,,,,,,,,,,,,,
HI,12,15,1980,964691,416797,22051,5.0,,,,13380,,,11483900,9213,60091,19441,102221,39553,390,468,546,84,158,226,287,517,639,755,,238,15,253,337,81,8.5,1,42,9,0.82,18,7,0.72,0.0000,0.1000,0.1000,0.1000,0,500,500,500,0.0000,0.1250,0.1250,0.1250,0.000,,,0,3.10,3.10,,,,,,,,,,,,,
ID,13,16,1980,943935,396448,32291,7.5,,,,9916,,,8394900,10440,20953,7781,60759,22184,260,323,367,63,115,165,209,347,441,515,,238,74,312,331,138,14.7,1,20,50,0.29,16,19,0.46,0.0000,0.1000,0.1000,0.1000,0,500,500,500,0.0000,0.1250,0.1250,0.1250,0.000,,,0,3.10,3.10,,,,,,,,,,,,,
IL,14,17,1980,11426518,5101693,452846,8.2,,,,145264,,,125211000,28506,671780,213781,903184,337725,238,288,350,63,115,165,209,331,416,504,,238,0,238,279,1386,12.3,0,89,88,0.50,32,27,0.54,0.0000,0.1000,0.1000,0.1000,0,500,500,500,0.0000,0.1250,0.1250,0.1250,0.000,,,0,3.10,2.30,,,,,,,,,,,,,
IN,15,18,1980,5490224,2372211,253333,9.6,,,,58870,,,51418700,14018,156876,54955,352963,118792,195,255,315,63,115,165,209,301,393,479,,238,0,238,279,645,11.8,0,46,54,0.46,21,29,0.42,0.0000,0.1000,0.1000,0.1000,0,500,500,500,0.0000,0.1250,0.1250,0.1250,0.000,,,0,3.10,3.10,,,,,,,,,,,,,
IA,16,19,1980,2913808,1348855,86301,6.0,,,,34582,,,27993700,3579,103694,37833,140916,54544,292,360,419,63,115,165,209,369,467,552,,238,0,238,279,311,10.8,0,44,56,0.44,22,28,0.44,0.0000,0.1000,0.1000,0.1000,0,500,500,500,0.0000,0.1250,0.1250,0.1250,0.000,,,0,3.10,3.10,,,,,,,,,,,,,
KS,17,20,1980,2363679,1134614,52811,4.4,,,,28298,,,23869200,6962,67762,25790,90246,35844,290,345,390,63,115,165,209,368,456,532,,238,0,238,279,215,9.4,1,56,69,0.45,18,22,0.45,0.0000,0.1000,0.1000,0.1000,0,500,500,500,0.0000,0.1250,0.1250,0.1250,0.000,,,0,3.10,3.10,,,,,,,,,,,,,
KY,18,21,1980,3660777,1526920,131904,8.0,,,,37017,,,29871600,50412,167478,62922,467997,151549,162,188,235,63,115,165,209,277,346,423,,238,0,238,279,701,19.3,1,75,25,0.75,29,9,0.76,0.0000,0.1000,0.1000,0.1000,0,500,500,500,0.0000,0.1250,0.1250,0.1250,0.000,,,0,3.10,2.15,,,,,,,,,,,,,
LA,19,22,1980,4205900,1664309,122392,6.9,,,,63925,,,37368800,9038,212602,68644,569480,192051,110,152,187,63,115,165,209,225,317,389,,238,0,238,279,868,20.3,0,96,9,0.91,39,0,1.00,0.0000,0.1000,0.1000,0.1000,0,500,500,500,0.0000,0.1250,0.1250,0.1250,0.000,,,0,3.10,3.10,,,,,,,,,,,,,
ME,20,23,1980,1124660,467389,38574,7.6,,,,10263,,,9653500,1074,60396,21364,139086,52946,207,280,352,63,115,165,209,309,411,505,,238,10,248,286,158,14.6,1,77,73,0.51,13,19,0.41,0.0000,0.1000,0.1000,0.1000,0,500,500,500,0.0000,0.1250,0.1250,0.1250,0.000,,,0,3.10,3.10,,,,,,,,,,,,,
MD,21,24,1980,4216975,2007042,141183,6.6,,,,47522,,,48503300,28816,212252,77105,323607,132586,211,270,326,63,115,165,209,312,404,487,,238,0,238,279,389,9.5,1,124,16,0.89,40,7,0.85,0.0000,0.1000,0.1000,0.1000,0,500,500,500,0.0000,0.1250,0.1250,0.1250,0.000,,,0,3.10,3.10,,,,,,,,,,,,,
MA,22,25,1980,5737037,2706635,161636,5.6,,,,69684,,,61388700,33163,350304,124396,453091,168950,314,379,444,63,115,165,209,384,480,569,,238,137,375,375,542,9.5,1,129,30,0.81,34,6,0.85,0.0000,0.1000,0.1000,0.1000,0,500,500,500,0.0000,0.1250,0.1250,0.1250,0.000,,,0,3.10,3.10,,,,,,,,,,,,,
MI,23,26,1980,9262078,3773197,530409,12.3,,,,104134,,,94684400,102549,684632,225095,813103,320168,350,425,501,63,115,165,209,410,512,609,,238,24,262,296,1194,12.9,0,70,40,0.64,24,14,0.63,0.0000,0.1000,0.1000,0.1000,0,500,500,500,0.0000,0.1250,0.1250,0.1250,0.000,,,0,3.10,3.10,,,,,,,,,,,,,
MN,24,27,1980,4075970,1983321,121479,5.8,,,,50219,,,42002100,29374,135121,49903,170622,68338,344,417,486,63,115,165,209,405,506,599,,238,34,272,303,342,8.7,0,67,67,0.50,47,20,0.70,0.0000,0.1000,0.1000,0.1000,0,500,500,500,0.0000,0.1250,0.1250,0.1250,0.000,,,0,3.10,2.90,,,,,,,,,,,,,
MS,25,28,1980,2520638,978337,78483,7.4,,,,21353,,,18097500,7071,173052,57691,496184,151714,60,96,120,63,115,165,209,175,261,329,,238,0,238,279,591,24.3,1,116,4,0.97,48,4,0.92,0.0000,0.1000,0.1000,0.1000,0,500,500,500,0.0000,0.1250,0.1250,0.1250,0.000,,,0,3.10,3.10,,,,,,,,,,,,,
MO,26,29,1980,4916686,2139848,166196,7.2,,,,52420,,,46120200,12036,199279,67674,335149,120322,199,248,290,63,115,165,209,304,388,462,,238,0,238,279,625,13.0,1,117,46,0.72,21,11,0.66,0.0000,0.1000,0.1000,0.1000,0,500,500,500,0.0000,0.1250,0.1250,0.1250,0.000,,,0,3.10,3.10,,,,,,,,,,,,,
MT,27,30,1980,786690,352700,22991,6.1,,,,8925,,,7211100,23429,19313,6901,43045,15768,193,259,331,63,115,165,209,300,396,490,,238,0,238,279,102,13.2,1,55,45,0.55,26,24,0.52,0.0000,0.1000,0.1000,0.1000,0,500,500,500,0.0000,0.1250,0.1250,0.1250,0.000,,,0,3.10,2.50,,,,,,,,,,,,,
NE,28,31,1980,1569825,739672,30249,3.9,,,,18294,,,14758200,2347,35226,12563,66153,24197,250,310,370,63,115,165,209,340,432,518,,238,75,313,332,199,13.0,0,,,,,,,0.0000,0.1000,0.1000,0.1000,0,500,500,500,0.0000,0.1250,0.1250,0.1250,0.000,,,0,3.10,3.10,,,,,,,,,,,,,
NV,29,32,1980,800493,403078,26506,6.2,,,,11633,,,9682800,110826,11787,4266,32333,13071,211,262,314,63,115,165,209,312,398,478,,238,47,285,312,70,8.3,0,26,14,0.65,15,5,0.75,0.0000,0.1000,0.1000,0.1000,0,500,500,500,0.0000,0.1250,0.1250,0.1250,0.000,,,0,3.10,2.75,,,,,,,,,,,,,
NH,30,33,1980,920610,445531,21127,4.5,,,,9263,,,9278200,2980,22312,8108,50153,19785,292,346,392,63,115,165,209,369,457,533,,238,46,284,311,63,7.0,1,174,224,0.44,12,12,0.50,0.0000,0.1000,0.1000,0.1000,0,500,500,500,0.0000,0.1250,0.1250,0.1250,0.000,,,0,3.10,3.10,,,,,,,,,,,,,
NJ,31,34,1980,7364823,3333840,257680,7.2,,,,88334,,,87046700,51824,459451,148144,605219,202277,273,360,414,63,115,165,209,356,467,548,,238,23,261,295,659,9.0,1,44,36,0.55,27,13,0.68,0.0000,0.1000,0.1000,0.1000,0,500,500,500,0.0000,0.1250,0.1250,0.1250,0.000,,,0,3.10,3.10,,,,,,,,,,,,,
NM,32,35,1980,1302894,523176,42881,7.6,,,,15731,,,11323000,11444,53442,18359,184653,60048,178,220,267,63,115,165,209,289,369,445,,238,0,238,279,268,20.6,1,41,29,0.59,33,9,0.79,0.0000,0.1000,0.1000,0.1000,0,500,500,500,0.0000,0.1250,0.1250,0.1250,0.000,,,0,3.10,2.90,,,,,,,,,,,,,
NY,33,36,1980,17558072,7378756,595598,7.5,,,,235746,,,193258500,280540,1099742,362737,1759038,704235,333,394,476,63,115,165,209,398,490,592,,238,63,301,323,2391,13.8,1,86,64,0.57,25,35,0.42,0.0000,0.1000,0.1000,0.1000,0,500,500,500,0.0000,0.1250,0.1250,0.1250,0.000,,,0,3.10,3.10,,,,,,,,,,,,,
NC,34,37,1980,5881766,2671472,182511,6.4,,,,58791,,,49247000,7517,197730,77411,581767,200104,167,192,210,63,115,165,209,281,349,406,,238,0,238,279,877,15.0,1,105,15,0.88,45,5,0.90,0.0000,0.1000,0.1000,0.1000,0,500,500,500,0.0000,0.1250,0.1250,0.1250,0.000,,,0,3.10,2.90,,,,,,,,,,,,,
ND,35,38,1980,652717,288400,14955,4.9,,,,7645,,,5269900,17222,12956,4775,25324,8870,270,334,408,63,115,165,209,354,448,544,,238,0,238,279,99,15.5,1,29,71,0.29,15,35,0.30,0.0000,0.1000,0.1000,0.1000,0,500,500,500,0.0000,0.1250,0.1250,0.1250,0.000,,,0,3.10,3.10,,,,,,,,,,,,,
OH,36,39,1980,10797630,4662318,425069,8.4,,,,121228,,,107184500,570025,513105,180228,864859,328325,216,263,327,63,115,165,209,316,399,487,,238,0,238,279,1046,9.8,0,62,37,0.63,18,15,0.55,0.0000,0.1000,0.1000,0.1000,0,500,500,500,0.0000,0.1250,0.1250,0.1250,0.000,,,0,3.10,3.10,,,,,,,,,,,,,
OK,37,40,1980,3025290,1310022,60705,4.4,,,,37608,,,29278800,60620,89219,30148,209045,82410,218,282,349,63,115,165,209,317,412,503,,238,79,317,334,406,13.9,1,75,26,0.74,39,9,0.81,0.0000,0.1000,0.1000,0.1000,0,500,500,500,0.0000,0.1250,0.1250,0.1250,0.000,,,0,3.10,3.10,,,,,,,,,,,,,
OR,38,41,1980,2633105,1188148,110033,8.5,,,,30001,,,27030400,121943,101935,38532,197033,83938,374,473,569,63,115,165,209,426,546,657,,238,12,250,288,309,11.5,0,34,25,0.58,23,7,0.77,0.0000,0.1000,0.1000,0.1000,0,500,500,500,0.0000,0.1250,0.1250,0.1250,0.000,,,0,3.10,2.90,,,,,,,,,,,,,
PA,39,42,1980,11863895,4999664,436264,8.0,,,,127181,,,119088400,74406,628972,214986,979643,419116,273,332,395,63,115,165,209,356,447,535,,238,32,270,302,1142,9.8,0,100,102,0.50,27,23,0.54,0.0000,0.1000,0.1000,0.1000,0,500,500,500,0.0000,0.1250,0.1250,0.1250,0.000,,,0,3.10,3.10,,,,,,,,,,,,,
RI,40,44,1980,947154,435133,33863,7.2,,,,9626,,,9390600,8924,52329,18117,86612,35338,276,340,389,63,115,165,209,358,453,531,,238,42,280,309,97,10.7,1,84,16,0.84,45,5,0.90,0.0000,0.1000,0.1000,0.1000,0,500,500,500,0.0000,0.1250,0.1250,0.1250,0.000,,,0,3.10,2.90,,,,,,,,,,,,,
SC,41,45,1980,3121820,1309817,94775,6.7,,,,27607,,,24966900,12651,152963,55463,426323,137640,99,129,158,63,115,165,209,214,294,367,,238,0,238,279,534,16.8,1,108,16,0.87,43,2,0.96,0.0000,0.1000,0.1000,0.1000,0,500,500,500,0.0000,0.1250,0.1250,0.1250,0.000,,,0,3.10,3.10,,,,,,,,,,,,,
SD,42,46,1980,690768,318952,16097,4.8,,,,6760,,,5712800,1306,20299,7474,43144,14915,280,321,361,63,115,165,209,361,439,511,,238,15,253,290,127,18.8,0,22,48,0.31,11,24,0.31,0.0000,0.1000,0.1000,0.1000,0,500,500,500,0.0000,0.1250,0.1250,0.1250,0.000,,,0,3.10,2.30,,,,,,,,,,,,,
TN,43,47,1980,4591120,1926451,154751,7.4,,,,44972,,,38078000,19386,161520,60852,624310,225466,97,122,148,63,115,165,209,212,287,357,,238,0,238,279,884,19.6,0,60,38,0.61,20,12,0.63,0.0000,0.1000,0.1000,0.1000,0,500,500,500,0.0000,0.1250,0.1250,0.1250,0.000,,,0,3.10,3.10,,,,,,,,,,,,,
TX,44,48,1980,14229191,6404883,347634,5.1,,,,203073,,,143140300,71582,308167,100680,1167109,361810,86,116,140,63,115,165,209,201,281,349,,238,0,238,279,2247,15.7,0,128,22,0.85,27,4,0.87,0.0000,0.1000,0.1000,0.1000,0,500,500,500,0.0000,0.1250,0.1250,0.1250,0.000,,,0,3.10,3.10,,,,,,,,,,,,,
UT,45,49,1980,1461037,590777,39050,6.2,,,,15311,,,12319300,30949,37448,12088,54167,18589,278,360,429,63,115,165,209,359,467,559,,238,10,248,286,148,10.0,1,25,50,0.33,10,19,0.34,0.0000,0.1000,0.1000,0.1000,0,500,500,500,0.0000,0.1250,0.1250,0.1250,0.000,,,0,3.10,2.60,,,,,,,,,,,,,
VT,46,50,1980,511456,234772,15474,6.2,,,,4856,,,4505300,218,22517,7567,45650,17783,410,492,553,63,115,165,209,452,559,646,,238,41,279,308,62,12.0,0,69,79,0.47,10,20,0.33,0.0000,0.1000,0.1000,0.1000,0,500,500,500,0.0000,0.1250,0.1250,0.1250,0.000,,,0,3.10,3.10,,,,,,,,,,,,,
VA,47,51,1980,5346818,2428172,132000,5.2,,,,58669,,,56726500,24894,165811,60761,384077,138932,258,310,360,63,115,165,209,345,432,511,,238,0,238,279,647,12.4,0,74,25,0.75,31,9,0.78,0.0000,0.1000,0.1000,0.1000,0,500,500,500,0.0000,0.1250,0.1250,0.1250,0.000,,,0,3.10,2.65,,,,,,,,,,,,,
WA,48,53,1980,4132156,1823883,160792,8.1,,,,52682,,,46241900,214011,153832,54822,248245,105161,376,458,536,63,115,165,209,428,535,634,,238,43,281,309,538,12.7,1,49,49,0.50,30,19,0.61,0.0000,0.1000,0.1000,0.1000,0,500,500,500,0.0000,0.1250,0.1250,0.1250,0.000,,,0,3.10,3.10,,,,,,,,,,,,,
WV,49,54,1980,1949644,711819,74406,9.5,,,,18408,,,15632700,115390,77244,27056,208815,67644,164,206,249,63,115,165,209,279,359,433,,238,0,238,279,297,15.2,1,74,26,0.74,26,8,0.76,0.0000,0.1000,0.1000,0.1000,0,500,500,500,0.0000,0.1250,0.1250,0.1250,0.000,,,0,3.10,2.20,,,,,,,,,,,,,
WI,50,55,1980,4705767,2186318,169845,7.2,,,,52899,,,47282000,6789,212513,77989,214798,75449,377,444,529,63,115,165,209,428,525,629,,238,100,338,349,403,8.5,0,60,39,0.61,21,10,0.68,0.0000,0.1000,0.1000,0.1000,0,500,500,500,0.0000,0.1250,0.1250,0.1250,0.000,,,0,3.10,3.00,,,,,,,,,,,,,
WY,51,56,1980,469557,226853,9087,3.9,,,,10428,,,5506300,25782,6848,2697,14342,5499,280,315,340,63,115,165,209,361,435,497,,238,20,258,293,49,10.4,1,20,42,0.32,11,19,0.37,0.0000,0.1000,0.1000,0.1000,0,500,500,500,0.0000,0.1250,0.1250,0.1250,0.000,,,0,3.10,1.60,,,,,,,,,,,,,
AL,1,1,1981,3918531,1500534,177118,10.6,,,,40257,,,34465500,22389,171185,61234,604863,211595,89,118,148,70,128,183,233,217,301,381,,265,0,265,316,935,24.1,1,100,4,0.96,35,0,1.00,0.0000,0.1000,0.1000,0.1000,0,500,500,500,0.0000,0.1250,0.1250,0.1250,0.000,,,0,3.35,3.35,,,,,,,,,,,,,
AK,2,2,1981,418491,177803,18354,9.4,,,,21824,,,7152300,5994,16375,6774,32383,11165,457,514,572,108,197,293,359,620,756,863,,265,261,526,580,36,9.0,0,22,16,0.58,10,10,0.50,0.0000,0.1000,0.1000,0.1000,0,500,500,500,0.0000,0.1250,0.1250,0.1250,0.000,,,0,3.35,3.85,,,,,,,,,,,,,
AZ,3,4,1981,2810107,1192377,79301,6.2,,,,34269,,,30247100,62833,61829,22410,210233,72087,156,202,244,70,128,183,233,284,384,464,,265,0,265,316,323,11.7,1,17,43,0.28,14,16,0.47,0.0000,0.1000,0.1000,0.1000,0,500,500,500,0.0000,0.1250,0.1250,0.1250,0.000,,,0,3.35,3.35,,,,,,,,,,,,,
AR,4,5,1981,2293201,933766,89397,8.7,,,,22891,,,19702600,15306,84267,29638,305371,107036,133,161,188,70,128,183,233,261,344,421,,265,0,265,316,541,24.1,0,93,7,0.93,34,1,0.97,0.0000,0.1000,0.1000,0.1000,0,500,500,500,0.0000,0.1250,0.1250,0.1250,0.000,,,0,3.35,2.70,,,,,,,,,,,,,
CA,5,6,1981,24285933,10953612,876177,7.4,,,,368808,,,319557200,406260,1522765,520037,1604859,594380,374,463,550,70,128,183,233,450,567,678,,265,174,439,437,3216,13.3,1,48,32,0.60,23,17,0.58,0.0000,0.1000,0.1000,0.1000,0,500,500,500,0.0000,0.1250,0.1250,0.1250,0.000,,,0,3.35,3.35,,,,,,,,,,,,,
CO,6,8,1981,2977898,1450918,88396,5.7,,,,43974,,,36882900,118890,81537,29518,175167,66880,249,311,375,70,128,183,233,362,461,556,,265,61,326,358,285,9.6,1,26,39,0.40,13,22,0.37,0.0000,0.1000,0.1000,0.1000,0,500,500,500,0.0000,0.1250,0.1250,0.1250,0.000,,,0,3.35,1.90,,,,,,,,,,,,,
CT,7,9,1981,3128836,1497809,98628,6.2,,,,45642,,,43243000,19489,141659,50000,175018,68302,331,406,477,70,128,183,233,420,527,627,,265,160,425,428,254,8.2,1,83,68,0.55,22,13,0.63,0.0000,0.1000,0.1000,0.1000,0,500,500,500,0.0000,0.1250,0.1250,0.1250,0.000,,,0,3.35,3.37,,,,,,,,,,,,,
DE,8,10,1981,595975,265348,22571,7.8,,,,8839,,,7094100,2379,32893,11951,101148,41967,197,266,312,70,128,183,233,325,429,511,,265,0,265,316,72,12.3,0,16,25,0.39,12,9,0.57,0.0000,0.1000,0.1000,0.1000,0,500,500,500,0.0000,0.1250,0.1250,0.1250,0.000,,,0,3.35,2.00,,,,,,,,,,,,,
DC,9,11,1981,636893,279230,27330,8.9,,,,21740,,,9094100,9442,80860,28811,55521,22252,225,286,349,70,128,183,233,346,443,537,,265,15,280,326,111,18.1,.,,,,,,,0.0000,0.1000,0.1000,0.1000,0,500,500,500,0.0000,0.1250,0.1250,0.1250,0.000,,,0,3.35,3.35,,,,,,,,,,,,,
FL,10,12,1981,10192774,4224775,302650,6.7,,,,112167,,,115731200,70887,277360,102949,957066,371221,150,195,230,70,128,183,233,278,378,454,,265,0,265,316,1704,16.6,1,81,39,0.68,27,13,0.68,0.0000,0.1000,0.1000,0.1000,0,500,500,500,0.0000,0.1250,0.1250,0.1250,0.000,,,0,3.35,3.35,,,,,,,,,,,,,
GA,11,13,1981,5568345,2434001,166074,6.4,,,,63751,,,53458800,21093,236251,91021,653544,227059,137,164,193,70,128,183,233,265,347,426,,265,0,265,316,881,16.3,1,156,23,0.87,51,5,0.91,0.0000,0.1000,0.1000,0.1000,0,500,500,500,0.0000,0.1250,0.1250,0.1250,0.000,,,0,3.35,1.25,,,,,,,,,,,,,
HI,12,15,1981,978195,425803,24374,5.4,,,,14640,,,12434100,10358,61542,20133,103968,40430,390,468,546,95,175,250,318,534,663,786,,265,15,280,375,108,11.3,1,39,12,0.76,17,8,0.68,0.0000,0.1000,0.1000,0.1000,0,500,500,500,0.0000,0.1250,0.1250,0.1250,0.000,,,0,3.35,3.35,,,,,,,,,,,,,
ID,13,16,1981,962204,397016,33334,7.7,,,,10677,,,9237600,13454,20018,7321,64323,23454,260,323,367,70,128,183,233,370,469,550,,265,74,339,367,171,17.7,1,14,56,0.20,12,23,0.34,0.0000,0.1000,0.1000,0.1000,0,500,500,500,0.0000,0.1250,0.1250,0.1250,0.000,,,0,3.35,3.35,,,,,,,,,,,,,
IL,14,17,1981,11443458,5114483,477726,8.5,,,,159649,,,138877000,25027,708556,231117,984399,380058,250,302,368,70,128,183,233,363,454,551,,265,100,365,386,1371,12.1,0,86,91,0.49,30,29,0.51,0.0000,0.1000,0.1000,0.1000,0,500,500,500,0.0000,0.1250,0.1250,0.1250,0.000,,,0,3.35,2.30,,,,,,,,,,,,,
IN,15,18,1981,5480435,2359393,258566,9.9,,,,64724,,,56407000,15429,172154,61077,405015,139130,195,255,315,70,128,183,233,323,422,514,,265,0,265,316,685,12.6,0,35,63,0.36,15,35,0.30,0.0000,0.1000,0.1000,0.1000,0,500,500,500,0.0000,0.1250,0.1250,0.1250,0.000,,,0,3.35,3.35,,,,,,,,,,,,,
IA,16,19,1981,2907983,1332833,93758,6.6,,,,38272,,,31681000,3858,109574,40463,162948,63725,292,360,419,70,128,183,233,392,495,586,,265,0,265,316,368,13.1,0,42,58,0.42,21,29,0.42,0.0000,0.1000,0.1000,0.1000,0,500,500,500,0.0000,0.1250,0.1250,0.1250,0.000,,,0,3.35,3.35,,,,,,,,,,,,,
KS,17,20,1981,2384849,1135918,51162,4.3,,,,31978,,,27049200,9712,74351,28525,108069,43355,290,345,390,70,128,183,233,391,485,566,,265,0,265,316,267,11.7,1,53,72,0.42,16,24,0.40,0.0000,0.1000,0.1000,0.1000,0,500,500,500,0.0000,0.1250,0.1250,0.1250,0.000,,,0,3.35,3.35,,,,,,,,,,,,,
KY,18,21,1981,3670394,1521899,143678,8.6,,,,41068,,,33237700,66586,175193,67639,519407,171772,162,188,235,70,128,183,233,290,371,458,,265,0,265,316,708,19.3,1,75,24,0.76,29,9,0.76,0.0000,0.1000,0.1000,0.1000,0,500,500,500,0.0000,0.1250,0.1250,0.1250,0.000,,,0,3.35,2.15,,,,,,,,,,,,,
LA,19,22,1981,4283303,1699027,155514,8.4,,,,77201,,,43084400,10474,215972,71218,573949,201057,125,173,213,70,128,183,233,253,356,442,,265,0,265,316,938,22.0,0,95,10,0.90,39,0,1.00,0.0000,0.1000,0.1000,0.1000,0,500,500,500,0.0000,0.1250,0.1250,0.1250,0.000,,,0,3.35,3.35,,,,,,,,,,,,,
ME,20,23,1981,1133033,472455,37520,7.4,,,,11255,,,10651600,2763,56614,21140,140400,55248,207,280,352,70,128,183,233,333,439,539,,265,10,275,323,179,16.0,1,84,67,0.56,16,17,0.48,0.0000,0.1000,0.1000,0.1000,0,500,500,500,0.0000,0.1250,0.1250,0.1250,0.000,,,0,3.35,3.35,,,,,,,,,,,,,
MD,21,24,1981,4261905,2013470,157849,7.3,,,,53117,,,54043000,48008,221304,81348,346283,145357,211,270,326,70,128,183,233,336,432,521,,265,0,265,316,442,10.7,1,125,15,0.89,40,7,0.85,0.0000,0.1000,0.1000,0.1000,0,500,500,500,0.0000,0.1250,0.1250,0.1250,0.000,,,0,3.35,3.35,,,,,,,,,,,,,
MA,22,25,1981,5768685,2751193,190449,6.5,,,,77833,,,68493400,30666,344343,124103,436983,165766,314,379,445,70,128,183,233,408,508,605,,265,137,402,411,518,8.9,1,128,31,0.81,32,7,0.82,0.0000,0.1000,0.1000,0.1000,0,500,500,500,0.0000,0.1250,0.1250,0.1250,0.000,,,0,3.35,3.35,,,,,,,,,,,,,
MI,23,26,1981,9209287,3768194,534679,12.4,,,,114676,,,101254200,102464,758616,246942,941784,386055,357,432,508,70,128,183,233,438,545,649,,265,24,289,332,1184,13.0,0,64,46,0.58,24,14,0.63,0.0000,0.1000,0.1000,0.1000,0,500,500,500,0.0000,0.1250,0.1250,0.1250,0.000,,,0,3.35,3.35,,,,,,,,,,,,,
MN,24,27,1981,4111728,1998992,123146,5.8,,,,55404,,,46547600,28955,148957,54649,201613,80064,344,417,486,70,128,183,233,429,535,633,,265,34,299,339,438,10.9,0,70,64,0.52,45,22,0.67,0.0000,0.1000,0.1000,0.1000,0,500,500,500,0.0000,0.1250,0.1250,0.1250,0.000,,,0,3.35,3.10,,,,,,,,,,,,,
MS,25,28,1981,2539036,969271,90050,8.5,,,,24023,,,20331600,8941,176255,60139,514362,163992,60,96,120,70,128,183,233,188,279,353,,265,0,265,316,618,25.7,1,115,4,0.97,48,4,0.92,0.0000,0.1000,0.1000,0.1000,0,500,500,500,0.0000,0.1250,0.1250,0.1250,0.000,,,0,3.35,3.35,,,,,,,,,,,,,
MO,26,29,1981,4932064,2144518,177443,7.6,,,,57763,,,51516600,13719,214533,73529,378448,138577,199,248,290,70,128,183,233,327,417,496,,265,0,265,316,634,13.2,0,111,52,0.68,23,10,0.70,0.0000,0.1000,0.1000,0.1000,0,500,500,500,0.0000,0.1250,0.1250,0.1250,0.000,,,0,3.35,3.35,,,,,,,,,,,,,
MT,27,30,1981,795328,358686,26352,6.8,,,,10201,,,8194300,29404,20428,7292,47041,17410,193,259,331,70,128,183,233,321,424,525,,265,0,265,316,107,13.1,1,43,57,0.43,21,29,0.42,0.0000,0.1000,0.1000,0.1000,0,500,500,500,0.0000,0.1250,0.1250,0.1250,0.000,,,0,3.35,2.50,,,,,,,,,,,,,
NE,28,31,1981,1578515,742310,32876,4.2,,,,20863,,,17140500,2845,38716,14011,74613,27990,270,335,400,70,128,183,233,377,478,573,,265,93,358,381,221,14.0,0,,,,,,,0.0000,0.1000,0.1000,0.1000,0,500,500,500,0.0000,0.1250,0.1250,0.1250,0.000,,,0,3.35,3.35,,,,,,,,,,,,,
NV,29,32,1981,847655,429828,33347,7.2,,,,13203,,,11011800,126028,14211,5252,37366,15607,211,262,314,70,128,183,233,336,426,513,,265,46,311,348,93,10.5,0,26,14,0.65,15,5,0.75,0.0000,0.1000,0.1000,0.1000,0,500,500,500,0.0000,0.1250,0.1250,0.1250,0.000,,,0,3.35,2.75,,,,,,,,,,,,,
NH,30,33,1981,936621,452885,24596,5.2,,,,10480,,,10517000,4323,23598,8686,54266,22047,292,346,392,70,128,183,233,392,485,567,,265,24,289,332,70,7.6,1,160,238,0.40,10,13,0.43,0.0000,0.1000,0.1000,0.1000,0,500,500,500,0.0000,0.1250,0.1250,0.1250,0.000,,,0,3.35,3.35,,,,,,,,,,,,,
NJ,31,34,1981,7407472,3337050,268052,7.4,,,,98755,,,97264600,60698,469279,154017,608345,220686,273,360,414,70,128,183,233,379,495,583,,265,25,290,333,736,10.0,1,43,37,0.54,27,13,0.68,0.0000,0.1000,0.1000,0.1000,0,500,500,500,0.0000,0.1250,0.1250,0.1250,0.000,,,0,3.35,3.35,,,,,,,,,,,,,
NM,32,35,1981,1332748,536024,42138,7.3,,,,18511,,,12799900,11706,55670,19548,182922,60951,178,220,267,70,128,183,233,306,397,480,,265,0,265,316,243,18.6,1,41,29,0.59,22,20,0.52,0.0000,0.1000,0.1000,0.1000,0,500,500,500,0.0000,0.1250,0.1250,0.1250,0.000,,,0,3.35,3.35,,,,,,,,,,,,,
NY,33,36,1981,17567734,7412890,609893,7.6,,,,261840,,,215680600,323733,1108387,369258,1851050,752950,401,477,563,70,128,183,233,469,577,687,,265,63,328,360,2516,14.4,1,86,63,0.58,25,35,0.42,0.0000,0.1000,0.1000,0.1000,0,500,500,500,0.0000,0.1250,0.1250,0.1250,0.000,,,0,3.35,3.35,,,,,,,,,,,,,
NC,34,37,1981,5956653,2722639,189329,6.5,,,,65869,,,55496700,11553,200561,80221,604966,212685,167,192,210,70,128,183,233,295,375,440,,265,0,265,316,1016,17.5,1,95,24,0.80,40,10,0.80,0.0000,0.1000,0.1000,0.1000,0,500,500,500,0.0000,0.1250,0.1250,0.1250,0.000,,,0,3.35,2.90,,,,,,,,,,,,,
ND,35,38,1981,659505,294628,14938,4.8,,,,9954,,,6899400,20947,13293,4937,29221,10170,259,334,408,70,128,183,233,369,477,579,,265,0,265,316,89,14.2,0,27,73,0.27,10,40,0.20,0.0000,0.1000,0.1000,0.1000,0,500,500,500,0.0000,0.1250,0.1250,0.1250,0.000,,,0,3.35,3.35,,,,,,,,,,,,,
OH,36,39,1981,10788330,4624361,481475,9.4,,,,132782,,,116652400,516716,589728,205157,976453,380324,216,263,327,70,128,183,233,339,427,522,,265,0,265,316,1369,12.7,0,54,45,0.55,15,18,0.45,0.0000,0.1000,0.1000,0.1000,0,500,500,500,0.0000,0.1250,0.1250,0.1250,0.000,,,0,3.35,3.35,,,,,,,,,,,,,
OK,37,40,1981,3096164,1386295,52315,3.6,,,,45430,,,34204100,69762,90549,31121,206097,82211,218,282,349,70,128,183,233,341,440,537,,265,79,344,371,413,13.8,1,73,28,0.72,37,11,0.77,0.0000,0.1000,0.1000,0.1000,0,500,500,500,0.0000,0.1250,0.1250,0.1250,0.000,,,0,3.35,3.10,,,,,,,,,,,,,
OR,38,41,1981,2667982,1202242,130426,9.8,,,,31590,,,29169600,136081,92346,34989,232078,97491,286,339,409,70,128,183,233,388,480,579,,265,12,277,324,331,12.3,0,33,27,0.55,22,8,0.73,0.0000,0.1000,0.1000,0.1000,0,500,500,500,0.0000,0.1250,0.1250,0.1250,0.000,,,0,3.35,3.10,,,,,,,,,,,,,
PA,39,42,1981,11858567,5019066,459309,8.4,,,,138573,,,131482100,83651,643323,220974,1071429,462074,262,318,381,70,128,183,233,371,466,560,,265,32,297,338,1367,11.6,0,100,103,0.49,23,25,0.48,0.0000,0.1000,0.1000,0.1000,0,500,500,500,0.0000,0.1250,0.1250,0.1250,0.000,,,0,3.35,3.35,,,,,,,,,,,,,
RI,40,44,1981,953013,438978,36943,7.8,,,,10729,,,10463800,7905,54693,19058,88208,36801,368,453,518,70,128,183,233,446,560,656,,265,46,311,348,109,11.7,1,82,18,0.82,43,7,0.86,0.0000,0.1000,0.1000,0.1000,0,500,500,500,0.0000,0.1250,0.1250,0.1250,0.000,,,0,3.35,3.10,,,,,,,,,,,,,
SC,41,45,1981,3179255,1323937,117019,8.1,,,,31048,,,28120400,14870,156617,58074,443401,151821,99,129,158,70,128,183,233,227,312,391,,265,0,265,316,615,18.4,1,107,17,0.86,41,5,0.89,0.0000,0.1000,0.1000,0.1000,0,500,500,500,0.0000,0.1250,0.1250,0.1250,0.000,,,0,3.35,3.35,,,,,,,,,,,,,
SD,42,46,1981,689584,317807,16578,5.0,,,,7661,,,6651800,1844,18639,6918,45641,15759,280,321,361,70,128,183,233,384,468,546,,265,15,280,326,132,19.5,0,21,49,0.30,10,25,0.29,0.0000,0.1000,0.1000,0.1000,0,500,500,500,0.0000,0.1250,0.1250,0.1250,0.000,,,0,3.35,2.30,,,,,,,,,,,,,
TN,43,47,1981,4627658,1920257,188815,9.0,,,,50265,,,42383300,27470,173697,66094,676935,256608,97,122,148,70,128,183,233,225,305,381,,265,0,265,316,943,20.9,0,57,39,0.59,20,12,0.63,0.0000,0.1000,0.1000,0.1000,0,500,500,500,0.0000,0.1250,0.1250,0.1250,0.000,,,0,3.35,3.35,,,,,,,,,,,,,
TX,44,48,1981,14746318,6686969,374501,5.3,,,,245235,,,168292400,64843,325113,108203,1226009,383121,86,116,140,70,128,183,233,214,299,373,,265,0,265,316,2258,15.4,0,114,35,0.77,23,7,0.77,0.0000,0.1000,0.1000,0.1000,0,500,500,500,0.0000,0.1250,0.1250,0.1250,0.000,,,0,3.35,3.35,,,,,,,,,,,,,
UT,45,49,1981,1515471,604666,42414,6.6,,,,17320,,,13892700,39289,42242,13648,65205,22648,269,348,415,70,128,183,233,376,487,584,,265,10,275,323,185,12.2,1,17,58,0.23,7,22,0.24,0.0000,0.1000,0.1000,0.1000,0,500,500,500,0.0000,0.1250,0.1250,0.1250,0.000,,,0,3.35,2.75,,,,,,,,,,,,,
VT,46,50,1981,515594,242633,14948,5.8,,,,5436,,,5069100,570,24681,8338,48324,19418,410,492,552,70,128,183,233,475,587,679,,265,44,309,346,66,12.3,0,64,86,0.43,14,16,0.47,0.0000,0.1000,0.1000,0.1000,0,500,500,500,0.0000,0.1250,0.1250,0.1250,0.000,,,0,3.35,3.35,,,,,,,,,,,,,
VA,47,51,1981,5444097,2450737,156817,6.0,,,,66179,,,63698200,27896,174634,64893,432149,162089,203,258,305,70,128,183,233,330,424,507,,265,0,265,316,662,12.6,0,66,33,0.67,31,9,0.78,0.0000,0.1000,0.1000,0.1000,0,500,500,500,0.0000,0.1250,0.1250,0.1250,0.000,,,0,3.35,3.35,,,,,,,,,,,,,
WA,48,53,1981,4235731,1806668,190781,9.6,,,,58918,,,51391300,272114,154916,57125,270982,162090,361,440,515,70,128,183,233,441,551,654,,265,38,303,342,471,11.3,0,42,56,0.43,24,25,0.49,0.0000,0.1000,0.1000,0.1000,0,500,500,500,0.0000,0.1250,0.1250,0.1250,0.000,,,0,3.35,3.35,,,,,,,,,,,,,
WV,49,54,1981,1954124,703240,83046,10.6,,,,19837,,,17051200,133519,80623,28569,252417,114368,164,206,249,70,128,183,233,292,387,467,,265,0,265,316,398,19.9,1,78,22,0.78,27,7,0.79,0.0000,0.1000,0.1000,0.1000,0,500,500,500,0.0000,0.1250,0.1250,0.1250,0.000,,,0,3.35,2.75,,,,,,,,,,,,,
WI,50,55,1981,4726343,2188204,190599,8.0,,,,57494,,,51613400,7124,240691,87815,268973,81750,377,444,529,70,128,183,233,452,554,663,,265,100,365,386,384,8.1,0,59,39,0.60,19,14,0.58,0.0000,0.1000,0.1000,0.1000,0,500,500,500,0.0000,0.1250,0.1250,0.1250,0.000,,,0,3.35,3.25,,,,,,,,,,,,,
WY,51,56,1981,491712,239862,10132,4.1,,,,12703,,,6299800,37733,7003,2744,14881,5702,280,315,340,70,128,183,233,384,464,531,,265,20,285,330,43,8.9,1,23,39,0.37,11,19,0.37,0.0000,0.1000,0.1000,0.1000,0,500,500,500,0.0000,0.1250,0.1250,0.1250,0.000,,,0,3.35,1.60,,,,,,,,,,,,,
AL,1,1,1982,3925266,1474143,242181,14.1,,,,41778,,,36396100,29751,156038,55481,601393,206467,89,118,148,70,128,183,233,217,301,381,,284,0,284,329,849,21.6,1,100,4,0.96,35,0,1.00,0.0000,0.1000,0.1000,0.1000,0,500,500,500,0.0000,0.1250,0.1250,0.1250,0.000,,,0,3.35,3.35,,,,,,,,,,,,,
AK,2,2,1982,449606,191699,21107,9.9,,,,23461,,,8733400,7152,12820,5435,29561,10088,400,571,634,108,197,293,359,581,796,906,,284,261,545,593,46,10.6,0,22,16,0.58,10,10,0.50,0.0000,0.1000,0.1000,0.1000,0,500,500,500,0.0000,0.1250,0.1250,0.1250,0.000,,,0,3.35,3.85,,,,,,,,,,,,,
AZ,3,4,1982,2889861,1206118,135649,10.1,,,,35794,,,32197400,72889,61862,22151,215451,72528,156,202,244,70,128,183,233,284,384,464,,284,0,284,329,408,14.8,1,17,43,0.28,14,16,0.47,0.0000,0.1000,0.1000,0.1000,0,500,500,500,0.0000,0.1250,0.1250,0.1250,0.000,,,0,3.35,3.35,,,,,,,,,,,,,
AR,4,5,1982,2294257,922554,101552,9.9,,,,23527,,,20702300,17398,67612,23748,301560,103906,101,122,142,70,128,183,233,229,305,375,,284,0,284,329,527,23.8,0,93,7,0.93,34,1,0.97,0.0000,0.1000,0.1000,0.1000,0,500,500,500,0.0000,0.1250,0.1250,0.1250,0.000,,,0,3.35,2.80,,,,,,,,,,,,,
CA,5,6,1982,24820009,10942811,1209561,10.0,,,,393788,,,342342500,403245,1522398,514800,1651198,594238,408,506,601,70,128,183,233,474,597,714,,284,167,451,446,3475,14.1,1,48,32,0.60,23,17,0.58,0.0000,0.1000,0.1000,0.1000,0,500,500,500,0.0000,0.1250,0.1250,0.1250,0.000,,,0,3.35,3.35,,,,,,,,,,,,,
CO,6,8,1982,3061564,1478789,117152,7.3,,,,47654,,,40505900,144500,75842,26373,166240,62638,247,313,379,70,128,183,233,361,462,558,,284,57,341,369,387,12.6,1,26,39,0.40,13,22,0.37,0.0000,0.1000,0.1000,0.1000,0,500,500,500,0.0000,0.1250,0.1250,0.1250,0.000,,,0,3.35,1.90,,,,,,,,,,,,,
CT,7,9,1982,3139013,1498489,110315,6.9,,,,50196,,,46701300,19581,127475,44153,166018,63916,402,498,581,70,128,183,233,469,592,700,,284,164,448,444,254,8.1,1,83,68,0.55,22,13,0.63,0.0000,0.1000,0.1000,0.1000,0,500,500,500,0.0000,0.1250,0.1250,0.1250,0.000,,,0,3.35,3.37,,,,,,,,,,,,,
DE,8,10,1982,599148,269723,24668,8.4,,,,9498,,,7634100,2919,28081,10030,91431,38045,197,266,312,70,128,183,233,325,429,511,,284,0,284,329,70,11.5,0,16,25,0.39,12,9,0.57,0.0000,0.1000,0.1000,0.1000,0,500,500,500,0.0000,0.1250,0.1250,0.1250,0.000,,,0,3.35,2.00,,,,,,,,,,,,,
DC,9,11,1982,634174,275427,32112,10.4,,,,22958,,,9694100,10367,71049,26054,51231,19651,225,286,349,70,128,183,233,346,443,537,,284,15,299,339,117,19.3,.,,,,,,,0.0000,0.1000,0.1000,0.1000,0,500,500,500,0.0000,0.1250,0.1250,0.1250,0.000,,,0,3.35,3.35,,,,,,,,,,,,,
FL,10,12,1982,10471407,4330894,398564,8.4,,,,122282,,,125053400,76579,259793,95715,860861,334596,150,195,230,70,128,183,233,278,378,454,,284,0,284,329,1601,15.2,1,81,39,0.68,27,13,0.68,0.0000,0.1000,0.1000,0.1000,0,500,500,500,0.0000,0.1250,0.1250,0.1250,0.000,,,0,3.35,3.35,,,,,,,,,,,,,
GA,11,13,1982,5649792,2448223,207672,7.8,,,,68451,,,57866800,28248,230505,85794,628681,214864,153,183,216,70,128,183,233,281,366,444,,284,0,284,329,1074,19.6,1,156,23,0.87,51,5,0.91,0.0000,0.1000,0.1000,0.1000,0,500,500,500,0.0000,0.1250,0.1250,0.1250,0.000,,,0,3.35,1.25,,,,,,,,,,,,,
HI,12,15,1982,993780,429816,28962,6.3,,,,15740,,,13166200,11527,56135,18217,96672,37010,390,468,546,95,175,250,318,534,663,786,,284,15,299,390,132,13.2,1,39,12,0.76,17,8,0.68,0.0000,0.1000,0.1000,0.1000,0,500,500,500,0.0000,0.1250,0.1250,0.1250,0.000,,,0,3.35,3.35,,,,,,,,,,,,,
ID,13,16,1982,973721,398783,43973,9.9,,,,10689,,,9699600,13860,17479,6515,69827,24123,245,305,345,70,128,183,233,360,457,535,,284,63,347,373,151,15.6,1,14,56,0.20,12,23,0.34,0.0000,0.1000,0.1000,0.1000,0,500,500,500,0.0000,0.1250,0.1250,0.1250,0.000,,,0,3.35,3.35,,,,,,,,,,,,,
IL,14,17,1982,11423412,4976383,637866,11.4,,,,164267,,,147011700,21135,711699,227349,1028831,396338,250,302,368,70,128,183,233,363,454,551,,284,28,312,348,1512,13.4,0,86,91,0.49,30,29,0.51,0.0000,0.1000,0.1000,0.1000,0,500,500,500,0.0000,0.1250,0.1250,0.1250,0.000,,,0,3.35,2.30,,,,,,,,,,,,,
IN,15,18,1982,5467922,2288032,311359,12.0,,,,64982,,,58429300,15675,156620,53894,423087,141556,195,255,315,70,128,183,233,323,422,514,,284,0,284,329,683,12.6,0,35,63,0.36,15,35,0.30,0.0000,0.1000,0.1000,0.1000,0,500,500,500,0.0000,0.1250,0.1250,0.1250,0.000,,,0,3.35,3.35,,,,,,,,,,,,,
IA,16,19,1982,2888189,1303292,121091,8.5,,,,37289,,,32544400,4142,90624,33151,177644,67955,292,360,419,70,128,183,233,392,495,586,,284,0,284,329,371,13.4,0,42,58,0.42,21,29,0.42,0.0000,0.1000,0.1000,0.1000,0,500,500,500,0.0000,0.1250,0.1250,0.1250,0.000,,,0,3.35,3.35,,,,,,,,,,,,,
KS,17,20,1982,2401202,1118684,74884,6.3,,,,33491,,,29326800,10764,63775,22622,119127,46718,197,353,399,70,128,183,233,325,490,572,,284,0,284,329,247,10.4,1,53,72,0.42,16,24,0.40,0.0000,0.1000,0.1000,0.1000,0,500,500,500,0.0000,0.1250,0.1250,0.1250,0.000,,,0,3.35,3.35,,,,,,,,,,,,,
KY,18,21,1982,3683445,1501527,181559,10.8,,,,42184,,,35402000,73694,148430,55558,524325,171453,162,188,235,70,128,183,233,290,371,458,,284,0,284,329,587,16.2,1,75,24,0.76,29,9,0.76,0.0000,0.1000,0.1000,0.1000,0,500,500,500,0.0000,0.1250,0.1250,0.1250,0.000,,,0,3.35,2.15,,,,,,,,,,,,,
LA,19,22,1982,4352608,1675507,192064,10.3,,,,78067,,,46379700,11929,192202,63089,527742,180760,125,173,213,70,128,183,233,253,356,442,,284,0,284,329,976,22.7,0,95,10,0.90,39,0,1.00,0.0000,0.1000,0.1000,0.1000,0,500,500,500,0.0000,0.1250,0.1250,0.1250,0.000,,,0,3.35,3.35,,,,,,,,,,,,,
ME,20,23,1982,1136684,475163,43421,8.4,,,,12115,,,11581000,4562,49557,17557,128546,50286,223,301,378,70,128,183,233,344,454,558,,284,10,294,336,156,13.7,1,84,67,0.56,16,17,0.48,0.0000,0.1000,0.1000,0.1000,0,500,500,500,0.0000,0.1250,0.1250,0.1250,0.000,,,0,3.35,3.35,,,,,,,,,,,,,
MD,21,24,1982,4282923,1994763,180215,8.3,,,,56339,,,58610600,59331,197019,71376,321470,130933,211,270,326,70,128,183,233,336,432,521,,284,0,284,329,516,12.3,1,125,15,0.89,40,7,0.85,0.0000,0.1000,0.1000,0.1000,0,500,500,500,0.0000,0.1250,0.1250,0.1250,0.000,,,0,3.35,3.35,,,,,,,,,,,,,
MA,22,25,1982,5771222,2756493,230644,7.7,,,,83777,,,75098500,27862,285999,104169,431973,181403,314,379,445,70,128,183,233,408,508,605,,284,137,421,425,590,10.3,1,128,31,0.81,32,7,0.82,0.0000,0.1000,0.1000,0.1000,0,500,500,500,0.0000,0.1250,0.1250,0.1250,0.000,,,0,3.35,3.35,,,,,,,,,,,,,
MI,23,26,1982,9115198,3627584,659554,15.4,,,,115166,,,104816500,221332,727195,231830,980971,391544,364,436,506,70,128,183,233,443,548,647,,284,24,308,346,1481,16.2,0,64,46,0.58,24,14,0.63,0.0000,0.1000,0.1000,0.1000,0,500,500,500,0.0000,0.1250,0.1250,0.1250,0.000,,,0,3.35,3.35,,,,,,,,,,,,,
MN,24,27,1982,4131450,1983510,170390,7.9,,,,57472,,,49867500,29781,133824,46697,209132,78665,368,446,520,70,128,183,233,446,555,657,,284,35,319,353,546,13.3,0,70,64,0.52,44,23,0.66,0.0000,0.1000,0.1000,0.1000,0,500,500,500,0.0000,0.1250,0.1250,0.1250,0.000,,,0,3.35,3.35,,,,,,,,,,,,,
MS,25,28,1982,2556777,946018,117535,11.1,,,,24614,,,21465400,10848,151088,52015,495732,157417,60,96,120,70,128,183,233,188,279,353,,284,0,284,329,562,22.9,1,115,4,0.97,48,4,0.92,0.0000,0.1000,0.1000,0.1000,0,500,500,500,0.0000,0.1250,0.1250,0.1250,0.000,,,0,3.35,3.35,,,,,,,,,,,,,
MO,26,29,1982,4929451,2111744,214634,9.2,,,,60699,,,55083500,14999,182434,64524,381413,136133,199,248,290,70,128,183,233,327,417,496,,284,0,284,329,699,14.6,0,111,52,0.68,23,10,0.70,0.0000,0.1000,0.1000,0.1000,0,500,500,500,0.0000,0.1250,0.1250,0.1250,0.000,,,0,3.35,3.35,,,,,,,,,,,,,
MT,27,30,1982,803986,355711,33098,8.5,,,,10206,,,8635600,33642,16092,5816,49664,17908,234,278,356,70,128,183,233,352,438,542,,284,0,284,329,134,17.0,1,43,57,0.43,21,29,0.42,0.0000,0.1000,0.1000,0.1000,0,500,500,500,0.0000,0.1250,0.1250,0.1250,0.000,,,0,3.35,2.75,,,,,,,,,,,,,
NE,28,31,1982,1581780,740657,44182,5.6,,,,21265,,,18420700,3362,37196,13208,79305,28858,280,350,420,70,128,183,233,384,488,587,,284,85,369,388,216,13.6,0,,,,,,,0.0000,0.1000,0.1000,0.1000,0,500,500,500,0.0000,0.1250,0.1250,0.1250,0.000,,,0,3.35,3.35,,,,,,,,,,,,,
NV,29,32,1982,881537,434454,47643,9.9,,,,13885,,,11762100,121102,12974,4717,32283,13610,194,241,288,70,128,183,233,322,412,495,,284,47,331,362,70,7.8,0,26,14,0.65,15,5,0.75,0.0000,0.1000,0.1000,0.1000,0,500,500,500,0.0000,0.1250,0.1250,0.1250,0.000,,,0,3.35,2.75,,,,,,,,,,,,,
NH,30,33,1982,947719,454002,33034,6.8,,,,11407,,,11579700,5695,20102,7328,47987,19580,278,326,372,70,128,183,233,383,471,553,,284,24,308,346,97,10.3,1,160,238,0.40,10,13,0.43,0.0000,0.1000,0.1000,0.1000,0,500,500,500,0.0000,0.1250,0.1250,0.1250,0.000,,,0,3.35,3.35,,,,,,,,,,,,,
NJ,31,34,1982,7430968,3309981,316765,8.7,,,,105759,,,105090400,61846,412105,136239,551822,203577,273,360,414,70,128,183,233,379,495,583,,284,27,311,348,896,12.2,0,43,37,0.54,22,18,0.55,0.0000,0.1000,0.1000,0.1000,0,500,500,500,0.0000,0.1250,0.1250,0.1250,0.000,,,0,3.35,3.35,,,,,,,,,,,,,
NM,32,35,1982,1363823,540397,54855,9.2,,,,19242,,,14023100,12008,50569,18224,168039,54110,189,233,281,70,128,183,233,317,406,490,,284,0,284,329,303,22.4,1,41,29,0.59,22,20,0.52,0.0000,0.1000,0.1000,0.1000,0,500,500,500,0.0000,0.1250,0.1250,0.1250,0.000,,,0,3.35,3.35,,,,,,,,,,,,,
NY,33,36,1982,17589738,7303295,675669,8.5,,,,282227,,,234418000,333164,1075205,353930,1816451,739311,356,424,515,70,128,183,233,437,540,654,,284,63,347,373,2607,14.8,1,86,63,0.58,25,35,0.42,0.0000,0.1000,0.1000,0.1000,0,500,500,500,0.0000,0.1250,0.1250,0.1250,0.000,,,0,3.35,3.35,,,,,,,,,,,,,
NC,34,37,1982,6019101,2665668,269998,9.2,,,,68971,,,59420100,15767,173434,69538,575568,200795,167,192,210,70,128,183,233,295,375,440,,284,0,284,329,1201,20.3,1,95,24,0.80,40,10,0.80,0.0000,0.1000,0.1000,0.1000,0,500,500,500,0.0000,0.1250,0.1250,0.1250,0.000,,,0,3.35,3.10,,,,,,,,,,,,,
ND,35,38,1982,668972,298343,17542,5.6,,,,9954,,,7453200,24423,10839,3970,29467,10100,270,334,408,70,128,183,233,377,477,579,,284,0,284,329,85,12.9,0,27,73,0.27,10,40,0.20,0.0000,0.1000,0.1000,0.1000,0,500,500,500,0.0000,0.1250,0.1250,0.1250,0.000,,,0,3.35,3.35,,,,,,,,,,,,,
OH,36,39,1982,10757087,4475830,651027,12.7,,,,134636,,,122081500,647345,587283,197864,1014530,388685,216,263,327,70,128,183,233,339,427,522,,284,0,284,329,1366,12.8,0,54,45,0.55,15,18,0.45,0.0000,0.1000,0.1000,0.1000,0,500,500,500,0.0000,0.1250,0.1250,0.1250,0.000,,,0,3.35,3.35,,,,,,,,,,,,,
OK,37,40,1982,3206123,1404210,89908,6.0,,,,49317,,,38175800,70627,70358,24008,191041,76879,218,282,349,70,128,183,233,341,440,537,,284,79,363,384,478,15.4,1,73,28,0.72,37,11,0.77,0.0000,0.1000,0.1000,0.1000,0,500,500,500,0.0000,0.1250,0.1250,0.1250,0.000,,,0,3.35,3.10,,,,,,,,,,,,,
OR,38,41,1982,2664922,1175780,153453,11.5,,,,31594,,,30006200,195891,77196,28684,249580,99438,286,339,409,70,128,183,233,388,480,579,,284,12,296,337,354,13.9,0,33,27,0.55,22,8,0.73,0.0000,0.1000,0.1000,0.1000,0,500,500,500,0.0000,0.1250,0.1250,0.1250,0.000,,,0,3.35,3.10,,,,,,,,,,,,,
PA,39,42,1982,11845146,4879737,612633,11.2,,,,142077,,,140474100,91169,601488,203343,1058107,443455,273,332,395,70,128,183,233,379,475,570,,284,32,316,351,1572,13.5,0,100,103,0.49,23,25,0.48,0.0000,0.1000,0.1000,0.1000,0,500,500,500,0.0000,0.1250,0.1250,0.1250,0.000,,,0,3.35,3.35,,,,,,,,,,,,,
RI,40,44,1982,954170,429805,46140,9.7,,,,11420,,,11271000,8174,49323,17319,81489,33910,298,367,420,70,128,183,233,397,500,587,,284,50,334,364,125,13.3,1,82,18,0.82,43,7,0.86,0.0000,0.1000,0.1000,0.1000,0,500,500,500,0.0000,0.1250,0.1250,0.1250,0.000,,,0,3.35,3.35,,,,,,,,,,,,,
SC,41,45,1982,3207614,1314318,164050,11.1,,,,32353,,,29894400,24052,139871,52022,431887,145143,99,129,157,70,128,183,233,227,312,390,,284,0,284,329,701,21.2,1,107,17,0.86,41,5,0.89,0.0000,0.1000,0.1000,0.1000,0,500,500,500,0.0000,0.1250,0.1250,0.1250,0.000,,,0,3.35,3.35,,,,,,,,,,,,,
SD,42,46,1982,690597,313682,18136,5.5,,,,7709,,,7010200,2299,16347,5856,47644,15814,280,321,361,70,128,183,233,384,468,546,,284,15,299,339,114,16.8,0,21,49,0.30,10,25,0.29,0.0000,0.1000,0.1000,0.1000,0,500,500,500,0.0000,0.1250,0.1250,0.1250,0.000,,,0,3.35,2.80,,,,,,,,,,,,,
TN,43,47,1982,4646041,1882724,250144,11.7,,,,52045,,,45046200,36119,146579,55783,648467,237364,97,122,148,70,128,183,233,225,305,381,,284,0,284,329,1106,23.6,0,57,39,0.59,20,12,0.63,0.0000,0.1000,0.1000,0.1000,0,500,500,500,0.0000,0.1250,0.1250,0.1250,0.000,,,0,3.35,3.35,,,,,,,,,,,,,
TX,44,48,1982,15331415,6867966,508537,6.9,,,,260085,,,185542600,57879,285204,93860,1154919,362542,85,118,141,70,128,183,233,213,301,374,,284,0,284,329,2450,16.2,0,114,35,0.77,23,7,0.77,0.0000,0.1000,0.1000,0.1000,0,500,500,500,0.0000,0.1250,0.1250,0.1250,0.000,,,0,3.35,3.35,,,,,,,,,,,,,
UT,45,49,1982,1558314,618270,55171,8.2,,,,18365,,,15066900,46242,35442,11950,69935,24111,269,348,415,70,128,183,233,376,487,584,,284,10,294,336,229,14.5,1,17,58,0.23,7,22,0.24,0.0000,0.1000,0.1000,0.1000,0,500,500,500,0.0000,0.1250,0.1250,0.1250,0.000,,,0,3.35,3.35,,,,,,,,,,,,,
VT,46,50,1982,519109,244873,18350,7.0,,,,5755,,,5502300,923,22231,7547,48096,18933,423,506,566,70,128,183,233,484,597,689,,284,47,331,362,67,12.9,0,64,86,0.43,14,16,0.47,0.0000,0.1000,0.1000,0.1000,0,500,500,500,0.0000,0.1250,0.1250,0.1250,0.000,,,0,3.35,3.35,,,,,,,,,,,,,
VA,47,51,1982,5492783,2453767,197486,7.4,,,,71465,,,68854800,30506,158823,59265,427245,156922,257,310,360,70,128,183,233,368,460,545,,284,0,284,329,668,12.5,1,66,33,0.67,31,9,0.78,0.0000,0.1000,0.1000,0.1000,0,500,500,500,0.0000,0.1250,0.1250,0.1250,0.000,,,0,3.35,3.35,,,,,,,,,,,,,
WA,48,53,1982,4276552,1781699,241777,11.9,,,,62933,,,54606400,292294,136975,51545,281992,115251,339,415,501,70,128,183,233,425,534,644,,284,38,322,355,549,12.9,0,42,56,0.43,24,25,0.49,0.0000,0.1000,0.1000,0.1000,0,500,500,500,0.0000,0.1250,0.1250,0.1250,0.000,,,0,3.35,3.35,,,,,,,,,,,,,
WV,49,54,1982,1949604,673193,109240,14.0,,,,20511,,,18069400,140037,72409,26230,238668,78128,164,206,249,70,128,183,233,292,387,467,,284,0,284,329,484,24.8,1,78,22,0.78,27,7,0.79,0.0000,0.1000,0.1000,0.1000,0,500,500,500,0.0000,0.1250,0.1250,0.1250,0.000,,,0,3.35,3.05,,,,,,,,,,,,,
WI,50,55,1982,4728870,2166871,254624,10.5,,,,59488,,,54462300,7481,241781,82699,310190,110349,401,473,563,70,128,183,233,469,574,687,,284,100,384,399,452,9.5,0,78,39,0.67,19,14,0.58,0.0000,0.1000,0.1000,0.1000,0,500,500,500,0.0000,0.1250,0.1250,0.1250,0.000,,,0,3.35,3.25,,,,,,,,,,,,,
WY,51,56,1982,506400,241411,15970,6.2,,,,12422,,,6616900,40883,5990,2311,16211,5888,320,315,390,70,128,183,233,412,464,566,,284,20,304,343,58,12.0,1,59,39,0.60,11,19,0.37,0.0000,0.1000,0.1000,0.1000,0,500,500,500,0.0000,0.1250,0.1250,0.1250,0.000,,,0,3.35,1.60,,,,,,,,,,,,,
AL,1,1,1983,3934102,1514551,242402,13.8,,,,45679,,,38970500,31682,154547,55022,652009,220477,88,118,147,75,139,199,253,227,317,400,,304,0,304,348,909,23.0,1,97,8,0.92,32,3,0.91,0.0000,0.1000,0.1000,0.1000,0,500,500,500,0.0000,0.1250,0.1250,0.1250,0.000,,,0,3.35,3.35,,,,,,,,,,,,,
AK,2,2,1983,488417,208713,23008,9.9,,,,22591,,,9513500,7481,11026,4644,24979,8351,546,614,682,109,200,287,365,686,820,946,,304,252,556,602,61,12.6,1,19,21,0.48,9,11,0.45,0.0000,0.1000,0.1000,0.1000,0,500,500,500,0.0000,0.1250,0.1250,0.1250,0.000,,,0,3.35,3.85,,,,,,,,,,,,,
AZ,3,4,1983,2968925,1264176,121881,8.8,,,,39774,,,35452600,77042,67463,24163,228070,75440,180,233,282,75,139,199,253,319,422,510,,304,0,304,348,469,16.3,1,21,39,0.35,12,18,0.40,0.0000,0.1000,0.1000,0.1000,0,500,500,500,0.0000,0.1250,0.1250,0.1250,0.000,,,0,3.35,3.35,,,,,,,,,,,,,
AR,4,5,1983,2305761,930038,101626,9.9,,,,25292,,,21934800,19524,63761,22455,313791,107120,116,140,164,75,139,199,253,255,339,417,,304,0,304,348,492,21.5,1,93,7,0.93,32,3,0.91,0.0000,0.1000,0.1000,0.1000,0,500,500,500,0.0000,0.1250,0.1250,0.1250,0.000,,,0,3.35,2.95,,,,,,,,,,,,,
CA,5,6,1983,25360026,11090005,1203792,9.8,,,,426143,,,369808800,420077,1579695,538848,1786178,625445,408,506,601,75,139,199,253,485,613,734,,304,163,467,462,3755,14.9,0,48,32,0.60,25,14,0.64,0.0000,0.1000,0.1000,0.1000,0,500,500,500,0.0000,0.1250,0.1250,0.1250,0.000,,,0,3.35,3.35,,,,,,,,,,,,,
CO,6,8,1983,3133630,1548743,118050,7.1,,,,50718,,,43694200,157096,85194,29208,188899,70395,252,319,387,75,139,199,253,375,482,584,,304,58,362,388,390,12.6,1,25,40,0.38,14,21,0.40,0.0000,0.1000,0.1000,0.1000,0,500,500,500,0.0000,0.1250,0.1250,0.1250,0.000,,,0,3.35,2.50,,,,,,,,,,,,,
CT,7,9,1983,3162354,1522446,97257,6.0,,,,55528,,,49958200,21423,127980,43886,168510,64039,414,513,599,75,139,199,253,489,618,732,,304,,304,348,276,8.8,1,87,64,0.58,23,13,0.64,0.0000,0.1000,0.1000,0.1000,0,500,500,500,0.0000,0.1250,0.1250,0.1250,0.000,,,0,3.35,3.37,,,,,,,,,,,,,
DE,8,10,1983,605458,273360,22898,7.7,,,,10611,,,8131600,3348,26505,9576,85579,35658,197,266,312,75,139,199,253,336,445,531,,304,0,304,348,52,8.6,0,24,17,0.59,13,8,0.62,0.0000,0.1000,0.1000,0.1000,0,500,500,500,0.0000,0.1250,0.1250,0.1250,0.000,,,0,3.35,3.00,,,,,,,,,,,,,
DC,9,11,1983,632433,280937,35544,11.2,,,,24573,,,10192700,11803,62362,23838,50905,19058,237,300,366,75,139,199,253,365,469,569,,304,15,319,358,130,21.5,.,,,,11,1,0.92,0.0000,0.1000,0.1000,0.1000,0,500,500,500,0.0000,0.1250,0.1250,0.1250,0.000,,,0,3.35,3.35,,,,,,,,,,,,,
FL,10,12,1983,10749851,4508687,418761,8.5,,,,136768,,,138093100,84772,281308,103344,817597,305433,161,209,246,75,139,199,253,300,405,485,,304,0,304,348,1595,14.7,1,84,36,0.70,32,8,0.80,0.0000,0.1000,0.1000,0.1000,0,500,500,500,0.0000,0.1250,0.1250,0.1250,0.000,,,0,3.35,3.35,,,,,,,,,,,,,
GA,11,13,1983,5728250,2484166,208183,7.7,,,,76738,,,63379500,28960,240039,89182,627387,214448,162,194,229,75,139,199,253,301,393,473,,304,0,304,348,1050,18.8,1,156,24,0.87,49,7,0.88,0.0000,0.1000,0.1000,0.1000,0,500,500,500,0.0000,0.1250,0.1250,0.1250,0.000,,,0,3.35,1.25,,,,,,,,,,,,,
HI,12,15,1983,1012717,442480,29098,6.2,,,,17260,,,14443300,12347,54532,17709,100998,38489,390,468,546,106,194,278,353,553,691,821,,304,5,309,408,129,12.9,1,43,8,0.84,20,5,0.80,0.0000,0.1000,0.1000,0.1000,0,500,500,500,0.0000,0.1250,0.1250,0.1250,0.000,,,0,3.35,3.35,,,,,,,,,,,,,
ID,13,16,1983,981869,413403,40590,8.9,,,,11834,,,10599500,15172,18944,6960,69017,23624,245,305,345,75,139,199,253,371,473,555,,304,88,392,409,174,17.7,1,19,51,0.27,14,21,0.40,0.0000,0.1000,0.1000,0.1000,0,500,500,500,0.0000,0.1250,0.1250,0.1250,0.000,,,0,3.35,2.30,,,,,,,,,,,,,
IL,14,17,1983,11408818,4943293,659820,11.8,,,,173119,,,153020000,21755,734882,237123,1117873,424897,250,302,368,75,139,199,253,374,470,571,,304,0,304,348,1617,14.3,0,70,48,0.59,33,26,0.56,0.0000,0.1000,0.1000,0.1000,0,500,500,500,0.0000,0.1250,0.1250,0.1250,0.000,,,0,3.35,2.30,,,,,,,,,,,,,
IN,15,18,1983,5450395,2294337,289075,11.2,,,,69335,,,61276500,15765,164546,57070,488635,160412,195,255,315,75,139,199,253,334,438,534,,304,0,304,348,865,16.1,0,43,57,0.43,18,32,0.36,0.0000,0.1000,0.1000,0.1000,0,500,500,500,0.0000,0.1250,0.1250,0.1250,0.000,,,0,3.35,2.00,,,,,,,,,,,,,
IA,16,19,1983,2870543,1307170,115466,8.1,,,,37481,,,33149500,3735,103263,37164,208501,78312,292,360,419,75,139,199,253,403,511,606,,304,0,304,348,473,16.7,0,60,40,0.60,28,22,0.56,0.0000,0.1000,0.1000,0.1000,0,500,500,500,0.0000,0.1250,0.1250,0.1250,0.000,,,0,3.35,3.35,,,,,,,,,,,,,
KS,17,20,1983,2415531,1119214,69705,5.9,,,,35257,,,30539500,11374,72228,24769,136987,52357,306,364,411,75,139,199,253,413,514,601,,304,0,304,348,321,13.6,1,53,72,0.42,16,24,0.40,0.0000,0.1000,0.1000,0.1000,0,500,500,500,0.0000,0.1250,0.1250,0.1250,0.000,,,0,3.35,1.60,,,,,,,,,,,,,
KY,18,21,1983,3694484,1507804,194230,11.4,,,,44092,,,36755000,77211,152487,57545,592353,192537,162,188,235,75,139,199,253,301,387,478,,304,0,304,348,670,17.9,1,76,24,0.76,29,9,0.76,0.0000,0.1000,0.1000,0.1000,0,500,500,500,0.0000,0.1250,0.1250,0.1250,0.000,,,0,3.35,2.60,,,,,,,,,,,,,
LA,19,22,1983,4395316,1688598,220155,11.5,,,,76881,,,48422500,11399,200306,65944,584573,191169,138,190,234,75,139,199,253,277,389,477,,304,0,304,348,939,21.5,0,93,11,0.89,39,0,1.00,0.0000,0.1000,0.1000,0.1000,0,500,500,500,0.0000,0.1250,0.1250,0.1250,0.000,,,0,3.35,3.35,,,,,,,,,,,,,
ME,20,23,1983,1144772,491367,44484,8.3,,,,13239,,,12473000,4264,48925,17029,130127,51056,241,325,408,75,139,199,253,368,487,599,,304,10,314,355,144,12.4,1,92,59,0.61,23,10,0.70,0.0000,0.1000,0.1000,0.1000,0,500,500,500,0.0000,0.1250,0.1250,0.1250,0.000,,,0,3.35,3.35,,,,,,,,,,,,,
MD,21,24,1983,4313327,2042929,154107,7.0,,,,62205,,,62787400,85330,192364,70429,318498,126012,230,295,355,75,139,199,253,360,466,562,,304,0,304,348,358,8.7,1,124,17,0.88,41,6,0.87,0.0000,0.1000,0.1000,0.1000,0,500,500,500,0.0000,0.1250,0.1250,0.1250,0.000,,,0,3.35,3.35,,,,,,,,,,,,,
MA,22,25,1983,5799407,2794466,202403,6.8,,,,93054,,,81445900,26170,256431,91483,376908,164563,314,379,444,75,139,199,253,419,524,624,,304,128,432,437,443,7.7,1,129,29,0.82,33,7,0.83,0.0000,0.1000,0.1000,0.1000,0,500,500,500,0.0000,0.1250,0.1250,0.1250,0.000,,,0,3.35,3.35,,,,,,,,,,,,,
MI,23,26,1983,9047754,3674943,616196,14.4,,,,127754,,,111577200,205098,751634,240069,1081843,433422,386,455,528,75,139,199,253,469,578,683,,304,24,328,365,1518,16.8,1,63,47,0.57,20,18,0.53,0.0000,0.1000,0.1000,0.1000,0,500,500,500,0.0000,0.1250,0.1250,0.1250,0.000,,,0,3.35,3.35,,,,,,,,,,,,,
MN,24,27,1983,4141456,2001040,174078,8.0,,,,61950,,,52578400,46356,138661,47718,239008,88631,368,446,520,75,139,199,253,457,571,677,,304,35,339,372,502,12.1,1,77,57,0.57,42,25,0.63,0.0000,0.1000,0.1000,0.1000,0,500,500,500,0.0000,0.1250,0.1250,0.1250,0.000,,,0,3.35,3.35,,,,,,,,,,,,,
MS,25,28,1983,2567717,932775,127980,12.1,,,,25967,,,22451600,12071,151177,51814,532264,166778,60,96,120,75,139,199,253,199,295,373,,304,0,304,348,669,27.0,1,116,5,0.96,48,4,0.92,0.0000,0.1000,0.1000,0.1000,0,500,500,500,0.0000,0.1250,0.1250,0.1250,0.000,,,0,3.35,3.35,,,,,,,,,,,,,
MO,26,29,1983,4943733,2124824,232536,9.9,,,,65538,,,58757900,14274,181495,64799,424422,148136,209,261,305,75,139,199,253,345,442,527,,304,0,304,348,807,16.7,0,110,53,0.67,22,12,0.65,0.0000,0.1000,0.1000,0.1000,0,500,500,500,0.0000,0.1250,0.1250,0.1250,0.000,,,0,3.35,3.35,,,,,,,,,,,,,
MT,27,30,1983,814031,362488,34231,8.6,,,,10584,,,9076900,37449,17951,6536,54751,19815,279,332,425,75,139,199,253,394,491,611,,304,0,304,348,125,15.4,1,55,45,0.55,24,26,0.48,0.0000,0.1000,0.1000,0.1000,0,500,500,500,0.0000,0.1250,0.1250,0.1250,0.000,,,0,3.35,3.35,,,,,,,,,,,,,
NE,28,31,1983,1584293,744057,43848,5.6,,,,21820,,,19046700,3170,40956,14213,92458,33072,280,350,420,75,139,199,253,395,504,607,,304,74,378,400,240,15.2,1,,,,,,,0.0000,0.1000,0.1000,0.1000,0,500,500,500,0.0000,0.1250,0.1250,0.1250,0.000,,,0,3.35,1.60,,,,,,,,,,,,,
NV,29,32,1983,901977,439457,46566,9.6,,,,15060,,,12530000,117532,12971,4685,35127,14931,185,230,276,75,139,199,253,324,420,506,,304,36,340,373,86,9.7,1,23,19,0.55,17,4,0.81,0.0000,0.1000,0.1000,0.1000,0,500,500,500,0.0000,0.1250,0.1250,0.1250,0.000,,,0,3.35,2.75,,,,,,,,,,,,,
NH,30,33,1983,958134,470832,27412,5.5,,,,12629,,,12713200,4442,18947,7024,46119,18733,278,326,372,75,139,199,253,394,487,573,,304,27,331,367,76,8.1,0,158,237,0.40,9,15,0.38,0.0000,0.1000,0.1000,0.1000,0,500,500,500,0.0000,0.1250,0.1250,0.1250,0.000,,,0,3.35,3.35,,,,,,,,,,,,,
NJ,31,34,1983,7467785,3392898,295878,8.0,,,,117962,,,113438500,65667,397082,132595,542583,199811,273,360,414,75,139,199,253,390,511,603,,304,29,333,368,828,11.1,0,44,36,0.55,22,18,0.55,0.0000,0.1000,0.1000,0.1000,0,500,500,500,0.0000,0.1250,0.1250,0.1250,0.000,,,0,3.35,3.35,,,,,,,,,,,,,
NM,32,35,1983,1394361,549893,58838,9.7,,,,19882,,,15086100,12596,48031,17626,178695,56084,189,233,281,75,139,199,253,328,422,510,,304,0,304,348,340,24.5,1,46,24,0.66,23,19,0.55,0.0000,0.1000,0.1000,0.1000,0,500,500,500,0.0000,0.1250,0.1250,0.1250,0.000,,,0,3.35,3.35,,,,,,,,,,,,,
NY,33,36,1983,17686905,7340372,696943,8.7,,,,305288,,,252683200,335679,1089780,360372,1867522,758758,356,424,515,75,139,199,253,448,556,674,,304,61,365,391,2817,16.0,1,97,52,0.65,26,35,0.43,0.0000,0.1000,0.1000,0.1000,0,500,500,500,0.0000,0.1250,0.1250,0.1250,0.000,,,0,3.35,3.35,,,,,,,,,,,,,
NC,34,37,1983,6077056,2681016,264337,9.0,,,,77543,,,64644500,17281,174245,69647,553624,193393,176,202,221,75,139,199,253,315,400,468,,304,0,304,348,933,15.8,1,102,18,0.85,44,6,0.88,0.0000,0.1000,0.1000,0.1000,0,500,500,500,0.0000,0.1250,0.1250,0.1250,0.000,,,0,3.35,3.35,,,,,,,,,,,,,
ND,35,38,1983,676688,302120,18120,5.7,,,,10045,,,7831100,24394,10957,4009,33206,11162,289,357,437,75,139,199,253,401,509,619,,304,0,304,348,103,15.0,0,55,51,0.52,21,32,0.40,0.0000,0.1000,0.1000,0.1000,0,500,500,500,0.0000,0.1250,0.1250,0.1250,0.000,,,0,3.35,3.35,,,,,,,,,,,,,
OH,36,39,1983,10737632,4467277,630145,12.4,,,,144897,,,129132500,702215,634440,211418,1162113,441386,216,263,327,75,139,199,253,350,443,542,,304,0,304,348,1434,13.4,1,62,37,0.63,17,16,0.52,0.0000,0.1000,0.1000,0.1000,0,500,500,500,0.0000,0.1250,0.1250,0.1250,0.000,,,0,3.35,2.30,,,,,,,,,,,,,
OK,37,40,1983,3290402,1412250,128943,8.4,,,,47701,,,39077200,49678,72264,25027,241297,91509,218,282,349,75,139,199,253,352,456,557,,304,69,373,396,553,17.0,1,76,25,0.75,34,14,0.71,0.0000,0.1000,0.1000,0.1000,0,500,500,500,0.0000,0.1250,0.1250,0.1250,0.000,,,0,3.35,3.35,,,,,,,,,,,,,
OR,38,41,1983,2653066,1190294,144051,10.8,,,,33727,,,31906100,227900,73638,27622,269109,107807,286,338,409,75,139,199,253,399,496,599,,304,2,306,349,419,16.1,0,36,24,0.60,21,9,0.70,0.0000,0.1000,0.1000,0.1000,0,500,500,500,0.0000,0.1250,0.1250,0.1250,0.000,,,0,3.35,3.10,,,,,,,,,,,,,
PA,39,42,1983,11837723,4849850,630666,11.5,,,,152042,,,147180800,91490,579399,194097,1105219,439832,273,350,415,75,139,199,253,390,504,604,,304,32,336,370,1797,15.4,0,103,100,0.51,23,27,0.46,0.0000,0.1000,0.1000,0.1000,0,500,500,500,0.0000,0.1250,0.1250,0.1250,0.000,,,0,3.35,3.35,,,,,,,,,,,,,
RI,40,44,1983,956382,437276,39566,8.3,,,,12323,,,12185400,8174,45159,15938,81657,33692,370,455,520,75,139,199,253,458,578,677,,304,52,356,384,141,14.5,1,85,15,0.85,29,21,0.58,0.0000,0.1000,0.1000,0.1000,0,500,500,500,0.0000,0.1250,0.1250,0.1250,0.000,,,0,3.35,3.35,,,,,,,,,,,,,
SC,41,45,1983,3234066,1338068,146360,9.9,,,,35850,,,32447300,30485,134246,49614,440674,145126,106,138,169,75,139,199,253,245,337,422,,304,0,304,348,687,20.8,1,103,20,0.84,39,6,0.87,0.0000,0.1000,0.1000,0.1000,0,500,500,500,0.0000,0.1250,0.1250,0.1250,0.000,,,0,3.35,3.35,,,,,,,,,,,,,
SD,42,46,1983,693008,317084,17453,5.2,,,,8123,,,7270600,2180,16746,5995,51444,16714,280,321,361,75,139,199,253,395,484,566,,304,15,319,358,127,18.4,0,16,54,0.23,9,26,0.26,0.0000,0.1000,0.1000,0.1000,0,500,500,500,0.0000,0.1250,0.1250,0.1250,0.000,,,0,3.35,2.80,,,,,,,,,,,,,
TN,43,47,1983,4659749,1928527,251469,11.5,,,,57073,,,48057100,36058,152625,58367,622177,221778,101,127,154,75,139,199,253,240,326,407,,304,0,304,348,933,20.0,0,60,37,0.62,22,11,0.67,0.0000,0.1000,0.1000,0.1000,0,500,500,500,0.0000,0.1250,0.1250,0.1250,0.000,,,0,3.35,3.35,,,,,,,,,,,,,
TX,44,48,1983,15751676,7037893,605921,7.9,,,,264883,,,198083600,59406,307045,102266,1303269,395405,85,117,140,75,139,199,253,224,316,393,,304,0,304,348,2499,16.0,1,114,36,0.76,26,5,0.84,0.0000,0.1000,0.1000,0.1000,0,500,500,500,0.0000,0.1250,0.1250,0.1250,0.000,,,0,3.35,1.40,,,,,,,,,,,,,
UT,45,49,1983,1594943,628089,59990,8.7,,,,19752,,,16135200,50056,38050,12892,88902,29067,289,382,455,75,139,199,253,401,526,632,,304,10,314,355,214,13.5,1,17,58,0.23,5,24,0.17,0.0000,0.1000,0.1000,0.1000,0,500,500,500,0.0000,0.1250,0.1250,0.1250,0.000,,,0,3.35,3.35,,,,,,,,,,,,,
VT,46,50,1983,523302,247314,17003,6.4,,,,6269,,,5907700,877,21389,7280,52469,20522,422,506,566,75,139,199,253,494,613,709,,304,50,354,383,83,15.6,0,65,83,0.44,13,17,0.43,0.0000,0.1000,0.1000,0.1000,0,500,500,500,0.0000,0.1250,0.1250,0.1250,0.000,,,0,3.35,3.35,,,,,,,,,,,,,
VA,47,51,1983,5564657,2546049,175482,6.4,,,,79439,,,74239000,37186,160809,60449,439647,159876,258,310,360,75,139,199,253,380,476,565,,304,0,304,348,618,11.3,1,65,34,0.66,31,9,0.78,0.0000,0.1000,0.1000,0.1000,0,500,500,500,0.0000,0.1250,0.1250,0.1250,0.000,,,0,3.35,2.65,,,,,,,,,,,,,
WA,48,53,1983,4300266,1828724,228093,11.1,,,,67949,,,58281500,415416,144868,54539,296249,118049,365,451,531,75,139,199,253,455,575,685,,304,38,342,374,460,10.8,0,54,44,0.55,26,23,0.53,0.0000,0.1000,0.1000,0.1000,0,500,500,500,0.0000,0.1250,0.1250,0.1250,0.000,,,0,3.35,2.30,,,,,,,,,,,,,
WV,49,54,1983,1945061,629121,136358,17.8,,,,20403,,,18550200,143936,79400,28395,282823,90754,164,206,249,75,139,199,253,303,403,487,,304,0,304,348,419,22.1,1,87,13,0.87,31,3,0.91,0.0000,0.1000,0.1000,0.1000,0,500,500,500,0.0000,0.1250,0.1250,0.1250,0.000,,,0,3.35,3.05,,,,,,,,,,,,,
WI,50,55,1983,4721438,2167806,247511,10.2,,,,63170,,,57196700,8750,266390,87799,354327,125287,427,503,600,75,139,199,253,498,611,733,,304,100,404,418,504,10.7,1,59,40,0.60,19,14,0.58,0.0000,0.1000,0.1000,0.1000,0,500,500,500,0.0000,0.1250,0.1250,0.1250,0.300,,,0,3.35,3.25,,,,,,,,,,,,,
WY,51,56,1983,510345,238539,21174,8.2,,,,11578,,,6568100,46454,7679,2954,23985,8532,320,360,390,75,139,199,253,423,511,586,,304,20,324,362,61,12.6,1,25,38,0.40,11,19,0.37,0.0000,0.1000,0.1000,0.1000,0,500,500,500,0.0000,0.1250,0.1250,0.1250,0.000,,,0,3.35,1.60,,,,,,,,,,,,,
AL,1,1,1984,3951820,1591093,197040,11.0,,,,50010,,,42870200,33670,154126,54977,623893,215629,88,118,147,76,139,199,253,227,317,400,,314,0,314,360,738,19.1,1,97,8,0.92,32,3,0.91,0.0000,0.1000,0.1000,0.1000,0,500,500,500,0.0000,0.1250,0.1250,0.1250,0.000,,,0,3.35,3.35,,,,,,,,,,,,,
AK,2,2,1984,513702,221308,24144,9.8,,,,23787,,,10120600,7888,14430,5761,21584,7271,617,696,775,112,205,294,374,748,892,1028,,314,257,571,623,49,9.6,1,19,21,0.48,9,11,0.45,0.0000,0.1000,0.1000,0.1000,0,500,500,500,0.0000,0.1250,0.1250,0.1250,0.000,,,0,3.35,3.85,,,,,,,,,,,,,
AZ,3,4,1984,3067135,1357616,74154,5.2,,,,46135,,,40055600,82870,72304,26055,222648,73610,180,233,282,76,139,199,253,319,426,515,,314,0,314,360,569,18.2,1,21,39,0.35,12,18,0.40,0.0000,0.1000,0.1000,0.1000,0,500,500,500,0.0000,0.1250,0.1250,0.1250,0.000,,,0,3.35,3.35,,,,,,,,,,,,,
AR,4,5,1984,2319768,952014,90875,8.7,,,,28465,,,24458400,22251,63345,22408,295071,101690,135,164,191,76,139,199,253,274,363,444,,314,0,314,360,564,23.9,1,93,7,0.93,32,3,0.91,0.0000,0.1000,0.1000,0.1000,0,500,500,500,0.0000,0.1250,0.1250,0.1250,0.000,,,0,3.35,3.05,,,,,,,,,,,,,
CA,5,6,1984,25844393,11656587,980488,7.8,,,,482166,,,410796400,450107,1603157,546995,1677465,574849,424,526,625,76,139,199,253,500,631,755,,314,171,485,480,3375,13.2,0,48,32,0.60,25,14,0.64,0.0000,0.1000,0.1000,0.1000,0,500,500,500,0.0000,0.1250,0.1250,0.1250,0.000,,,0,3.35,3.35,,,,,,,,,,,,,
CO,6,8,1984,3169992,1622610,93288,5.4,,,,56230,,,47644600,185376,87329,30010,181113,67038,265,336,408,76,139,199,253,389,498,603,,314,58,372,401,274,8.9,1,25,40,0.38,14,21,0.40,0.0000,0.1000,0.1000,0.1000,0,500,500,500,0.0000,0.1250,0.1250,0.1250,0.000,,,0,3.35,3.00,,,,,,,,,,,,,
CT,7,9,1984,3180014,1585450,77614,4.7,,,,63618,,,55880700,22245,126727,43629,157769,59758,427,529,617,76,139,199,253,502,634,749,,314,141,455,459,218,6.9,1,87,64,0.58,23,13,0.64,0.0000,0.1000,0.1000,0.1000,0,500,500,500,0.0000,0.1250,0.1250,0.1250,0.000,,,0,3.35,3.37,,,,,,,,,,,,,
DE,8,10,1984,611565,287859,19326,6.3,,,,11925,,,8972500,3758,25299,9412,78018,32508,212,287,336,76,139,199,253,351,464,552,,314,0,314,360,63,10.3,0,24,17,0.59,13,8,0.62,0.0000,0.1000,0.1000,0.1000,0,500,500,500,0.0000,0.1250,0.1250,0.1250,0.000,,,0,3.35,3.00,,,,,,,,,,,,,
DC,9,11,1984,633382,292134,29415,9.1,,,,26584,,,11126300,12626,59698,22903,45197,16739,236,299,366,76,139,199,253,368,473,573,,314,15,329,371,128,21.1,.,,,,11,1,0.92,0.0000,0.1000,0.1000,0.1000,0,500,500,500,0.0000,0.1250,0.1250,0.1250,0.000,,,0,3.35,3.35,,,,,,,,,,,,,
FL,10,12,1984,11039925,4832656,328979,6.4,,,,155993,,,153887600,89110,281253,103247,699248,261365,178,231,273,76,139,199,253,317,425,508,,314,0,314,360,1693,15.1,1,84,36,0.70,32,8,0.80,0.0000,0.1000,0.1000,0.1000,0,500,500,500,0.0000,0.1250,0.1250,0.1250,0.000,,,0,3.35,3.35,,,,,,,,,,,,,
GA,11,13,1984,5834954,2601033,168746,6.1,,,,88466,,,71862600,30503,243397,89251,602010,205582,169,202,238,76,139,199,253,308,401,484,,314,0,314,360,981,16.9,1,156,24,0.87,49,7,0.88,0.0000,0.1000,0.1000,0.1000,0,500,500,500,0.0000,0.1250,0.1250,0.1250,0.000,,,0,3.35,3.25,,,,,,,,,,,,,
HI,12,15,1984,1027922,446129,26859,5.7,,,,19132,,,15472600,14337,53081,17128,99083,37778,390,468,546,108,198,283,360,563,702,834,,314,5,319,423,92,9.3,1,43,8,0.84,20,5,0.80,0.0000,0.1000,0.1000,0.1000,0,500,500,500,0.0000,0.1250,0.1250,0.1250,0.000,,,0,3.35,3.35,,,,,,,,,,,,,
ID,13,16,1984,990839,428843,33861,7.3,,,,12586,,,11294300,15932,18313,6685,62820,21538,246,305,345,76,139,199,253,375,477,559,,314,83,397,418,171,17.3,1,19,51,0.27,14,21,0.40,0.0000,0.1000,0.1000,0.1000,0,500,500,500,0.0000,0.1250,0.1250,0.1250,0.000,,,0,3.35,2.30,,,,,,,,,,,,,
IL,14,17,1984,11412132,5104429,506861,9.0,,,,194244,,,168717100,23074,743391,243569,1133467,431539,250,302,368,76,139,199,253,378,475,575,,314,18,332,373,1753,15.0,0,70,48,0.59,33,26,0.56,0.0000,0.1000,0.1000,0.1000,0,500,500,500,0.0000,0.1250,0.1250,0.1250,0.000,,,0,3.35,3.00,,,,,,,,,,,,,
IN,15,18,1984,5458322,2406827,225039,8.6,,,,78859,,,68009300,15618,166057,57922,450558,149779,198,258,318,76,139,199,253,337,444,540,,314,0,314,360,697,12.9,0,43,57,0.43,18,32,0.36,0.0000,0.1000,0.1000,0.1000,0,500,500,500,0.0000,0.1250,0.1250,0.1250,0.000,,,0,3.35,2.00,,,,,,,,,,,,,
IA,16,19,1984,2858618,1317125,98750,7.0,,,,41264,,,36944100,4017,116555,39721,207235,77907,305,360,419,76,139,199,253,417,515,611,,314,0,314,360,419,14.6,0,60,40,0.60,28,22,0.56,0.0000,0.1000,0.1000,0.1000,0,500,500,500,0.0000,0.1250,0.1250,0.1250,0.000,,,0,3.35,3.35,,,,,,,,,,,,,
KS,17,20,1984,2424086,1144423,58935,4.9,,,,38442,,,33517600,15770,70810,23998,130115,49169,306,364,411,76,139,199,253,417,518,605,,314,0,314,360,260,10.7,1,53,72,0.42,16,24,0.40,0.0000,0.1000,0.1000,0.1000,0,500,500,500,0.0000,0.1250,0.1250,0.1250,0.000,,,0,3.35,1.60,,,,,,,,,,,,,
KY,18,21,1984,3695453,1546319,157927,9.3,,,,49344,,,41062000,77470,159259,60455,594307,198805,162,188,235,76,139,199,253,301,387,482,,314,0,314,360,709,19.1,1,76,24,0.76,28,10,0.74,0.0000,0.1000,0.1000,0.1000,0,500,500,500,0.0000,0.1250,0.1250,0.1250,0.000,,,0,3.35,2.60,,,,,,,,,,,,,
LA,19,22,1984,4400477,1754800,196526,10.1,,,,82623,,,51504500,12858,216961,71792,612229,198507,138,190,234,76,139,199,253,277,389,481,,314,0,314,360,888,20.6,1,93,11,0.89,38,1,0.97,0.0000,0.1000,0.1000,0.1000,0,500,500,500,0.0000,0.1250,0.1250,0.1250,0.000,,,0,3.35,3.35,,,,,,,,,,,,,
ME,20,23,1984,1155635,513581,34099,6.2,,,,14897,,,13786700,4854,50926,17931,119313,47769,253,341,430,76,139,199,253,380,502,618,,314,10,324,367,152,13.0,1,92,59,0.61,23,10,0.70,0.0000,0.1000,0.1000,0.1000,0,500,500,500,0.0000,0.1250,0.1250,0.1250,0.000,,,0,3.35,3.35,,,,,,,,,,,,,
MD,21,24,1984,4365243,2119800,120206,5.4,,,,69920,,,69664900,90087,192552,70784,301952,119987,230,295,355,76,139,199,253,364,470,566,,314,0,314,360,358,8.7,1,124,17,0.88,41,6,0.87,0.0000,0.1000,0.1000,0.1000,0,500,500,500,0.0000,0.1250,0.1250,0.1250,0.000,,,0,3.35,3.35,,,,,,,,,,,,,
MA,22,25,1984,5840773,2892743,144552,4.8,,,,106425,,,91928300,27900,244450,87818,358937,148819,314,379,445,76,139,199,253,423,529,629,,314,129,443,450,519,8.9,1,129,29,0.82,33,7,0.83,0.0000,0.1000,0.1000,0.1000,0,500,500,500,0.0000,0.1250,0.1250,0.1250,0.000,,,0,3.35,3.35,,,,,,,,,,,,,
MI,23,26,1984,9049452,3851581,486398,11.2,,,,143678,,,123177200,190504,743725,240274,1071717,441385,348,418,488,76,139,199,253,447,556,659,,314,26,340,378,1495,16.7,1,63,47,0.57,20,18,0.53,0.0000,0.1000,0.1000,0.1000,0,500,500,500,0.0000,0.1250,0.1250,0.1250,0.000,,,0,3.35,3.35,,,,,,,,,,,,,
MN,24,27,1984,4157706,2064312,138384,6.3,,,,71369,,,59667400,52512,146732,50328,239085,89659,412,500,583,76,139,199,253,492,613,725,,314,35,349,385,381,9.1,1,77,57,0.57,42,25,0.63,0.0000,0.1000,0.1000,0.1000,0,500,500,500,0.0000,0.1250,0.1250,0.1250,0.000,,,0,3.35,3.35,,,,,,,,,,,,,
MS,25,28,1984,2578051,963398,113420,10.5,,,,28744,,,24527700,13312,154927,52891,509169,161458,60,96,120,76,139,199,253,199,295,373,,314,0,314,360,628,25.1,1,116,5,0.96,49,3,0.94,0.0000,0.1000,0.1000,0.1000,0,500,500,500,0.0000,0.1250,0.1250,0.1250,0.000,,,0,3.35,3.35,,,,,,,,,,,,,
MO,26,29,1984,4975278,2215940,171009,7.2,,,,74539,,,65189300,14888,196967,67962,405100,142362,209,261,305,76,139,199,253,348,446,531,,314,0,314,360,720,14.5,0,110,53,0.67,22,12,0.65,0.0000,0.1000,0.1000,0.1000,0,500,500,500,0.0000,0.1250,0.1250,0.1250,0.000,,,0,3.35,3.35,,,,,,,,,,,,,
MT,27,30,1984,820905,371262,30479,7.6,,,,11010,,,9602800,44541,20020,7236,57851,20843,279,332,425,76,139,199,253,399,496,615,,314,0,314,360,115,13.8,1,55,45,0.55,24,26,0.48,0.0000,0.1000,0.1000,0.1000,0,500,500,500,0.0000,0.1250,0.1250,0.1250,0.000,,,0,3.35,2.75,,,,,,,,,,,,,
NE,28,31,1984,1588639,756844,35444,4.5,,,,24631,,,21214700,3476,42541,14852,92052,33064,280,350,420,76,139,199,253,399,508,611,,314,68,382,408,213,13.3,1,,,,,,,0.0000,0.1000,0.1000,0.1000,0,500,500,500,0.0000,0.1250,0.1250,0.1250,0.000,,,0,3.35,1.60,,,,,,,,,,,,,
NV,29,32,1984,924922,460205,39459,7.9,,,,16514,,,13652100,129874,12728,4501,33870,14839,183,228,272,76,139,199,253,322,423,508,,314,36,350,385,101,10.5,1,23,19,0.55,17,4,0.81,0.0000,0.1000,0.1000,0.1000,0,500,500,500,0.0000,0.1250,0.1250,0.1250,0.000,,,0,3.35,2.75,,,,,,,,,,,,,
NH,30,33,1984,976864,498275,22366,4.3,,,,14767,,,14376300,4779,16317,6134,35002,14667,291,341,389,76,139,199,253,407,502,590,,314,27,341,379,68,7.1,0,158,237,0.40,9,15,0.38,0.0000,0.1000,0.1000,0.1000,0,500,500,500,0.0000,0.1250,0.1250,0.1250,0.000,,,0,3.35,3.35,,,,,,,,,,,,,
NJ,31,34,1984,7515473,3574967,235907,6.2,,,,133572,,,125567200,67638,382210,129058,503434,185547,273,360,414,76,139,199,253,394,515,607,,314,30,344,381,758,10.1,0,44,36,0.55,23,17,0.58,0.0000,0.1000,0.1000,0.1000,0,500,500,500,0.0000,0.1250,0.1250,0.1250,0.000,,,0,3.35,3.35,,,,,,,,,,,,,
NM,32,35,1984,1416717,576181,48883,7.8,,,,21397,,,16471100,14099,50720,18372,162610,51222,210,258,313,76,139,199,253,349,444,536,,314,0,314,360,280,19.5,1,46,24,0.66,23,19,0.55,0.0000,0.1000,0.1000,0.1000,0,500,500,500,0.0000,0.1250,0.1250,0.1250,0.000,,,0,3.35,3.35,,,,,,,,,,,,,
NY,33,36,1984,17745684,7523862,580707,7.2,,,,339427,,,279483600,361088,1115115,370568,1872290,764515,399,474,566,76,139,199,253,483,595,713,,314,61,375,403,2806,16.0,1,97,52,0.65,26,35,0.43,0.0000,0.1000,0.1000,0.1000,0,500,500,500,0.0000,0.1250,0.1250,0.1250,0.000,,,0,3.35,3.35,,,,,,,,,,,,,
NC,34,37,1984,6164006,2826036,203831,6.7,,,,88151,,,73126200,19375,166638,67441,506065,179360,176,202,221,76,139,199,253,315,401,472,,314,0,314,360,860,14.6,1,102,18,0.85,44,8,0.85,0.0000,0.1000,0.1000,0.1000,0,500,500,500,0.0000,0.1250,0.1250,0.1250,0.000,,,0,3.35,3.35,,,,,,,,,,,,,
ND,35,38,1984,680497,309531,17241,5.3,,,,10642,,,8458300,29168,11498,4185,31458,10850,289,357,437,76,139,199,253,406,513,623,,314,0,314,360,106,15.4,0,55,51,0.52,21,32,0.40,0.0000,0.1000,0.1000,0.1000,0,500,500,500,0.0000,0.1250,0.1250,0.1250,0.000,,,0,3.35,3.35,,,,,,,,,,,,,
OH,36,39,1984,10737746,4614643,481880,9.5,,,,163854,,,142661100,781544,680216,225871,1177246,453006,227,276,343,76,139,199,253,362,456,557,,314,0,314,360,1429,13.5,1,62,37,0.63,17,16,0.52,0.0000,0.1000,0.1000,0.1000,0,500,500,500,0.0000,0.1250,0.1250,0.1250,0.000,,,0,3.35,2.30,,,,,,,,,,,,,
OK,37,40,1984,3285533,1449534,110050,7.1,,,,51291,,,41927000,57920,78830,27299,263579,99486,218,282,349,76,139,199,253,356,461,562,,314,65,379,406,426,13.3,1,76,25,0.75,34,14,0.71,0.0000,0.1000,0.1000,0.1000,0,500,500,500,0.0000,0.1250,0.1250,0.1250,0.000,,,0,3.35,3.35,,,,,,,,,,,,,
OR,38,41,1984,2666588,1203487,125178,9.4,,,,37444,,,34585000,263705,71666,27200,237004,97027,312,368,445,76,139,199,253,422,521,629,,314,2,316,361,331,12.8,0,36,24,0.60,21,9,0.70,0.0000,0.1000,0.1000,0.1000,0,500,500,500,0.0000,0.1250,0.1250,0.1250,0.000,,,0,3.35,3.10,,,,,,,,,,,,,
PA,39,42,1984,11815172,4996147,498989,9.1,,,,167390,,,158975300,96577,576396,191742,1101152,421421,273,350,415,76,139,199,253,394,508,608,,314,32,346,382,1825,15.6,0,103,100,0.51,23,27,0.46,0.0000,0.1000,0.1000,0.1000,0,500,500,500,0.0000,0.1250,0.1250,0.1250,0.000,,,0,3.35,3.35,,,,,,,,,,,,,
RI,40,44,1984,961894,460735,26857,5.5,,,,13801,,,13381300,8164,44488,15839,76274,31477,375,462,528,76,139,199,253,466,587,687,,314,53,367,397,121,12.8,1,85,15,0.85,29,21,0.58,0.0000,0.1000,0.1000,0.1000,0,500,500,500,0.0000,0.1250,0.1250,0.1250,0.000,,,0,3.35,3.35,,,,,,,,,,,,,
SC,41,45,1984,3271868,1401036,103888,6.9,,,,41203,,,36183200,35664,125805,46646,403404,134471,108,142,174,76,139,199,253,247,341,427,,314,0,314,360,561,17.2,1,103,20,0.84,39,6,0.87,0.0000,0.1000,0.1000,0.1000,0,500,500,500,0.0000,0.1250,0.1250,0.1250,0.000,,,0,3.35,3.35,,,,,,,,,,,,,
SD,42,46,1984,697249,326984,14968,4.4,,,,9194,,,8272300,2543,16270,5825,47515,15471,280,321,361,76,139,199,253,399,488,570,,314,15,329,371,100,14.5,0,16,54,0.23,9,26,0.26,0.0000,0.1000,0.1000,0.1000,0,500,500,500,0.0000,0.1250,0.1250,0.1250,0.000,,,0,3.35,2.80,,,,,,,,,,,,,
TN,43,47,1984,4686737,2034185,190162,8.5,,,,63983,,,53481400,38708,153455,58838,563489,200529,101,127,154,76,139,199,253,240,326,407,,314,0,314,360,800,17.4,0,60,37,0.62,22,11,0.67,0.0000,0.1000,0.1000,0.1000,0,500,500,500,0.0000,0.1250,0.1250,0.1250,0.000,,,0,3.35,3.35,,,,,,,,,,,,,
TX,44,48,1984,16007086,7360153,480012,6.1,,,,288637,,,216833900,66408,339151,113921,1253742,383985,128,148,178,76,139,199,253,267,347,431,,314,0,314,360,2448,15.7,1,114,36,0.76,26,5,0.84,0.0000,0.1000,0.1000,0.1000,0,500,500,500,0.0000,0.1250,0.1250,0.1250,0.000,,,0,3.35,1.40,,,,,,,,,,,,,
UT,45,49,1984,1622342,659064,45574,6.5,,,,22147,,,17820400,44406,37938,12999,79386,26542,286,362,416,76,139,199,253,403,517,608,,314,10,324,367,183,11.1,1,17,58,0.23,5,24,0.17,0.0000,0.1000,0.1000,0.1000,0,500,500,500,0.0000,0.1250,0.1250,0.1250,0.000,,,0,3.35,3.35,,,,,,,,,,,,,
VT,46,50,1984,526660,254929,13633,5.1,,,,6895,,,6496300,989,23611,8134,49567,19836,507,530,592,76,139,199,253,558,634,732,,314,52,366,396,65,12.6,0,65,83,0.44,13,17,0.43,0.0000,0.1000,0.1000,0.1000,0,500,500,500,0.0000,0.1250,0.1250,0.1250,0.000,,,0,3.35,3.35,,,,,,,,,,,,,
VA,47,51,1984,5643870,2673670,143367,5.1,,,,89768,,,82638200,38739,155748,59123,399083,147046,258,310,360,76,139,199,253,384,480,569,,314,0,314,360,554,10.0,1,65,34,0.66,32,8,0.80,0.0000,0.1000,0.1000,0.1000,0,500,500,500,0.0000,0.1250,0.1250,0.1250,0.000,,,0,3.35,2.65,,,,,,,,,,,,,
WA,48,53,1984,4343656,1872645,191599,9.3,,,,74170,,,62431100,465376,161246,59036,278827,110799,374,462,544,76,139,199,253,465,587,698,,314,38,352,387,479,11.3,0,54,44,0.55,26,23,0.53,0.0000,0.1000,0.1000,0.1000,0,500,500,500,0.0000,0.1250,0.1250,0.1250,0.000,,,0,3.35,2.30,,,,,,,,,,,,,
WV,49,54,1984,1927697,651636,113120,14.8,,,,22172,,,19940700,170721,97880,32229,284256,93385,164,206,249,76,139,199,253,303,405,492,,314,0,314,360,392,20.4,1,87,13,0.87,31,3,0.91,0.0000,0.1000,0.1000,0.1000,0,500,500,500,0.0000,0.1250,0.1250,0.1250,0.000,,,0,3.35,3.05,,,,,,,,,,,,,
WI,50,55,1984,4735563,2215813,176208,7.4,,,,70013,,,62913200,8922,281806,92745,361259,128964,436,513,612,76,139,199,253,508,622,746,,314,100,414,430,730,15.5,1,59,40,0.60,19,14,0.58,0.0000,0.1000,0.1000,0.1000,0,500,500,500,0.0000,0.1250,0.1250,0.1250,0.300,,,0,3.35,3.25,,,,,,,,,,,,,
WY,51,56,1984,504896,238247,15893,6.3,,,,12152,,,6857100,51039,8713,3342,26009,9304,290,325,355,76,139,199,253,406,491,566,,314,20,334,374,53,10.9,1,25,38,0.40,11,19,0.37,0.0000,0.1000,0.1000,0.1000,0,500,500,500,0.0000,0.1250,0.1250,0.1250,0.000,,,0,3.35,1.60,,,,,,,,,,,,,
AL,1,1,1985,3972523,1637751,164977,9.2,,,,53824,,,46098700,38823,150961,52342,588144,207503,88,118,147,79,145,208,264,233,326,411,10097,325,0,325,375,821,20.6,1,87,12,0.88,28,4,0.88,0.0000,0.1100,0.1100,0.1100,0,550,550,550,0.0000,0.1222,0.1222,0.1222,0.000,,,0,3.35,3.35,,,,,,,,,,,,,
AK,2,2,1985,532495,227693,24434,9.7,,,,26142,,,10965800,8732,15873,6349,22010,7108,638,719,800,110,202,290,368,767,912,1047,905,325,261,586,639,45,8.7,1,21,18,0.54,9,11,0.45,0.0000,0.1100,0.1100,0.1100,0,550,550,550,0.0000,0.1222,0.1222,0.1222,0.000,,,0,3.35,3.85,,,,,,,,,,,,,
AZ,3,4,1985,3183538,1392656,94419,6.3,,,,50709,,,44570300,89095,72092,25475,205788,68111,180,233,282,79,145,208,264,325,440,530,4884,325,0,325,375,345,10.7,1,22,38,0.37,12,18,0.40,0.0000,0.1100,0.1100,0.1100,0,550,550,550,0.0000,0.1222,0.1222,0.1222,0.000,,,0,3.35,3.35,,,,,,,,,,,,,
AR,4,5,1985,2327046,956947,91000,8.7,,,,29326,,,25982300,25558,64173,21919,252854,89558,135,164,191,79,145,208,264,280,372,455,1062,325,0,325,375,541,22.9,1,91,9,0.91,31,4,0.89,0.0000,0.1100,0.1100,0.1100,0,550,550,550,0.0000,0.1222,0.1222,0.1222,0.000,,,0,3.35,3.15,,,,,,,,,,,,,
CA,5,6,1985,26441109,12051618,931200,7.2,,,,523906,,,444066900,541487,1618903,553016,1615189,550627,448,555,660,79,145,208,264,527,665,795,96599,325,179,504,501,3596,13.6,0,47,33,0.59,25,15,0.63,0.0000,0.1100,0.1100,0.1100,0,550,550,550,0.0000,0.1222,0.1222,0.1222,0.000,,,0,3.35,3.35,,,,,,,,,,,,,
CO,6,8,1985,3208723,1610284,103915,6.1,,,,59641,,,50483600,153701,79114,27708,170452,63326,272,346,420,79,145,208,264,404,519,627,3263,325,58,383,416,324,10.2,1,18,47,0.28,11,24,0.31,0.0000,0.1100,0.1100,0.1100,0,550,550,550,0.0000,0.1222,0.1222,0.1222,0.000,,,0,3.35,3.00,,,,,,,,,,,,,
CT,7,9,1985,3201131,1629294,80961,4.7,,,,69231,,,60000000,25470,121715,41759,144560,54667,440,546,636,79,145,208,264,522,659,778,4453,325,141,466,474,237,7.6,1,66,85,0.44,12,24,0.33,0.0000,0.1100,0.1100,0.1100,0,550,550,550,0.0000,0.1222,0.1222,0.1222,0.000,,,0,3.35,3.37,,,,,,,,,,,,,
DE,8,10,1985,618280,300368,16284,5.1,,,,13092,,,9733800,4353,24204,9032,72368,30056,212,287,336,79,145,208,264,357,478,568,1604,325,0,325,375,71,11.4,0,19,22,0.46,13,8,0.62,0.0000,0.1100,0.1100,0.1100,0,550,550,550,0.0000,0.1222,0.1222,0.1222,0.000,,,0,3.35,3.00,,,,,,,,,,,,,
DC,9,11,1985,634549,297291,26364,8.1,,,,28534,,,11781500,12051,58368,22425,40079,14844,257,327,399,79,145,208,264,394,506,612,3437,325,15,340,386,123,20.4,.,,,,11,1,0.92,0.0000,0.1100,0.1100,0.1100,0,550,550,550,0.0000,0.1222,0.1222,0.1222,0.000,,,0,3.35,3.35,,,,,,,,,,,,,
FL,10,12,1985,11351118,5023378,319278,6.0,,,,170894,,,168327400,103054,271437,96849,629598,238715,185,240,284,79,145,208,264,330,445,532,20480,325,0,325,375,1551,13.4,1,77,43,0.64,32,8,0.80,0.0000,0.1100,0.1100,0.1100,0,550,550,550,0.0000,0.1222,0.1222,0.1222,0.000,,,0,3.35,3.35,,,,,,,,,,,,,
GA,11,13,1985,5962661,2692830,184833,6.4,,,,98223,,,78685500,36318,238541,84807,567405,195735,174,208,245,79,145,208,264,319,416,509,15490,325,0,325,404,1037,17.7,1,154,26,0.86,47,9,0.84,0.0000,0.1100,0.1100,0.1100,0,550,550,550,0.0000,0.1222,0.1222,0.1222,0.000,,,0,3.35,3.25,,,,,,,,,,,,,
HI,12,15,1985,1039698,453370,25788,5.4,,,,20722,,,16452500,13573,50621,16171,98706,37132,390,468,546,121,223,319,405,565,715,856,1277,325,5,330,421,109,10.7,1,40,11,0.78,21,4,0.84,0.0000,0.1100,0.1100,0.1100,0,550,550,550,0.0000,0.1222,0.1222,0.1222,0.000,,,0,3.35,3.35,,,,,,,,,,,,,
ID,13,16,1985,994051,429858,36730,7.9,,,,13044,,,11932800,18921,17232,6247,58966,20399,245,304,344,79,145,208,264,385,490,574,876,325,78,403,430,159,16.0,1,17,67,0.20,14,28,0.33,0.0000,0.1100,0.1100,0.1100,0,550,550,550,0.0000,0.1222,0.1222,0.1222,0.000,,,0,3.35,2.30,,,,,,,,,,,,,
IL,14,17,1985,11399806,5158654,513554,9.1,,,,206281,,,177209800,26145,734594,240120,1110242,430246,250,302,368,79,145,208,264,389,488,590,26789,325,35,360,400,1830,15.6,0,67,51,0.57,31,28,0.53,0.0000,0.1100,0.1100,0.1100,0,550,550,550,0.0000,0.1222,0.1222,0.1222,0.000,,,0,3.35,3.35,,,,,,,,,,,,,
IN,15,18,1985,5459211,2499152,211261,7.8,,,,82011,,,71812800,16564,165427,57015,406022,136370,196,256,316,79,145,208,264,341,456,554,2940,325,0,325,375,639,12.0,0,39,61,0.39,20,30,0.40,0.0000,0.1100,0.1100,0.1100,0,550,550,550,0.0000,0.1222,0.1222,0.1222,0.000,,,0,3.35,2.00,,,,,,,,,,,,,
IA,16,19,1985,2829684,1307423,105623,7.5,,,,42431,,,38216300,5143,122703,39946,202785,76432,305,360,419,79,145,208,264,427,529,626,3578,325,0,325,375,505,17.9,0,60,40,0.60,29,21,0.58,0.0000,0.1100,0.1100,0.1100,0,550,550,550,0.0000,0.1222,0.1222,0.1222,0.000,,,0,3.35,3.35,,,,,,,,,,,,,
KS,17,20,1985,2427405,1165356,62661,5.1,,,,40658,,,35255400,14202,67355,22818,118527,45232,314,373,422,79,145,208,264,434,538,628,2508,325,0,325,375,331,13.8,1,49,76,0.39,16,24,0.40,0.0000,0.1100,0.1100,0.1100,0,550,550,550,0.0000,0.1222,0.1222,0.1222,0.000,,,0,3.35,1.60,,,,,,,,,,,,,
KY,18,21,1985,3694826,1538028,156370,9.2,,,,51893,,,42815500,76959,159592,59387,560365,191402,170,197,246,79,145,208,264,315,405,505,8542,325,0,325,375,708,19.4,1,74,26,0.74,28,10,0.74,0.0000,0.1100,0.1100,0.1100,0,550,550,550,0.0000,0.1222,0.1222,0.1222,0.000,,,0,3.35,2.60,,,,,,,,,,,,,
LA,19,22,1985,4408118,1756263,229718,11.6,,,,84391,,,53629700,17525,230279,76232,643943,210821,138,190,234,79,145,208,264,283,398,497,12057,325,0,325,375,781,18.1,1,91,14,0.87,38,1,0.97,0.0000,0.1100,0.1100,0.1100,0,550,550,550,0.0000,0.1222,0.1222,0.1222,0.000,,,0,3.35,3.35,,,,,,,,,,,,,
ME,20,23,1985,1162936,521602,30376,5.5,,,,16046,,,14893300,5612,57150,19773,113817,46327,275,370,465,79,145,208,264,406,536,658,1505,325,10,335,382,134,11.9,1,85,66,0.56,24,11,0.69,0.0000,0.1100,0.1100,0.1100,0,550,550,550,0.0000,0.1222,0.1222,0.1222,0.000,,,0,3.35,3.45,,,,,,,,,,,,,
MD,21,24,1985,4413071,2174967,105090,4.6,,,,76878,,,75502900,106253,194671,72131,286816,114951,244,313,376,79,145,208,264,385,496,596,7245,325,0,325,375,364,8.7,1,124,17,0.88,41,6,0.87,0.0000,0.1100,0.1100,0.1100,0,550,550,550,0.0000,0.1222,0.1222,0.1222,0.000,,,0,3.35,3.35,,,,,,,,,,,,,
MA,22,25,1985,5880733,2930523,120870,4.0,,,,116613,,,99341600,32092,235425,86417,337066,140727,328,396,463,79,145,208,264,443,554,657,8750,325,129,454,466,544,9.2,1,126,34,0.79,32,8,0.80,0.0000,0.1100,0.1100,0.1100,0,550,550,550,0.0000,0.1222,0.1222,0.1222,0.000,,,0,3.35,3.35,,,,,,,,,,,,,
MI,23,26,1985,9076293,3926319,433997,10.0,,,,153605,,,133599100,136477,690565,225185,984675,408070,338,417,512,79,145,208,264,450,569,691,5123,325,27,352,394,1308,14.5,1,57,53,0.52,18,19,0.49,0.0000,0.1100,0.1100,0.1100,0,550,550,550,0.0000,0.1222,0.1222,0.1222,0.000,,,0,3.35,3.35,,,,,,,,,,,,,
MN,24,27,1985,4184302,2094586,133660,6.0,,,,75832,,,63360900,68532,151710,51344,228475,89942,431,524,611,79,145,208,264,515,644,760,3631,325,35,360,400,523,12.6,1,65,69,0.49,42,24,0.64,0.0000,0.1100,0.1100,0.1100,0,550,550,550,0.0000,0.1222,0.1222,0.1222,0.000,,,0,3.35,3.35,,,,,,,,,,,,,
MS,25,28,1985,2588102,1007010,116847,10.4,,,,30138,,,25818800,14882,154776,51922,494700,158750,60,96,120,79,145,208,264,205,304,384,11717,325,0,325,375,644,25.1,1,116,6,0.95,49,3,0.94,0.0000,0.1100,0.1100,0.1100,0,550,550,550,0.0000,0.1222,0.1222,0.1222,0.000,,,0,3.35,3.35,,,,,,,,,,,,,
MO,26,29,1985,5000268,2299301,160884,6.5,,,,77912,,,69744000,19025,196914,66455,361835,127887,211,263,308,79,145,208,264,356,461,548,7974,325,0,325,375,689,13.7,0,108,55,0.66,21,13,0.62,0.0000,0.1100,0.1100,0.1100,0,550,550,550,0.0000,0.1222,0.1222,0.1222,0.000,,,0,3.35,3.35,,,,,,,,,,,,,
MT,27,30,1985,822320,371962,30929,7.7,,,,10941,,,9738400,63634,22479,7887,58444,21485,279,332,425,79,145,208,264,409,509,630,606,325,0,325,375,134,16.0,1,50,50,0.50,28,22,0.56,0.0000,0.1100,0.1100,0.1100,0,550,550,550,0.0000,0.1222,0.1222,0.1222,0.000,,,0,3.35,3.05,,,,,,,,,,,,,
NE,28,31,1985,1584664,764692,41759,5.2,,,,25717,,,22348400,3846,44231,15283,94284,33943,280,350,420,79,145,208,264,410,522,627,3002,325,61,386,418,235,14.8,1,,,,,,,0.0000,0.1100,0.1100,0.1100,0,550,550,550,0.0000,0.1222,0.1222,0.1222,0.000,,,0,3.35,1.60,,,,,,,,,,,,,
NV,29,32,1985,951030,476503,39843,7.7,,,,17945,,,14799400,154551,13709,4725,32219,14474,187,233,279,79,145,208,264,332,440,528,985,325,36,361,400,139,14.4,1,17,25,0.40,13,8,0.62,0.0000,0.1100,0.1100,0.1100,0,550,550,550,0.0000,0.1222,0.1222,0.1222,0.000,,,0,3.35,2.75,,,,,,,,,,,,,
NH,30,33,1985,996753,520847,20168,3.7,,,,16578,,,15842400,5576,14341,5414,28310,12175,320,378,429,79,145,208,264,438,541,633,627,325,27,352,394,59,6.0,0,102,297,0.26,6,18,0.25,0.0000,0.1100,0.1100,0.1100,0,550,550,550,0.0000,0.1222,0.1222,0.1222,0.000,,,0,3.35,3.35,,,,,,,,,,,,,
NJ,31,34,1985,7565528,3627926,216091,5.6,,,,145929,,,134573700,74060,367006,124530,463530,170367,292,385,443,79,145,208,264,418,546,643,12518,325,31,356,397,631,8.3,0,30,50,0.38,23,17,0.58,0.0000,0.1100,0.1100,0.1100,0,550,550,550,0.0000,0.1222,0.1222,0.1222,0.000,,,0,3.35,3.35,,,,,,,,,,,,,
NM,32,35,1985,1438361,595598,54124,8.3,,,,22534,,,17823500,15626,50648,17972,157023,49984,210,258,313,79,145,208,264,355,457,552,2472,325,0,325,375,267,18.5,1,42,28,0.60,21,21,0.50,0.0000,0.1100,0.1100,0.1100,0,550,550,550,0.0000,0.1222,0.1222,0.1222,0.000,,,0,3.35,3.35,,,,,,,,,,,,,
NY,33,36,1985,17791672,7744513,548594,6.6,,,,364281,,,299163500,392596,1111938,373141,1834420,754006,399,474,566,79,145,208,264,493,609,729,33776,325,61,386,418,2796,15.8,1,94,56,0.63,26,35,0.43,0.0000,0.1100,0.1100,0.1100,0,550,550,550,0.0000,0.1222,0.1222,0.1222,0.000,,,0,3.35,3.35,,,,,,,,,,,,,
NC,34,37,1985,6253954,2933817,172947,5.6,,,,96535,,,79020200,23346,165530,63506,474175,171618,194,223,244,79,145,208,264,339,431,504,14919,325,0,325,375,863,14.2,0,82,38,0.68,38,12,0.76,0.0000,0.1100,0.1100,0.1100,0,550,550,550,0.0000,0.1222,0.1222,0.1222,0.000,,,0,3.35,3.35,,,,,,,,,,,,,
ND,35,38,1985,676980,313695,18927,5.7,,,,10655,,,8740900,34221,12406,4431,32903,11412,301,371,454,79,145,208,264,424,536,651,337,325,0,325,375,108,15.9,1,42,64,0.40,24,29,0.45,0.0000,0.1100,0.1100,0.1100,0,550,550,550,0.0000,0.1222,0.1222,0.1222,0.000,,,0,3.35,3.35,,,,,,,,,,,,,
OH,36,39,1985,10734926,4694344,459356,8.9,,,,174165,,,151425600,900160,672513,224400,1132995,445241,238,290,360,79,145,208,264,380,480,585,18291,325,0,325,375,1359,12.8,1,58,40,0.59,15,18,0.45,0.0000,0.1100,0.1100,0.1100,0,550,550,550,0.0000,0.1222,0.1222,0.1222,0.000,,,0,3.35,2.30,,,,,,,,,,,,,
OK,37,40,1985,3271332,1454530,112951,7.2,,,,52765,,,43605500,62072,81753,28036,262586,99979,218,282,349,79,145,208,264,363,474,577,2765,325,60,385,417,526,16.0,1,69,32,0.68,34,14,0.71,0.0000,0.1100,0.1100,0.1100,0,550,550,550,0.0000,0.1222,0.1222,0.1222,0.000,,,0,3.35,3.35,,,,,,,,,,,,,
OR,38,41,1985,2672652,1205144,116734,8.8,,,,39446,,,36320800,200190,73937,27847,228438,94223,328,386,468,79,145,208,264,443,547,660,3644,325,2,327,377,317,11.9,0,34,26,0.57,18,12,0.60,0.0000,0.1100,0.1100,0.1100,0,550,550,550,0.0000,0.1222,0.1222,0.1222,0.000,,,0,3.35,3.10,,,,,,,,,,,,,
PA,39,42,1985,11770862,5108212,444674,8.0,,,,176873,,,168415800,91331,560763,186342,1032257,410900,285,364,444,79,145,208,264,413,532,644,14492,325,32,357,398,1217,10.5,0,103,100,0.51,23,27,0.46,0.0000,0.1100,0.1100,0.1100,0,550,550,550,0.0000,0.1222,0.1222,0.1222,0.000,,,0,3.35,3.35,,,,,,,,,,,,,
RI,40,44,1985,968955,476104,23132,4.6,,,,15222,,,14413800,8935,43744,15770,69353,29162,388,479,547,79,145,208,264,485,612,716,1300,325,54,379,413,84,9.0,0,77,21,0.79,38,12,0.76,0.0000,0.1100,0.1100,0.1100,0,550,550,550,0.0000,0.1222,0.1222,0.1222,0.000,,,0,3.35,3.35,,,,,,,,,,,,,
SC,41,45,1985,3303209,1440832,107111,6.9,,,,43988,,,38709700,40085,119762,43476,373284,126855,144,187,229,79,145,208,264,289,395,493,9233,325,0,325,375,489,15.2,1,96,27,0.78,36,10,0.78,0.0000,0.1100,0.1100,0.1100,0,550,550,550,0.0000,0.1222,0.1222,0.1222,0.000,,,0,3.35,3.35,,,,,,,,,,,,,
SD,42,46,1985,698402,328562,16732,4.8,,,,9588,,,8480600,3255,16408,5850,48008,15488,286,329,371,79,145,208,264,414,507,592,1107,325,15,340,386,119,17.3,0,13,57,0.19,10,25,0.29,0.0000,0.1100,0.1100,0.1100,0,550,550,550,0.0000,0.1222,0.1222,0.1222,0.000,,,0,3.35,2.80,,,,,,,,,,,,,
TN,43,47,1985,4715296,2077808,179435,7.9,,,,68426,,,57207500,43894,155047,57035,518284,186518,106,138,168,79,145,208,264,251,346,432,10492,325,0,325,375,837,18.1,0,62,37,0.63,23,10,0.70,0.0000,0.1100,0.1100,0.1100,0,550,550,550,0.0000,0.1222,0.1222,0.1222,0.000,,,0,3.35,3.35,,,,,,,,,,,,,
TX,44,48,1985,16272734,7463323,565185,7.0,,,,307224,,,233562000,71011,362947,120182,1262892,392728,144,167,201,79,145,208,264,289,375,465,5836,325,0,325,375,2582,15.9,1,98,52,0.65,25,6,0.81,0.0000,0.1100,0.1100,0.1100,0,550,550,550,0.0000,0.1222,0.1222,0.1222,0.000,,,0,3.35,1.40,,,,,,,,,,,,,
UT,45,49,1985,1642910,686628,44141,6.0,,,,24083,,,19069900,56044,38043,12890,75170,25485,289,363,425,79,145,208,264,416,531,630,1464,325,10,335,382,180,10.9,0,14,61,0.19,6,23,0.21,0.0000,0.1100,0.1100,0.1100,0,550,550,550,0.0000,0.1222,0.1222,0.1222,0.000,,,0,3.35,3.35,,,,,,,,,,,,,
VT,46,50,1985,530035,265592,13358,4.8,,,,7524,,,7041000,1044,22433,7795,43680,17651,467,558,622,79,145,208,264,541,667,768,346,325,53,378,412,48,9.2,1,72,78,0.48,18,12,0.60,0.0000,0.1100,0.1100,0.1100,0,550,550,550,0.0000,0.1222,0.1222,0.1222,0.000,,,0,3.35,3.35,,,,,,,,,,,,,
VA,47,51,1985,5715153,2705622,157170,5.5,,,,97967,,,89308400,39136,153584,58434,360253,136964,272,327,379,79,145,208,264,404,506,598,11650,325,0,325,375,558,10.0,1,65,33,0.66,32,8,0.80,0.0000,0.1100,0.1100,0.1100,0,550,550,550,0.0000,0.1222,0.1222,0.1222,0.000,,,0,3.35,2.65,,,,,,,,,,,,,
WA,48,53,1985,4400098,1922407,175267,8.4,,,,77341,,,66376300,503132,177865,64492,281298,111349,385,476,561,79,145,208,264,483,610,725,8032,325,38,363,402,526,12.0,1,53,45,0.54,27,22,0.55,0.0000,0.1100,0.1100,0.1100,0,550,550,550,0.0000,0.1222,0.1222,0.1222,0.000,,,0,3.35,2.30,,,,,,,,,,,,,
WV,49,54,1985,1906831,657796,99550,13.1,,,,22936,,,20765600,197249,105796,33591,277971,92959,164,206,249,79,145,208,264,309,414,507,3404,325,0,325,375,423,22.3,0,73,27,0.73,30,4,0.88,0.0000,0.1100,0.1100,0.1100,0,550,550,550,0.0000,0.1222,0.1222,0.1222,0.000,,,0,3.35,3.05,,,,,,,,,,,,,
WI,50,55,1985,4747767,2208079,171125,7.2,,,,73820,,,66276700,9608,288247,95466,362685,129024,453,533,636,79,145,208,264,531,650,778,8178,325,100,425,445,544,11.6,1,52,47,0.53,19,14,0.58,0.0000,0.1100,0.1100,0.1100,0,550,550,550,0.0000,0.1222,0.1222,0.1222,0.300,,,0,3.35,3.25,,,,,,,,,,,,,
WY,51,56,1985,499695,234585,17264,6.9,,,,12205,,,7160400,47851,10036,3812,27124,9653,290,325,355,79,145,208,264,417,504,581,460,325,20,345,389,61,12.0,1,18,46,0.28,11,19,0.37,0.0000,0.1100,0.1100,0.1100,0,550,550,550,0.0000,0.1222,0.1222,0.1222,0.000,,,0,3.35,1.60,,,,,,,,,,,,,
AL,1,1,1986,3991569,1680722,180605,9.7,,,,56134,,,48790300,38143,145993,50091,512953,181099,88,118,147,80,147,211,268,235,329,415,9219,336,0,336,389,959,23.8,1,87,12,0.88,28,4,0.88,0.0000,0.1100,0.1100,0.1100,0,550,550,550,0.0000,0.1222,0.1222,0.1222,0.000,,,0,3.35,3.35,,,,,,,,,,,,,
AK,2,2,1986,544268,227228,27903,10.9,,,,19181,,,11065600,10060,16865,6799,27948,9183,657,740,823,111,204,293,372,791,938,1075,726,336,269,605,662,59,11.4,1,21,18,0.54,9,11,0.45,0.0000,0.1100,0.1100,0.1100,0,550,550,550,0.0000,0.1222,0.1222,0.1222,0.000,,,0,3.35,3.85,,,,,,,,,,,,,
AZ,3,4,1986,3308262,1454740,107988,6.9,,,,55881,,,48739400,99739,74363,26048,193765,63761,233,293,353,80,147,211,268,380,490,589,4387,336,0,336,389,484,14.3,1,22,38,0.37,12,18,0.40,0.0000,0.1100,0.1100,0.1100,0,550,550,550,0.0000,0.1222,0.1222,0.1222,0.000,,,0,3.35,3.35,,,,,,,,,,,,,
AR,4,5,1986,2331984,976138,91346,8.6,,,,30799,,,27303700,26664,66609,22553,242508,85903,158,192,224,80,147,211,268,305,403,492,3338,336,0,336,389,499,21.3,1,91,9,0.91,31,4,0.89,0.0000,0.1100,0.1100,0.1100,0,550,550,550,0.0000,0.1222,0.1222,0.1222,0.000,,,0,3.35,3.35,,,,,,,,,,,,,
CA,5,6,1986,27102237,12438577,897113,6.7,,,,563082,,,476682200,631120,1644162,564645,1623250,557692,474,587,698,80,147,211,268,552,695,830,99699,336,197,533,527,3453,12.7,0,47,33,0.59,25,15,0.63,0.0000,0.1100,0.1100,0.1100,0,550,550,550,0.0000,0.1222,0.1222,0.1222,0.000,,,0,3.35,3.35,,,,,,,,,,,,,
CO,6,8,1986,3237450,1577648,128194,7.5,,,,60970,,,52445700,141090,83508,29138,179169,66781,272,346,420,80,147,211,268,411,527,636,2377,336,58,394,429,426,13.5,1,18,47,0.28,11,24,0.31,0.0000,0.1100,0.1100,0.1100,0,550,550,550,0.0000,0.1222,0.1222,0.1222,0.000,,,0,3.35,3.00,,,,,,,,,,,,,
CT,7,9,1986,3223740,1670498,66775,3.8,,,,75305,,,64553300,28536,117332,40318,130760,48714,459,569,664,80,147,211,268,542,683,806,3540,336,,336,389,186,6.0,1,66,85,0.44,12,24,0.33,0.0000,0.1100,0.1100,0.1100,0,550,550,550,0.0000,0.1222,0.1222,0.1222,0.000,,,0,3.35,3.37,,,,,,,,,,,,,
DE,8,10,1986,627559,310780,14077,4.3,,,,14138,,,10356800,5358,21947,8218,68455,28139,220,298,349,80,147,211,268,367,493,586,1387,336,0,336,389,79,12.4,0,19,22,0.46,13,8,0.62,0.0000,0.1100,0.1100,0.1100,0,550,550,550,0.0000,0.1222,0.1222,0.1222,0.000,,,0,3.35,3.35,,,,,,,,,,,,,
DC,9,11,1986,638269,299015,24364,7.5,,,,30079,,,12399300,14666,55195,21325,32527,12054,257,327,399,80,147,211,268,400,513,621,3447,336,15,351,399,77,12.8,.,,,,11,1,0.92,0.0000,0.1100,0.1100,0.1100,0,550,550,550,0.0000,0.1222,0.1222,0.1222,0.000,,,0,3.35,3.35,,,,,,,,,,,,,
FL,10,12,1986,11667505,5267509,323488,5.8,,,,185852,,,182124000,103768,275366,97383,601778,231493,194,252,298,80,147,211,268,341,461,550,21201,336,0,336,389,1342,11.4,1,77,43,0.64,32,8,0.80,0.0000,0.1100,0.1100,0.1100,0,550,550,550,0.0000,0.1222,0.1222,0.1222,0.000,,,0,3.35,3.35,,,,,,,,,,,,,
GA,11,13,1986,6084666,2804930,177701,6.0,,,,108089,,,85846400,35625,237932,83902,513926,183508,187,223,264,80,147,211,268,334,434,526,16914,336,0,336,389,879,14.6,1,154,26,0.86,47,9,0.84,0.0000,0.1100,0.1100,0.1100,0,550,550,550,0.0000,0.1222,0.1222,0.1222,0.000,,,0,3.35,3.25,,,,,,,,,,,,,
HI,12,15,1986,1051762,467935,23452,4.8,,,,22437,,,17458100,14074,47008,15177,91802,34926,390,468,546,124,228,327,415,606,759,902,1034,336,5,341,465,109,10.7,1,40,11,0.78,21,4,0.84,0.0000,0.1100,0.1100,0.1100,0,550,550,550,0.0000,0.1222,0.1222,0.1222,0.000,,,0,3.35,3.35,,,,,,,,,,,,,
ID,13,16,1986,990224,431928,39832,8.4,,,,13220,,,12177200,22119,17137,6330,58492,20093,245,304,344,80,147,211,268,392,497,582,566,336,72,408,439,180,18.5,1,17,67,0.20,14,28,0.33,0.0000,0.1100,0.1100,0.1100,0,550,550,550,0.0000,0.1222,0.1222,0.1222,0.000,,,0,3.35,2.30,,,,,,,,,,,,,
IL,14,17,1986,11387257,5223314,471372,8.3,,,,218696,,,186405500,27804,736880,241349,1098113,431173,250,341,385,80,147,211,268,396,523,611,28466,336,0,336,389,1517,13.3,0,67,51,0.57,31,28,0.53,0.0000,0.1100,0.1100,0.1100,0,550,550,550,0.0000,0.1222,0.1222,0.1222,0.000,,,0,3.35,3.35,,,,,,,,,,,,,
IN,15,18,1986,5454108,2560101,188309,6.9,,,,86437,,,75637200,15951,160968,55693,371519,124831,196,256,316,80,147,211,268,343,464,563,4534,336,0,336,389,674,12.7,0,39,61,0.39,20,30,0.40,0.0000,0.1100,0.1100,0.1100,0,550,550,550,0.0000,0.1222,0.1222,0.1222,0.000,,,0,3.35,2.00,,,,,,,,,,,,,
IA,16,19,1986,2791970,1336751,96892,6.8,,,,43226,,,39480300,4903,127112,40804,210980,79363,322,381,443,80,147,211,268,446,551,652,3358,336,0,336,389,376,12.9,0,60,40,0.60,29,21,0.58,0.0000,0.1100,0.1100,0.1100,0,550,550,550,0.0000,0.1222,0.1222,0.1222,0.000,,,0,3.35,3.35,,,,,,,,,,,,,
KS,17,20,1986,2432619,1175560,66151,5.3,,,,41795,,,36958600,15730,68850,23355,117396,44517,328,394,450,80,147,211,268,450,560,657,2878,336,0,336,389,269,11.1,1,49,76,0.39,16,24,0.40,0.0000,0.1100,0.1100,0.1100,0,550,550,550,0.0000,0.1222,0.1222,0.1222,0.000,,,0,3.35,1.60,,,,,,,,,,,,,
KY,18,21,1986,3687809,1534414,159054,9.4,,,,53199,,,44019000,84567,161783,60190,536065,184408,170,197,246,80,147,211,268,317,408,514,8494,336,0,336,389,630,17.7,1,74,26,0.74,28,10,0.74,0.0000,0.1100,0.1100,0.1100,0,550,550,550,0.0000,0.1222,0.1222,0.1222,0.000,,,0,3.35,3.35,,,,,,,,,,,,,
LA,19,22,1986,4406919,1726694,252336,12.8,,,,77107,,,53695100,20765,241585,80249,678068,219772,138,190,234,80,147,211,268,285,401,502,12196,336,0,336,389,953,22.0,1,91,14,0.87,38,1,0.97,0.0000,0.1100,0.1100,0.1100,0,550,550,550,0.0000,0.1222,0.1222,0.1222,0.000,,,0,3.35,3.35,,,,,,,,,,,,,
ME,20,23,1986,1170126,533048,29701,5.3,,,,17382,,,16123200,6354,58435,20078,110998,45462,289,389,489,80,147,211,268,423,557,684,1650,336,10,346,396,115,10.2,1,85,66,0.56,24,11,0.69,0.0000,0.1100,0.1100,0.1100,0,550,550,550,0.0000,0.1222,0.1222,0.1222,0.000,,,0,3.35,3.55,,,,,,,,,,,,,
MD,21,24,1986,4486957,2239999,106981,4.6,,,,83744,,,81544500,129302,191950,69541,271731,110571,256,329,395,80,147,211,268,400,515,618,7361,336,0,336,389,414,9.2,1,124,17,0.88,41,6,0.87,0.0000,0.1100,0.1100,0.1100,0,550,550,550,0.0000,0.1222,0.1222,0.1222,0.000,,,0,3.35,3.35,,,,,,,,,,,,,
MA,22,25,1986,5902678,2946878,119151,3.9,,,,127155,,,107146500,29741,235234,87341,321969,135794,358,432,505,80,147,211,268,471,587,695,8396,336,129,465,479,538,9.2,1,126,34,0.79,32,8,0.80,0.0000,0.1100,0.1100,0.1100,0,550,550,550,0.0000,0.1222,0.1222,0.1222,0.000,,,0,3.35,3.55,,,,,,,,,,,,,
MI,23,26,1986,9127775,4010764,387777,8.8,,,,163458,,,142047600,148523,672678,220191,928096,381998,398,486,588,80,147,211,268,499,625,753,6815,336,28,364,408,1267,13.9,1,57,53,0.52,18,19,0.49,0.0000,0.1100,0.1100,0.1100,0,550,550,550,0.0000,0.1222,0.1222,0.1222,0.000,,,0,3.35,3.35,,,,,,,,,,,,,
MN,24,27,1986,4205212,2117295,123766,5.5,,,,79450,,,67018200,79213,160093,53756,227553,89844,434,528,616,80,147,211,268,524,654,773,3277,336,35,371,413,517,12.5,1,65,69,0.49,43,24,0.64,0.0000,0.1100,0.1100,0.1100,0,550,550,550,0.0000,0.1222,0.1222,0.1222,0.000,,,0,3.35,3.35,,,,,,,,,,,,,
MS,25,28,1986,2593597,1021251,131459,11.4,,,,30996,,,26781300,14327,159804,53334,490788,160351,96,120,144,80,147,211,268,243,331,412,8423,336,0,336,389,695,26.6,1,116,6,0.95,49,3,0.94,0.0000,0.1100,0.1100,0.1100,0,550,550,550,0.0000,0.1222,0.1222,0.1222,0.000,,,0,3.35,3.35,,,,,,,,,,,,,
MO,26,29,1986,5023068,2377984,157858,6.2,,,,83330,,,73416900,19813,200523,66514,384759,138138,219,274,320,80,147,211,268,366,476,566,7895,336,0,336,389,722,14.4,0,108,55,0.66,21,13,0.62,0.0000,0.1100,0.1100,0.1100,0,550,550,550,0.0000,0.1222,0.1222,0.1222,0.000,,,0,3.35,3.35,,,,,,,,,,,,,
MT,27,30,1986,813739,369942,31872,7.9,,,,10979,,,10125600,76935,25825,8840,59603,21755,282,354,426,80,147,211,268,418,532,640,459,336,0,336,389,136,16.5,1,50,50,0.50,28,22,0.56,0.0000,0.1100,0.1100,0.1100,0,550,550,550,0.0000,0.1222,0.1222,0.1222,0.000,,,0,3.35,3.35,,,,,,,,,,,,,
NE,28,31,1986,1574333,767768,40586,5.0,,,,26045,,,22999500,3635,47059,16142,99458,36147,280,350,420,80,147,211,268,417,530,636,2496,336,62,398,432,220,13.6,1,,,,,,,0.0000,0.1100,0.1100,0.1100,0,550,550,550,0.0000,0.1222,0.1222,0.1222,0.000,,,0,3.35,1.60,,,,,,,,,,,,,
NV,29,32,1986,980613,498051,32835,6.2,,,,19731,,,15988500,187729,15883,5471,34158,15273,229,285,341,80,147,211,268,376,484,580,774,336,36,372,414,82,8.1,1,17,25,0.40,13,8,0.62,0.0000,0.1100,0.1100,0.1100,0,550,550,550,0.0000,0.1222,0.1222,0.1222,0.000,,,0,3.35,2.75,,,,,,,,,,,,,
NH,30,33,1986,1025053,545821,15514,2.8,,,,18369,,,17508800,5501,13097,4966,23802,10620,329,389,442,80,147,211,268,451,557,651,597,336,27,363,408,37,3.7,0,102,297,0.26,6,18,0.25,0.0000,0.1100,0.1100,0.1100,0,550,550,550,0.0000,0.1222,0.1222,0.1222,0.000,,,0,3.35,3.35,,,,,,,,,,,,,
NJ,31,34,1986,7622159,3707802,195726,5.0,,,,158836,,,144070400,78675,355655,121278,428737,161152,307,404,465,80,147,211,268,435,567,667,12764,336,31,367,410,679,8.9,0,30,50,0.38,23,17,0.58,0.0000,0.1100,0.1100,0.1100,0,550,550,550,0.0000,0.1222,0.1222,0.1222,0.000,,,0,3.35,3.35,,,,,,,,,,,,,
NM,32,35,1986,1462729,608831,62577,9.3,,,,21807,,,18525000,15902,51529,18104,153967,48984,210,258,313,80,147,211,268,357,465,561,1755,336,0,336,389,306,21.3,1,42,28,0.60,21,21,0.50,0.0000,0.1100,0.1100,0.1100,0,550,550,550,0.0000,0.1222,0.1222,0.1222,0.000,,,0,3.35,3.35,,,,,,,,,,,,,
NY,33,36,1986,17833419,7913640,524993,6.2,,,,390104,,,319479400,445425,1099520,368361,1722919,721890,416,497,596,80,147,211,268,512,632,759,25923,336,72,408,439,2322,13.2,1,94,56,0.63,26,35,0.43,0.0000,0.1100,0.1100,0.1100,0,550,550,550,0.0000,0.1222,0.1222,0.1222,0.000,,,0,3.35,3.35,,,,,,,,,,,,,
NC,34,37,1986,6321578,3017057,168423,5.3,,,,104785,,,85194500,24329,174967,66864,449994,167128,214,246,269,80,147,211,268,361,457,530,9433,336,0,336,389,884,14.3,0,82,38,0.68,38,12,0.76,0.0000,0.1100,0.1100,0.1100,0,550,550,550,0.0000,0.1222,0.1222,0.1222,0.000,,,0,3.35,3.35,,,,,,,,,,,,,
ND,35,38,1986,669512,313041,19466,5.9,,,,9773,,,8869900,40313,13427,4843,35733,12390,301,371,454,80,147,211,268,431,544,659,232,336,0,336,389,88,13.5,1,42,64,0.40,24,29,0.45,0.0000,0.1100,0.1100,0.1100,0,550,550,550,0.0000,0.1222,0.1222,0.1222,0.000,,,0,3.35,3.35,,,,,,,,,,,,,
OH,36,39,1986,10730268,4791014,431890,8.3,,,,182644,,,158493000,1037343,676733,227315,1127177,449911,248,302,374,80,147,211,268,394,496,603,17016,336,0,336,389,1372,12.8,1,58,40,0.59,15,18,0.45,0.0000,0.1100,0.1100,0.1100,0,550,550,550,0.0000,0.1222,0.1222,0.1222,0.000,,,0,3.35,2.30,,,,,,,,,,,,,
OK,37,40,1986,3252735,1459542,131051,8.2,,,,48997,,,43881500,64437,87860,30223,263910,100259,240,310,384,80,147,211,268,387,502,610,3068,336,64,400,434,469,14.7,1,69,32,0.68,34,14,0.71,0.0000,0.1100,0.1100,0.1100,0,550,550,550,0.0000,0.1222,0.1222,0.1222,0.000,,,0,3.35,3.35,,,,,,,,,,,,,
OR,38,41,1986,2683528,1247520,109155,8.0,,,,41730,,,38221700,134199,82036,30359,226408,93476,338,397,482,80,147,211,268,457,562,679,4053,336,2,338,390,332,12.3,0,34,26,0.57,18,12,0.60,0.0000,0.1100,0.1100,0.1100,0,550,550,550,0.0000,0.1222,0.1222,0.1222,0.000,,,0,3.35,3.35,,,,,,,,,,,,,
PA,39,42,1986,11782752,5216732,386388,6.9,,,,187386,,,177108100,99654,580193,190816,1011439,406087,299,382,466,80,147,211,268,430,552,668,13314,336,32,368,411,1190,10.1,0,103,100,0.51,23,27,0.46,0.0000,0.1100,0.1100,0.1100,0,550,550,550,0.0000,0.1222,0.1222,0.1222,0.000,,,0,3.35,3.35,,,,,,,,,,,,,
RI,40,44,1986,977341,488500,20701,4.1,,,,16622,,,15452700,8646,44439,16035,66038,27907,407,503,574,80,147,211,268,505,637,743,1243,336,56,392,428,87,9.1,0,77,21,0.79,38,12,0.76,0.0000,0.1100,0.1100,0.1100,0,550,550,550,0.0000,0.1222,0.1222,0.1222,0.222,,,0,3.35,3.55,,,,,,,,,,,,,
SC,41,45,1986,3342758,1485545,101907,6.4,,,,47748,,,41372200,43584,130272,46116,337392,115183,158,199,239,80,147,211,268,305,410,507,8603,336,0,336,389,569,17.3,1,96,27,0.78,36,10,0.78,0.0000,0.1100,0.1100,0.1100,0,550,550,550,0.0000,0.1222,0.1222,0.1222,0.000,,,0,3.35,3.35,,,,,,,,,,,,,
SD,42,46,1986,696034,332959,15966,4.6,,,,10067,,,8847500,3699,17346,6161,52112,16771,286,329,371,80,147,211,268,421,515,601,1049,336,15,351,399,118,17.0,0,13,57,0.19,10,25,0.29,0.0000,0.1100,0.1100,0.1100,0,550,550,550,0.0000,0.1222,0.1222,0.1222,0.000,,,0,3.35,2.80,,,,,,,,,,,,,
TN,43,47,1986,4738708,2118432,181713,7.9,,,,73288,,,61216400,42303,161635,59080,505627,184061,117,153,186,80,147,211,268,264,364,454,10224,336,0,336,389,853,18.3,0,62,37,0.63,23,10,0.70,0.0000,0.1100,0.1100,0.1100,0,550,550,550,0.0000,0.1222,0.1222,0.1222,0.000,,,0,3.35,3.35,,,,,,,,,,,,,
TX,44,48,1986,16561113,7463198,716385,8.8,,,,295721,,,238934100,76945,413455,136333,1333601,417040,158,184,221,80,147,211,268,305,395,489,20556,336,0,336,389,2825,17.3,1,98,52,0.65,25,6,0.81,0.0000,0.1100,0.1100,0.1100,0,550,550,550,0.0000,0.1222,0.1222,0.1222,0.000,,,0,3.35,1.40,,,,,,,,,,,,,
UT,45,49,1986,1662834,704533,45656,6.1,,,,24282,,,20041900,68212,39788,13384,77368,26528,301,376,439,80,147,211,268,431,548,649,1217,336,10,346,396,209,12.6,0,14,61,0.19,6,23,0.21,0.0000,0.1100,0.1100,0.1100,0,550,550,550,0.0000,0.1222,0.1222,0.1222,0.000,,,0,3.35,3.35,,,,,,,,,,,,,
VT,46,50,1986,534066,276583,12353,4.3,,,,8169,,,7574200,1022,21871,7629,38350,16134,489,583,651,80,147,211,268,563,693,797,488,336,56,392,428,58,11.0,1,72,78,0.48,18,12,0.60,0.0000,0.1100,0.1100,0.1100,0,550,550,550,0.0000,0.1222,0.1222,0.1222,0.000,,,0,3.35,3.45,,,,,,,,,,,,,
VA,47,51,1986,5811700,2767014,146647,5.0,,,,107348,,,96341500,46789,153393,58500,343053,133052,294,354,410,80,147,211,268,426,532,629,11054,336,0,336,389,547,9.7,1,65,33,0.66,31,8,0.79,0.0000,0.1100,0.1100,0.1100,0,550,550,550,0.0000,0.1222,0.1222,0.1222,0.000,,,0,3.35,2.65,,,,,,,,,,,,,
WA,48,53,1986,4452720,2010442,177636,8.1,,,,84015,,,70875800,545579,197611,70687,293158,116695,397,492,578,80,147,211,268,498,629,746,8591,336,28,364,408,563,12.9,1,53,45,0.54,27,22,0.55,0.0000,0.1100,0.1100,0.1100,0,550,550,550,0.0000,0.1222,0.1222,0.1222,0.000,,,0,3.35,2.30,,,,,,,,,,,,,
WV,49,54,1986,1882350,659400,88199,11.8,,,,22880,,,21261400,231326,115144,36514,275069,93553,201,249,312,80,147,211,268,348,459,560,1915,336,0,336,389,432,22.4,0,73,27,0.73,30,4,0.88,0.0000,0.1100,0.1100,0.1100,0,550,550,550,0.0000,0.1222,0.1222,0.1222,0.000,,,0,3.35,3.05,,,,,,,,,,,,,
WI,50,55,1986,4755618,2249171,168430,7.0,,,,77824,,,69916800,10112,300945,98616,368636,129853,463,544,649,80,147,211,268,545,665,796,8532,336,102,438,460,501,10.7,1,52,47,0.53,19,14,0.58,0.0000,0.1100,0.1100,0.1100,0,550,550,550,0.0000,0.1222,0.1222,0.1222,0.000,,,0,3.35,3.25,,,,,,,,,,,,,
WY,51,56,1986,495633,228478,22300,8.9,,,,10522,,,7130600,54751,11103,4001,28429,9954,320,360,390,80,147,211,268,445,537,615,473,336,20,356,403,73,14.6,1,18,46,0.28,11,19,0.37,0.0000,0.1100,0.1100,0.1100,0,550,550,550,0.0000,0.1222,0.1222,0.1222,0.000,,,0,3.35,1.60,,,,,,,,,,,,,
AL,1,1,1987,4015264,1718107,150898,8.1,,,,60752,,,51652000,37931,137427,47231,457208,161124,88,118,147,81,149,214,271,237,332,418,6136,340,0,340,393,851,21.3,0,89,16,0.85,30,5,0.86,0.0000,0.1400,0.1400,0.1400,0,851,851,851,0.0000,0.1000,0.1000,0.1000,0.000,,,0,3.35,3.35,,,,,,,,,,,,,
AK,2,2,1987,539309,223042,25557,10.3,,,,22925,,,10618100,10811,18617,7446,31589,10482,665,749,833,111,204,293,372,798,946,1084,429,340,292,632,682,60,12.0,1,24,16,0.60,8,12,0.40,0.0000,0.1400,0.1400,0.1400,0,851,851,851,0.0000,0.1000,0.1000,0.1000,0.000,,,0,3.35,3.85,,,,,,,,,,,,,
AZ,3,4,1987,3437103,1513853,104377,6.5,,,,60047,,,52518400,193586,84626,29298,202705,66549,233,293,353,81,149,214,271,382,494,593,3696,340,0,340,393,444,12.8,0,24,36,0.40,11,19,0.37,0.0000,0.1400,0.1400,0.1400,0,851,851,851,0.0000,0.1000,0.1000,0.1000,0.000,,,0,3.35,3.35,,,,,,,,,,,,,
AR,4,5,1987,2342355,1003871,88376,8.1,,,,32664,,,28434800,26440,66831,22786,238353,84686,158,192,224,81,149,214,271,307,406,495,3613,340,0,340,393,537,21.8,1,91,9,0.91,31,4,0.89,0.0000,0.1400,0.1400,0.1400,0,851,851,851,0.0000,0.1000,0.1000,0.1000,0.000,,,0,3.35,3.35,,,,,,,,,,,,,
CA,5,6,1987,27777158,12945765,798225,5.8,,,,615359,,,513377100,783014,1702743,584842,1627593,563927,498,617,734,81,149,214,271,572,720,859,90681,340,220,560,547,3443,12.3,0,44,36,0.55,23,15,0.61,0.0000,0.1400,0.1400,0.1400,0,851,851,851,0.0000,0.1000,0.1000,0.1000,0.000,,,0,3.35,3.35,,,,,,,,,,,,,
CO,6,8,1987,3260480,1573086,128256,7.5,,,,63920,,,54400000,243800,90125,31337,195176,73065,272,346,420,81,149,214,271,414,531,639,1709,340,58,398,434,398,12.5,1,25,40,0.38,10,25,0.29,0.0000,0.1400,0.1400,0.1400,0,851,851,851,0.0000,0.1000,0.1000,0.1000,0.000,,,0,3.35,3.00,,,,,,,,,,,,,
CT,7,9,1987,3247291,1691514,58847,3.4,,,,82984,,,70443300,33351,111939,38661,115946,42735,476,590,688,81,149,214,271,557,701,827,3443,340,,340,393,207,6.6,1,92,59,0.61,25,11,0.69,0.0000,0.1400,0.1400,0.1400,0,851,851,851,0.0000,0.1000,0.1000,0.1000,0.000,,,0,3.35,3.75,,,,,,,,,,,,,
DE,8,10,1987,636947,322702,10288,3.1,,,,15568,,,11194200,6600,20634,7827,61170,25446,229,310,363,81,149,214,271,378,505,600,1058,340,0,340,393,42,6.6,0,19,22,0.46,13,8,0.62,0.0000,0.1400,0.1400,0.1400,0,851,851,851,0.0000,0.1000,0.1000,0.1000,0.000,,,0,3.35,3.35,,,,,,,,,,,,,
DC,9,11,1987,636930,309197,20869,6.3,,,,32129,,,13078700,16164,52883,19825,29431,10893,286,364,441,81,149,214,271,424,543,654,2825,340,15,355,404,88,14.9,.,,,,11,1,0.92,0.0000,0.1400,0.1400,0.1400,0,851,851,851,0.0000,0.1000,0.1000,0.1000,0.000,,,0,3.35,3.35,,,,,,,,,,,,,
FL,10,12,1987,11997283,5549518,310351,5.3,,,,204816,,,197185200,110458,290952,103698,607959,233650,203,264,312,81,149,214,271,352,473,564,19535,340,0,340,393,1523,12.4,0,75,45,0.63,25,15,0.63,0.0000,0.1400,0.1400,0.1400,0,851,851,851,0.0000,0.1000,0.1000,0.1000,0.000,,,0,3.35,3.35,,,,,,,,,,,,,
GA,11,13,1987,6208467,2889508,173707,5.7,,,,117033,,,92434100,37487,246270,86335,485674,175547,214,256,302,81,149,214,271,363,468,557,13475,340,0,340,393,883,14.6,1,153,27,0.85,46,10,0.82,0.0000,0.1400,0.1400,0.1400,0,851,851,851,0.0000,0.1000,0.1000,0.1000,0.000,,,0,3.35,3.25,,,,,,,,,,,,,
HI,12,15,1987,1067918,491212,19416,3.8,,,,24273,,,18618700,13794,42972,14108,85451,32887,390,468,546,128,234,336,426,613,770,914,807,340,5,345,473,95,8.8,1,40,10,0.80,20,5,0.80,0.0000,0.1400,0.1400,0.1400,0,851,851,851,0.0000,0.1000,0.1000,0.1000,0.000,,,0,3.35,3.35,,,,,,,,,,,,,
ID,13,16,1987,984997,434907,35851,7.6,,,,13996,,,12724400,26961,17602,6480,60938,20906,245,304,344,81,149,214,271,394,501,586,300,340,73,413,445,150,15.1,1,20,64,0.24,16,26,0.38,0.0000,0.1400,0.1400,0.1400,0,851,851,851,0.0000,0.1000,0.1000,0.1000,0.000,,,0,3.35,2.30,,,,,,,,,,,,,
IL,14,17,1987,11391178,5327984,428440,7.4,,,,231210,,,197183000,27848,720848,236557,1079357,429714,250,342,386,81,149,214,271,398,528,616,16854,340,0,340,393,1655,14.4,0,67,51,0.57,31,28,0.53,0.0000,0.1400,0.1400,0.1400,0,851,851,851,0.0000,0.1000,0.1000,0.1000,0.000,,,0,3.35,3.35,,,,,,,,,,,,,
IN,15,18,1987,5473012,2585927,171936,6.2,,,,91650,,,80257500,16034,152044,52920,337373,113978,196,256,316,81,149,214,271,345,468,567,3547,340,0,340,393,597,11.1,0,48,52,0.48,19,30,0.39,0.0000,0.1400,0.1400,0.1400,0,851,851,851,0.0000,0.1000,0.1000,0.1000,0.000,,,0,3.35,2.00,,,,,,,,,,,,,
IA,16,19,1987,2767011,1373229,79759,5.5,,,,45283,,,41377400,5443,114711,39704,202355,77207,322,381,443,81,149,214,271,449,555,656,1875,340,0,340,393,419,14.5,0,58,42,0.58,30,20,0.60,0.0000,0.1400,0.1400,0.1400,0,851,851,851,0.0000,0.1000,0.1000,0.1000,0.000,,,0,3.35,3.35,,,,,,,,,,,,,
KS,17,20,1987,2445367,1201769,61052,4.8,,,,44164,,,38647900,17852,73171,24793,122369,45824,334,403,462,81,149,214,271,457,571,669,2261,340,0,340,393,225,9.2,0,51,74,0.41,16,24,0.40,0.0000,0.1400,0.1400,0.1400,0,851,851,851,0.0000,0.1000,0.1000,0.1000,0.000,,,0,3.35,1.60,,,,,,,,,,,,,
KY,18,21,1987,3683329,1548994,143296,8.5,,,,56282,,,46497300,88594,159370,59536,503599,174650,170,197,246,81,149,214,271,319,411,517,7838,340,0,340,393,634,17.3,1,73,26,0.74,29,9,0.76,0.0000,0.1400,0.1400,0.1400,0,851,851,851,0.0000,0.1000,0.1000,0.1000,0.000,,,0,3.35,3.35,,,,,,,,,,,,,
LA,19,22,1987,4344148,1711944,236309,12.1,,,,78488,,,53932100,22388,259883,86155,720636,231605,138,190,234,81,149,214,271,287,404,505,10232,340,0,340,393,1071,25.1,1,81,22,0.79,38,1,0.97,0.0000,0.1400,0.1400,0.1400,0,851,851,851,0.0000,0.1000,0.1000,0.1000,0.000,,,0,3.35,3.35,,,,,,,,,,,,,
ME,20,23,1987,1184574,559295,25545,4.4,,,,19166,,,17490900,6193,55590,19260,99595,41546,301,405,509,81,149,214,271,434,572,702,1225,340,10,350,400,134,11.7,0,86,65,0.57,20,15,0.57,0.0000,0.1400,0.1400,0.1400,0,851,851,851,0.0000,0.1000,0.1000,0.1000,0.000,,,0,3.35,3.65,,,,,,,,,,,,,
MD,21,24,1987,4565557,2303385,104825,4.4,,,,91380,,,88007600,165816,182784,66393,253674,104137,269,345,415,81,149,214,271,412,530,636,4597,340,0,340,393,420,9.2,1,124,17,0.88,40,7,0.85,0.0000,0.1400,0.1400,0.1400,0,851,851,851,0.0000,0.1000,0.1000,0.1000,0.500,,,0,3.35,3.35,,,,,,,,,,,,,
MA,22,25,1987,5935204,2993991,100332,3.2,,,,138900,,,116044300,29933,235047,87716,305174,129877,409,491,571,81,149,214,271,510,632,745,3866,340,129,469,484,477,8.2,1,127,33,0.79,32,8,0.80,0.0000,0.1400,0.1400,0.1400,0,851,851,851,0.0000,0.1000,0.1000,0.1000,0.000,,,0,3.35,3.65,,,,,,,,,,,,,
MI,23,26,1987,9187481,4136577,374624,8.3,,,,169237,,,147561400,61457,652076,214410,887759,363317,387,473,575,81,149,214,271,494,620,748,4332,340,29,369,414,1095,12.2,1,64,46,0.58,18,20,0.47,0.0000,0.1400,0.1400,0.1400,0,851,851,851,0.0000,0.1000,0.1000,0.1000,0.000,,,0,3.35,3.35,,,,,,,,,,,,,
MN,24,27,1987,4235136,2163788,116886,5.1,,,,85365,,,71480200,109844,162354,54554,233376,92395,437,532,621,81,149,214,271,529,661,780,1858,340,35,375,418,484,11.3,1,83,51,0.62,47,20,0.70,0.0000,0.1400,0.1400,0.1400,0,851,851,851,0.0000,0.1000,0.1000,0.1000,0.000,,,0,3.35,3.35,,,,,,,,,,,,,
MS,25,28,1987,2588545,1035177,114712,10.0,,,,33531,,,28323900,14503,174578,58017,505607,167158,96,120,144,81,149,214,271,245,334,415,7187,340,0,340,393,637,25.0,1,115,7,0.94,49,3,0.94,0.0000,0.1400,0.1400,0.1400,0,851,851,851,0.0000,0.1000,0.1000,0.1000,0.000,,,0,3.35,3.35,,,,,,,,,,,,,
MO,26,29,1987,5056696,2420322,162039,6.3,,,,88912,,,77345900,24694,203165,67286,382296,138899,224,279,327,81,149,214,271,373,484,574,5090,340,0,340,393,716,14.0,0,111,52,0.68,21,13,0.62,0.0000,0.1400,0.1400,0.1400,0,851,851,851,0.0000,0.1000,0.1000,0.1000,0.000,,,0,3.35,3.35,,,,,,,,,,,,,
MT,27,30,1987,805063,371312,29836,7.4,,,,11383,,,10398000,95627,27921,9484,60846,22017,282,354,426,81,149,214,271,421,536,644,278,340,0,340,393,144,18.0,1,49,51,0.49,25,25,0.50,0.0000,0.1400,0.1400,0.1400,0,851,851,851,0.0000,0.1000,0.1000,0.1000,0.000,,,0,3.35,3.35,,,,,,,,,,,,,
NE,28,31,1987,1566547,774141,35723,4.4,,,,26760,,,24065800,3828,46880,15951,100851,37256,280,350,420,81,149,214,271,419,533,639,1923,340,51,391,429,191,11.9,0,,,,,,,0.0000,0.1400,0.1400,0.1400,0,851,851,851,0.0000,0.1000,0.1000,0.1000,0.000,,,0,3.35,3.35,,,,,,,,,,,,,
NV,29,32,1987,1023376,522417,33752,6.1,,,,21951,,,17473700,197587,16563,5703,35644,16164,229,285,341,81,149,214,271,378,488,584,572,340,36,376,419,107,10.4,1,29,13,0.69,9,12,0.43,0.0000,0.1400,0.1400,0.1400,0,851,851,851,0.0000,0.1000,0.1000,0.1000,0.000,,,0,3.35,3.35,,,,,,,,,,,,,
NH,30,33,1987,1054289,569057,13526,2.3,,,,20994,,,19362100,5561,11318,4329,19830,9215,336,397,451,81,149,214,271,459,566,661,514,340,27,367,412,51,4.8,0,132,268,0.33,8,16,0.33,0.0000,0.1400,0.1400,0.1400,0,851,851,851,0.0000,0.1000,0.1000,0.1000,0.000,,,0,3.35,3.45,,,,,,,,,,,,,
NJ,31,34,1987,7670742,3799670,162203,4.1,,,,174629,,,155341300,85555,339029,115541,383733,144584,307,404,465,81,149,214,271,438,571,671,11343,340,31,371,415,626,8.3,0,30,49,0.38,23,17,0.58,0.0000,0.1400,0.1400,0.1400,0,851,851,851,0.0000,0.1000,0.1000,0.1000,0.000,,,0,3.35,3.35,,,,,,,,,,,,,
NM,32,35,1987,1478520,616772,58842,8.7,,,,22429,,,19308700,17414,56513,19708,159340,50862,210,258,313,81,149,214,271,359,469,565,1172,340,0,340,393,280,19.4,0,47,23,0.67,21,21,0.50,0.0000,0.1400,0.1400,0.1400,0,851,851,851,0.0000,0.1000,0.1000,0.1000,0.000,,,0,3.35,3.35,,,,,,,,,,,,,
NY,33,36,1987,17868848,8067764,414591,4.9,,,,418306,,,340642800,517715,1062273,356278,1657242,702964,416,497,596,81,149,214,271,515,636,763,22778,340,72,412,444,2506,14.3,1,92,52,0.64,25,36,0.41,0.0000,0.1400,0.1400,0.1400,0,851,851,851,0.0000,0.1000,0.1000,0.1000,0.000,,,0,3.35,3.35,,,,,,,,,,,,,
NC,34,37,1987,6403700,3118856,148104,4.5,,,,113262,,,91884500,24121,175310,67529,416734,158913,225,259,283,81,149,214,271,374,470,544,10377,340,0,340,393,853,13.8,0,84,36,0.70,40,10,0.80,0.0000,0.1400,0.1400,0.1400,0,851,851,851,0.0000,0.1000,0.1000,0.1000,0.000,,,0,3.35,3.35,,,,,,,,,,,,,
ND,35,38,1987,661136,314330,16624,5.0,,,,10306,,,9133100,68391,13989,5060,36776,12920,301,371,454,81,149,214,271,434,548,663,72,340,0,340,393,75,11.4,1,45,61,0.42,27,26,0.51,0.0000,0.1400,0.1400,0.1400,0,851,851,851,0.0000,0.1000,0.1000,0.1000,0.000,,,0,3.35,3.35,,,,,,,,,,,,,
OH,36,39,1987,10760090,4887075,372430,7.1,,,,191784,,,166090300,1187784,667447,227066,1104120,448037,248,302,374,81,149,214,271,397,500,607,14728,340,0,340,393,1375,12.7,1,60,39,0.61,15,18,0.45,0.0000,0.1400,0.1400,0.1400,0,851,851,851,0.0000,0.1000,0.1000,0.1000,0.000,,,0,3.35,2.30,,,,,,,,,,,,,
OK,37,40,1987,3210122,1445778,113178,7.3,,,,49055,,,43753600,123306,96631,33423,279502,105650,240,310,384,81,149,214,271,389,505,614,2785,340,64,404,438,547,17.0,0,70,31,0.69,31,17,0.65,0.0000,0.1400,0.1400,0.1400,0,851,851,851,0.0000,0.1000,0.1000,0.1000,0.000,,,0,3.35,3.35,,,,,,,,,,,,,
OR,38,41,1987,2700991,1303454,87071,6.3,,,,44594,,,40194500,138102,81585,30157,220236,91621,338,397,482,81,149,214,271,460,566,683,3985,340,2,342,395,384,14.2,1,31,29,0.52,17,13,0.57,0.0000,0.1400,0.1400,0.1400,0,851,851,851,0.0000,0.1000,0.1000,0.1000,0.000,,,0,3.35,3.35,,,,,,,,,,,,,
PA,39,42,1987,11810866,5342251,319776,5.6,,,,202910,,,187611100,117567,562769,186522,976745,397218,299,382,466,81,149,214,271,433,556,672,9822,340,32,372,416,1249,10.6,1,103,100,0.51,23,26,0.47,0.0000,0.1400,0.1400,0.1400,0,851,851,851,0.0000,0.1000,0.1000,0.1000,0.000,,,0,3.35,3.35,,,,,,,,,,,,,
RI,40,44,1987,989604,498292,18648,3.6,,,,17891,,,16547200,8694,43556,15751,60792,26032,407,503,574,81,149,214,271,508,641,747,416,340,56,396,433,79,8.1,0,80,20,0.80,38,12,0.76,0.0000,0.1400,0.1400,0.1400,0,851,851,851,0.0000,0.1000,0.1000,0.1000,0.235,,,0,3.35,3.65,,,,,,,,,,,,,
SC,41,45,1987,3380506,1534652,89876,5.5,,,,52688,,,44371600,48190,129261,45409,293930,100765,158,199,240,81,149,214,271,307,413,511,7386,340,0,340,393,512,15.6,0,92,32,0.74,36,10,0.78,0.0000,0.1400,0.1400,0.1400,0,851,851,851,0.0000,0.1000,0.1000,0.1000,0.000,,,0,3.35,3.35,,,,,,,,,,,,,
SD,42,46,1987,696036,338464,14869,4.2,,,,10669,,,9335700,4102,18694,6600,54115,17433,323,366,408,81,149,214,271,450,545,631,876,340,15,355,404,109,15.2,0,22,48,0.31,11,24,0.31,0.0000,0.1400,0.1400,0.1400,0,851,851,851,0.0000,0.1000,0.1000,0.1000,0.000,,,0,3.35,2.80,,,,,,,,,,,,,
TN,43,47,1987,4782927,2180696,154135,6.6,,,,80715,,,65941000,43263,179765,65721,502335,185128,119,155,189,81,149,214,271,268,369,460,7667,340,0,340,393,792,16.9,1,61,38,0.62,23,10,0.70,0.0000,0.1400,0.1400,0.1400,0,851,851,851,0.0000,0.1000,0.1000,0.1000,0.000,,,0,3.35,3.35,,,,,,,,,,,,,
TX,44,48,1987,16621791,7576650,697693,8.4,,,,300667,,,243559400,81971,473369,157329,1478226,463708,158,184,221,81,149,214,271,307,398,492,15563,340,0,340,393,2917,17.6,0,94,56,0.63,25,6,0.81,0.0000,0.1400,0.1400,0.1400,0,851,851,851,0.0000,0.1000,0.1000,0.1000,0.000,,,0,3.35,3.35,,,,,,,,,,,,,
UT,45,49,1987,1678119,708540,47053,6.2,,,,25100,,,20994600,100192,43315,14646,86150,29050,301,376,439,81,149,214,271,434,552,653,1122,340,9,349,400,173,10.2,0,27,48,0.36,8,21,0.28,0.0000,0.1400,0.1400,0.1400,0,851,851,851,0.0000,0.1000,0.1000,0.1000,0.000,,,0,3.35,3.35,,,,,,,,,,,,,
VT,46,50,1987,540267,285139,10540,3.6,,,,9157,,,8217500,1363,21653,7568,36170,15368,476,572,642,81,149,214,271,557,689,795,375,340,57,397,433,50,9.3,1,74,75,0.50,19,11,0.63,0.0000,0.1400,0.1400,0.1400,0,851,851,851,0.0000,0.1000,0.1000,0.1000,0.000,,,0,3.35,3.55,,,,,,,,,,,,,
VA,47,51,1987,5932268,2875916,128086,4.3,,,,117603,,,104064200,48793,149525,56721,327601,129073,294,354,410,81,149,214,271,429,536,632,8136,340,0,340,393,583,9.9,1,65,33,0.66,31,8,0.79,0.0000,0.1400,0.1400,0.1400,0,851,851,851,0.0000,0.1000,0.1000,0.1000,0.000,,,0,3.35,2.65,,,,,,,,,,,,,
WA,48,53,1987,4531901,2091788,165576,7.3,,,,90325,,,75031200,560118,211734,75478,303958,122115,397,492,578,81,149,214,271,501,633,750,7770,340,28,368,413,450,10.0,1,61,37,0.62,25,24,0.51,0.0000,0.1400,0.1400,0.1400,0,851,851,851,0.0000,0.1000,0.1000,0.1000,0.000,,,0,3.35,2.30,,,,,,,,,,,,,
WV,49,54,1987,1857585,666346,80926,10.8,,,,23425,,,21785000,316774,114552,36955,268935,93014,201,249,312,81,149,214,271,350,463,564,1901,340,0,340,393,408,21.6,0,78,22,0.78,27,7,0.79,0.0000,0.1400,0.1400,0.1400,0,851,851,851,0.0000,0.1000,0.1000,0.1000,0.000,,,0,3.35,3.35,,,,,,,,,,,,,
WI,50,55,1987,4777919,2339680,146891,5.9,,,,82013,,,73793700,9608,292692,96146,346853,120530,463,544,649,81,149,214,271,548,669,800,4977,340,102,442,465,428,9.0,0,54,45,0.55,20,11,0.65,0.0000,0.1400,0.1400,0.1400,0,851,851,851,0.0000,0.1000,0.1000,0.1000,0.000,,,0,3.35,3.25,,,,,,,,,,,,,
WY,51,56,1987,476965,221169,19361,8.0,,,,10370,,,6864300,49378,12631,4777,29041,10153,320,360,390,81,149,214,271,447,540,618,238,340,20,360,407,49,10.8,1,20,44,0.31,11,19,0.37,0.0000,0.1400,0.1400,0.1400,0,851,851,851,0.0000,0.1000,0.1000,0.1000,0.000,,,0,3.35,1.60,,,,,,,,,,,,,
AL,1,1,1988,4023844,1742376,135287,7.2,,,,66008,,,55558800,38860,131403,45425,437829,155628,88,118,147,87,159,228,290,247,346,437,6270,354,0,354,415,775,19.3,0,89,16,0.85,30,5,0.86,0.0000,0.1400,0.1400,0.1400,0,874,874,874,0.0000,0.1000,0.1000,0.1000,0.000,,,0,3.35,3.35,,,,,,,,,,,,,
AK,2,2,1988,541983,226968,21893,8.8,,,,21270,,,11067600,11196,19506,7543,28515,9540,692,779,866,113,207,297,378,829,980,1122,380,354,305,659,712,53,11.0,1,24,16,0.60,8,12,0.40,0.0000,0.1400,0.1400,0.1400,0,874,874,874,0.0000,0.1000,0.1000,0.1000,0.000,,,0,3.35,3.85,,,,,,,,,,,,,
AZ,3,4,1988,3535183,1559871,106202,6.4,,,,64945,,,56718400,258125,93810,32113,228330,75826,233,293,353,87,159,228,290,392,513,617,3204,354,0,354,415,491,14.1,1,24,36,0.40,11,19,0.37,0.0000,0.1400,0.1400,0.1400,0,874,874,874,0.0000,0.1000,0.1000,0.1000,0.000,,,0,3.35,3.35,,,,,,,,,,,,,
AR,4,5,1988,2342656,1027345,84404,7.6,,,,35004,,,30505900,27497,68519,23442,229932,82841,162,202,238,87,159,228,290,321,430,528,3373,354,0,354,415,527,21.6,1,91,9,0.91,31,4,0.89,0.0000,0.1400,0.1400,0.1400,0,874,874,874,0.0000,0.1000,0.1000,0.1000,0.000,,,0,3.35,3.35,,,,,,,,,,,,,
CA,5,6,1988,28464249,13392506,748936,5.3,,,,671575,,,558041100,956746,1718552,587279,1656250,571917,511,633,753,87,159,228,290,597,751,897,84212,354,221,575,569,3687,13.2,0,44,36,0.55,23,15,0.61,0.0000,0.1400,0.1400,0.1400,0,874,874,874,0.0000,0.1000,0.1000,0.1000,0.000,,,0,3.35,4.25,,,,,,,,,,,,,
CO,6,8,1988,3262281,1586629,110399,6.5,,,,67757,,,57556600,242369,94468,32909,204075,78078,280,356,432,87,159,228,290,435,557,672,1521,354,58,412,455,405,12.5,1,25,40,0.38,10,25,0.29,0.0000,0.1400,0.1400,0.1400,0,874,874,874,0.0000,0.1000,0.1000,0.1000,0.000,,,0,3.35,3.00,,,,,,,,,,,,,
CT,7,9,1988,3271953,1694869,51774,3.0,,,,90707,,,77668200,40230,106792,37440,108542,40238,485,601,701,87,159,228,290,578,729,861,3020,354,393,747,690,128,4.0,1,92,59,0.61,25,11,0.69,0.0000,0.1400,0.1400,0.1400,0,874,874,874,0.0000,0.1000,0.1000,0.1000,0.000,,,0,3.35,4.25,,,,,,,,,,,,,
DE,8,10,1988,647622,337484,10961,3.1,,,,16887,,,12256400,8845,19640,7555,58804,24930,236,319,374,87,159,228,290,395,531,632,1055,354,0,354,415,57,8.6,0,19,22,0.46,13,8,0.62,0.0000,0.1400,0.1400,0.1400,0,874,874,874,0.0000,0.1000,0.1000,0.1000,0.000,,,0,3.35,3.35,,,,,,,,,,,,,
DC,9,11,1988,630432,313257,16592,5.0,,,,35226,,,14309800,17855,49285,18522,28866,10689,298,379,463,87,159,228,290,447,573,694,2176,354,15,369,425,88,15.2,.,,,,11,1,0.92,0.0000,0.1400,0.1400,0.1400,0,874,874,874,0.0000,0.1000,0.1000,0.1000,0.000,,,0,3.35,3.35,,,,,,,,,,,,,
FL,10,12,1988,12306395,5744058,310267,5.1,,,,224848,,,216604800,114509,307053,110627,622195,241915,211,275,324,87,159,228,290,370,500,597,23179,354,0,354,415,1704,13.6,0,75,45,0.63,25,15,0.63,0.0000,0.1400,0.1400,0.1400,0,874,874,874,0.0000,0.1000,0.1000,0.1000,0.000,,,0,3.35,3.35,,,,,,,,,,,,,
GA,11,13,1988,6316142,2964789,179617,5.7,,,,126565,,,100796700,39046,251095,87832,467746,171985,220,263,310,87,159,228,290,379,491,587,13513,354,0,354,415,875,14.0,1,153,27,0.85,46,10,0.82,0.0000,0.1400,0.1400,0.1400,0,874,874,874,0.0000,0.1000,0.1000,0.1000,0.000,,,0,3.35,3.25,,,,,,,,,,,,,
HI,12,15,1988,1079828,501341,16434,3.2,,,,26799,,,20477500,16371,41240,13385,79443,30870,429,515,601,133,244,350,444,658,824,978,1032,354,5,359,492,117,11.1,1,40,10,0.80,20,5,0.80,0.0000,0.1400,0.1400,0.1400,0,874,874,874,0.0000,0.1000,0.1000,0.1000,0.000,,,0,3.35,3.85,,,,,,,,,,,,,
ID,13,16,1988,985664,450247,28877,6.0,,,,15285,,,13765700,37086,17396,6430,61685,21279,245,304,344,87,159,228,290,404,521,611,422,354,73,427,466,124,12.5,1,20,64,0.24,16,26,0.38,0.0000,0.1400,0.1400,0.1400,0,874,874,874,0.0000,0.1000,0.1000,0.1000,0.000,,,0,3.35,2.30,,,,,,,,,,,,,
IL,14,17,1988,11390183,5458962,390232,6.7,,,,252197,,,212642700,30666,671237,220071,1031571,415242,250,342,386,87,159,228,290,409,547,640,18938,354,0,354,415,1436,12.7,0,67,51,0.57,31,28,0.53,0.0000,0.1400,0.1400,0.1400,0,874,874,874,0.0000,0.1000,0.1000,0.1000,0.000,,,0,3.35,3.35,,,,,,,,,,,,,
IN,15,18,1988,5491735,2658707,146976,5.2,,,,99492,,,85926100,17570,151517,52975,302129,104124,229,288,346,87,159,228,290,388,509,612,3293,354,0,354,415,560,10.1,0,48,52,0.48,19,30,0.39,0.0000,0.1400,0.1400,0.1400,0,874,874,874,0.0000,0.1000,0.1000,0.1000,0.000,,,0,3.35,2.00,,,,,,,,,,,,,
IA,16,19,1988,2768388,1424110,67000,4.5,,,,49088,,,42759800,6127,104065,37082,179261,70237,322,381,443,87,159,228,290,464,575,680,2743,354,0,354,415,263,9.4,0,58,42,0.58,30,20,0.60,0.0000,0.1400,0.1400,0.1400,0,874,874,874,0.0000,0.1000,0.1000,0.1000,0.000,,,0,3.35,3.35,,,,,,,,,,,,,
KS,17,20,1988,2461996,1218556,57940,4.5,,,,46698,,,40703600,29130,70447,23996,119163,45118,338,409,470,87,159,228,290,475,594,699,2184,354,0,354,415,195,8.1,0,51,74,0.41,16,24,0.40,0.0000,0.1400,0.1400,0.1400,0,874,874,874,0.0000,0.1000,0.1000,0.1000,0.000,,,0,3.35,2.65,,,,,,,,,,,,,
KY,18,21,1988,3679999,1581966,130362,7.6,,,,61851,,,50573300,90586,155201,58340,471924,166553,179,207,259,87,159,228,290,338,435,549,9559,354,0,354,415,634,17.6,1,73,26,0.74,29,9,0.76,0.0000,0.1400,0.1400,0.1400,0,874,874,874,0.0000,0.1000,0.1000,0.1000,0.000,,,0,3.35,3.35,,,,,,,,,,,,,
LA,19,22,1988,4288863,1712758,208138,10.8,,,,83196,,,56881200,27259,272442,90847,727212,238370,138,190,234,87,159,228,290,297,418,524,9327,354,0,354,415,968,22.8,1,81,22,0.79,34,5,0.87,0.0000,0.1400,0.1400,0.1400,0,874,874,874,0.0000,0.1000,0.1000,0.1000,0.000,,,0,3.35,3.35,,,,,,,,,,,,,
ME,20,23,1988,1203840,576895,21764,3.6,,,,21371,,,19277200,6841,51396,18002,85755,37167,310,416,522,87,159,228,290,456,599,735,808,354,10,364,422,159,13.2,0,86,65,0.57,20,15,0.57,0.0000,0.1400,0.1400,0.1400,0,874,874,874,0.0000,0.1000,0.1000,0.1000,0.000,,,0,3.35,3.65,,,,,,,,,,,,,
MD,21,24,1988,4657904,2364139,104984,4.3,,,,101280,,,96739700,189262,175424,63334,243257,101859,280,359,432,87,159,228,290,435,559,672,5254,354,0,354,415,457,9.8,1,124,17,0.88,40,7,0.85,0.0000,0.1400,0.1400,0.1400,0,874,874,874,0.0000,0.1000,0.1000,0.1000,0.500,,,0,3.35,3.35,,,,,,,,,,,,,
MA,22,25,1988,5979982,3038826,102605,3.3,,,,151625,,,127722900,38693,234772,86708,301566,129752,422,510,595,87,159,228,290,534,665,786,4902,354,129,483,505,497,8.5,1,127,33,0.79,32,8,0.80,0.0000,0.1400,0.1400,0.1400,0,874,874,874,0.0000,0.1000,0.1000,0.1000,0.000,,,0,3.35,3.75,,,,,,,,,,,,,
MI,23,26,1988,9217998,4211759,341130,7.5,,,,180621,,,157523200,67532,646087,213163,873414,358945,444,528,629,87,159,228,290,550,677,810,3646,354,30,384,436,1112,12.1,1,64,46,0.58,18,20,0.47,0.0000,0.1400,0.1400,0.1400,0,874,874,874,0.0000,0.1000,0.1000,0.1000,0.000,,,0,3.35,3.35,,,,,,,,,,,,,
MN,24,27,1988,4296166,2208614,98743,4.3,,,,91896,,,75424900,111265,163483,54696,236170,94059,437,532,621,87,159,228,290,545,680,805,1828,354,35,389,439,514,11.6,1,83,51,0.62,45,21,0.68,0.0000,0.1400,0.1400,0.1400,0,874,874,874,0.0000,0.1000,0.1000,0.1000,0.000,,,0,3.35,3.55,,,,,,,,,,,,,
MS,25,28,1988,2580352,1049127,96632,8.4,,,,35534,,,30302600,14798,179730,59682,494147,167599,96,120,144,87,159,228,290,255,348,434,6822,354,0,354,415,704,27.2,1,115,7,0.94,45,7,0.87,0.0000,0.1400,0.1400,0.1400,0,874,874,874,0.0000,0.1000,0.1000,0.1000,0.000,,,0,3.35,3.35,,,,,,,,,,,,,
MO,26,29,1988,5081736,2436775,147749,5.7,,,,95760,,,82131500,26014,203649,67778,389246,144501,226,282,330,87,159,228,290,385,505,601,5849,354,0,354,415,662,12.7,0,111,52,0.68,21,13,0.62,0.0000,0.1400,0.1400,0.1400,0,874,874,874,0.0000,0.1000,0.1000,0.1000,0.000,,,0,3.35,3.35,,,,,,,,,,,,,
MT,27,30,1988,800202,377736,26893,6.6,,,,11703,,,10687900,108728,28383,9544,58145,21512,286,359,433,87,159,228,290,439,559,673,319,354,0,354,415,116,14.6,1,49,51,0.49,25,25,0.50,0.0000,0.1400,0.1400,0.1400,0,874,874,874,0.0000,0.1000,0.1000,0.1000,0.000,,,0,3.35,3.35,,,,,,,,,,,,,
NE,28,31,1988,1571477,784348,29166,3.6,,,,29262,,,25727200,4245,42685,14677,96083,36471,280,350,420,87,159,228,290,435,553,664,1923,354,43,397,445,164,10.3,0,,,,,,,0.0000,0.1400,0.1400,0.1400,0,874,874,874,0.0000,0.1000,0.1000,0.1000,0.000,,,0,3.35,3.35,,,,,,,,,,,,,
NV,29,32,1988,1075022,551728,30295,5.2,,,,24987,,,19842900,224840,17294,6234,36601,16876,266,325,384,87,159,228,290,425,535,639,1113,354,36,390,440,93,8.6,1,29,13,0.69,9,12,0.43,0.0000,0.1400,0.1400,0.1400,0,874,874,874,0.0000,0.1000,0.1000,0.1000,0.000,,,0,3.35,3.35,,,,,,,,,,,,,
NH,30,33,1988,1082577,585505,14458,2.4,,,,22937,,,21322200,5531,11212,4312,18491,8799,424,486,541,87,159,228,290,536,648,749,485,354,27,381,434,73,6.7,0,132,268,0.33,8,16,0.33,0.0000,0.1400,0.1400,0.1400,0,874,874,874,0.0000,0.1000,0.1000,0.1000,0.000,,,0,3.35,3.55,,,,,,,,,,,,,
NJ,31,34,1988,7712333,3822310,151724,3.8,,,,194709,,,170597700,100691,313172,107063,356578,136110,322,424,488,87,159,228,290,464,605,711,11930,354,31,385,436,475,6.2,0,30,49,0.38,24,16,0.60,0.0000,0.1400,0.1400,0.1400,0,874,874,874,0.0000,0.1000,0.1000,0.1000,0.000,,,0,3.35,3.35,,,,,,,,,,,,,
NM,32,35,1988,1490337,634340,51272,7.5,,,,23457,,,20401900,17949,59002,20753,151046,48977,210,264,317,87,159,228,290,369,492,592,1567,354,0,354,415,343,23.0,0,47,23,0.67,21,21,0.50,0.0000,0.1400,0.1400,0.1400,0,874,874,874,0.0000,0.1000,0.1000,0.1000,0.000,,,0,3.35,3.35,,,,,,,,,,,,,
NY,33,36,1988,17941309,8181123,365353,4.3,,,,456557,,,373665400,585420,1010780,340890,1544785,669470,439,539,638,87,159,228,290,546,685,816,16486,354,72,426,465,2369,13.4,1,92,52,0.64,25,36,0.41,0.0000,0.1400,0.1400,0.1400,0,874,874,874,0.0000,0.1000,0.1000,0.1000,0.000,,,0,3.35,3.35,,,,,,,,,,,,,
NC,34,37,1988,6480594,3199310,121066,3.6,,,,124303,,,100589500,25976,182842,70586,398290,153730,231,266,291,87,159,228,290,390,494,574,10695,354,0,354,415,796,12.6,0,84,36,0.70,40,10,0.80,0.0000,0.1400,0.1400,0.1400,0,874,874,874,0.0000,0.1000,0.1000,0.1000,0.000,,,0,3.35,3.35,,,,,,,,,,,,,
ND,35,38,1988,655331,315478,15505,4.7,,,,9748,,,8466600,71125,14471,5219,37094,13404,301,371,454,87,159,228,290,450,568,688,131,354,0,354,415,76,11.6,1,45,61,0.42,27,26,0.51,0.0000,0.1400,0.1400,0.1400,0,874,874,874,0.0000,0.1000,0.1000,0.1000,0.000,,,0,3.35,3.35,,,,,,,,,,,,,
OH,36,39,1988,10798552,4996315,321241,6.0,,,,205308,,,178267500,1328735,647730,225541,1067872,440357,253,309,382,87,159,228,290,412,524,637,14658,354,0,354,415,1356,12.4,1,60,39,0.61,15,18,0.45,0.0000,0.1400,0.1400,0.1400,0,874,874,874,0.0000,0.1000,0.1000,0.1000,0.000,,,0,3.35,2.30,,,,,,,,,,,,,
OK,37,40,1988,3167057,1429172,98180,6.4,,,,52667,,,45620300,133362,101979,35454,278769,106797,240,310,384,87,159,228,290,399,525,639,2577,354,64,418,459,543,17.3,0,70,31,0.69,30,17,0.64,0.0000,0.1400,0.1400,0.1400,0,874,874,874,0.0000,0.1000,0.1000,0.1000,0.000,,,0,3.35,3.35,,,,,,,,,,,,,
OR,38,41,1988,2741297,1348376,82476,5.8,,,,49138,,,43775800,108311,83794,30684,210828,89617,352,412,501,87,159,228,290,485,596,721,3533,354,2,356,416,285,10.4,1,31,29,0.52,17,13,0.57,0.0000,0.1400,0.1400,0.1400,0,874,874,874,0.0000,0.1000,0.1000,0.1000,0.000,,,0,3.35,3.35,,,,,,,,,,,,,
PA,39,42,1988,11845752,5471632,290591,5.0,,,,220582,,,203157600,141624,538040,179329,939299,390514,315,402,490,87,159,228,290,459,589,713,11280,354,32,386,437,1246,10.3,1,103,100,0.51,23,26,0.47,0.0000,0.1400,0.1400,0.1400,0,874,874,874,0.0000,0.1000,0.1000,0.1000,0.000,,,0,3.35,3.35,,,,,,,,,,,,,
RI,40,44,1988,996408,505369,16214,3.1,,,,19738,,,18239300,8751,41993,15104,57004,24775,407,503,574,87,159,228,290,524,660,772,575,354,59,413,456,99,9.8,0,80,20,0.80,38,12,0.76,0.0000,0.1400,0.1400,0.1400,0,874,874,874,0.0000,0.1000,0.1000,0.1000,0.230,,,0,3.35,4.00,,,,,,,,,,,,,
SC,41,45,1988,3412096,1579756,77216,4.7,,,,57329,,,48237200,54753,116758,40874,265694,92072,158,200,240,87,159,228,290,317,428,530,7645,354,0,354,415,528,15.5,0,92,32,0.74,36,10,0.78,0.0000,0.1400,0.1400,0.1400,0,874,874,874,0.0000,0.1000,0.1000,0.1000,0.000,,,0,3.35,3.35,,,,,,,,,,,,,
SD,42,46,1988,698165,342741,14674,4.1,,,,11173,,,9747500,4612,18554,6495,51717,17042,323,366,408,87,159,228,290,465,564,655,1164,354,15,369,425,101,14.2,0,22,48,0.31,11,24,0.31,0.0000,0.1400,0.1400,0.1400,0,874,874,874,0.0000,0.1000,0.1000,0.1000,0.000,,,0,3.35,3.35,,,,,,,,,,,,,
TN,43,47,1988,4822437,2208637,136563,5.8,,,,87356,,,71646000,44464,185757,67531,491904,185649,122,159,194,87,159,228,290,281,387,484,8990,354,0,354,415,883,18.0,1,61,38,0.62,23,10,0.70,0.0000,0.1400,0.1400,0.1400,0,874,874,874,0.0000,0.1000,0.1000,0.1000,0.000,,,0,3.35,3.35,,,,,,,,,,,,,
TX,44,48,1988,16667022,7724807,612272,7.3,,,,327354,,,258240400,86323,507703,169403,1525156,492240,158,184,221,87,159,228,290,317,412,511,12730,354,0,354,415,3006,18.0,0,94,56,0.63,25,6,0.81,0.0000,0.1400,0.1400,0.1400,0,874,874,874,0.0000,0.1000,0.1000,0.1000,0.000,,,0,3.35,3.35,,,,,,,,,,,,,
UT,45,49,1988,1689372,723514,37746,5.0,,,,27325,,,22330000,90392,43775,14890,90306,31404,301,376,439,87,159,228,290,450,571,677,1231,354,9,363,421,162,9.8,0,27,48,0.36,8,21,0.28,0.0000,0.1400,0.1400,0.1400,0,874,874,874,0.0000,0.1000,0.1000,0.1000,0.000,,,0,3.35,3.35,,,,,,,,,,,,,
VT,46,50,1988,549763,292060,8994,3.0,,,,10259,,,8976800,1470,20170,7141,33971,14775,505,603,676,87,159,228,290,592,730,843,444,354,58,412,455,43,8.1,1,74,75,0.50,19,11,0.63,0.0000,0.1400,0.1400,0.1400,0,874,874,874,0.0000,0.1000,0.1000,0.1000,0.250,,,1,3.35,3.65,,,,,,,,,,,,,
VA,47,51,1988,6036909,2960606,121401,3.9,,,,128088,,,113916600,53167,144630,54749,326587,132797,294,354,410,87,159,228,290,445,556,657,9073,354,0,354,415,647,10.8,1,65,33,0.66,30,10,0.75,0.0000,0.1400,0.1400,0.1400,0,874,874,874,0.0000,0.1000,0.1000,0.1000,0.000,,,0,3.35,2.65,,,,,,,,,,,,,
WA,48,53,1988,4639893,2180097,146692,6.3,,,,99051,,,81724100,731063,211486,75546,306833,124527,397,492,578,87,159,228,290,517,652,774,6431,354,28,382,434,402,8.7,1,61,37,0.62,24,25,0.49,0.0000,0.1400,0.1400,0.1400,0,874,874,874,0.0000,0.1000,0.1000,0.1000,0.000,,,0,3.35,2.30,,,,,,,,,,,,,
WV,49,54,1988,1830215,674533,73520,9.8,,,,25876,,,23237600,324458,110798,37401,261550,92692,201,249,312,87,159,228,290,360,477,588,2788,354,0,354,415,337,17.9,0,78,22,0.78,27,7,0.79,0.0000,0.1400,0.1400,0.1400,0,874,874,874,0.0000,0.1000,0.1000,0.1000,0.000,,,0,3.35,3.35,,,,,,,,,,,,,
WI,50,55,1988,4822388,2442726,112422,4.4,,,,89620,,,78456300,10264,269581,89109,314341,107612,440,517,617,87,159,228,290,547,670,802,7344,354,103,457,487,364,7.8,0,54,45,0.55,20,11,0.65,0.0000,0.1400,0.1400,0.1400,0,874,874,874,0.0000,0.1000,0.1000,0.1000,0.000,,,0,3.35,3.35,,,,,,,,,,,,,
WY,51,56,1988,465101,222576,15361,6.5,,,,10991,,,7002600,52268,13505,5122,27469,9785,320,360,390,87,159,228,290,463,560,643,379,354,20,374,429,43,9.6,1,20,44,0.31,11,19,0.37,0.0000,0.1400,0.1400,0.1400,0,874,874,874,0.0000,0.1000,0.1000,0.1000,0.000,,,0,3.35,1.60,,,,,,,,,,,,,
AL,1,1,1989,4030222,1762813,133414,7.0,,,,68394,,,60395700,43998,129037,44820,435545,156867,88,118,147,90,165,236,300,253,354,447,7415,368,0,368,430,770,18.9,0,85,17,0.83,28,6,0.82,0.0000,0.1400,0.1400,0.1400,0,910,910,910,0.0000,0.1000,0.1000,0.1000,0.000,,,0,3.35,3.35,,,,,,86349,253547,39437,564093,88166,5079,104079,
AK,2,2,1989,547159,237686,17931,7.0,,,,23453,,,12110500,11407,19423,7415,26137,8873,719,809,899,114,210,300,382,857,1010,1155,497,368,317,685,737,51,10.5,1,23,17,0.58,8,12,0.40,0.0000,0.1400,0.1400,0.1400,0,910,910,910,0.0000,0.1000,0.1000,0.1000,0.000,,,0,3.35,3.85,,,,,,7499,14533,3448,37212,3073,255,4099,
AZ,3,4,1989,3622185,1627178,91496,5.3,,,,67895,,,60862500,241878,105380,36044,263927,89911,233,293,353,90,165,236,300,398,524,630,4911,368,0,368,430,502,14.1,1,26,34,0.43,13,17,0.43,0.0000,0.1400,0.1400,0.1400,0,910,910,910,0.0000,0.1000,0.1000,0.1000,0.000,,,0,3.35,3.35,,,,,,60699,140110,23925,316319,49619,3271,59225,
AR,4,5,1989,2346358,1049579,78888,7.0,,,,37128,,,32721200,17476,69633,23914,227330,82834,162,204,247,90,165,236,300,327,440,547,4091,368,0,368,430,442,18.3,1,88,11,0.89,31,4,0.89,0.0000,0.1400,0.1400,0.1400,0,910,910,910,0.0000,0.1000,0.1000,0.1000,0.000,,,0,3.35,3.35,,,,,,54025,129858,20203,298638,48691,3365,63240,
CA,5,6,1989,29218164,13806871,746063,5.1,,,,722979,,,600755100,1053484,1762931,604761,1775834,624807,535,663,788,90,165,236,300,622,783,934,85672,368,234,602,594,3772,12.9,0,46,33,0.58,24,15,0.62,0.0000,0.1400,0.1400,0.1400,0,910,910,910,0.0000,0.1000,0.1000,0.1000,0.000,,,0,3.35,4.25,,,,,,390628,1169740,141612,2079122,375028,17931,438639,
CO,6,8,1989,3275818,1606176,96313,5.7,,,,71179,,,62010100,269868,97312,33851,211306,82257,280,356,432,90,165,236,300,444,568,685,2087,368,58,426,471,393,12.1,1,26,39,0.40,11,24,0.31,0.0000,0.1400,0.1400,0.1400,0,910,910,910,0.0000,0.1000,0.1000,0.1000,0.000,,,0,3.35,3.00,,,,,,45676,93851,22240,282299,17349,884,21645,
CT,7,9,1989,3283403,1705616,66736,3.8,,,,95831,,,84249000,49548,106187,38311,113539,42868,503,623,727,90,165,236,300,600,755,892,3865,368,384,752,699,90,2.9,1,88,63,0.58,23,13,0.64,0.0000,0.1400,0.1400,0.1400,0,910,910,910,0.0000,0.1000,0.1000,0.1000,0.000,,,0,3.35,4.25,,,,,,46875,62789,11690,230151,12799,848,18022,
DE,8,10,1989,658273,347126,12532,3.5,,,,18900,,,13630700,7816,19189,7463,29722,11008,247,333,402,90,165,236,300,412,552,664,1266,368,0,368,430,68,10.0,0,18,23,0.44,13,8,0.62,0.0000,0.1400,0.1400,0.1400,0,910,910,910,0.0000,0.1000,0.1000,0.1000,0.000,,,0,3.35,3.35,,,,,,9568,16357,2880,57675,6060,286,7719,
DC,9,11,1989,624168,299255,15445,4.9,,,,37469,,,15152500,18779,47860,18108,58498,25345,309,393,480,90,165,236,300,464,594,719,2411,368,15,383,441,102,18.0,.,,,,12,0,1.00,0.0000,0.1400,0.1400,0.1400,0,910,910,910,0.0000,0.1000,0.1000,0.1000,0.000,,,0,3.35,3.35,,,,,,11612,33330,2669,48524,11708,469,13046,
FL,10,12,1989,12637715,5890508,347235,5.6,,,,241633,,,241142900,137933,326764,118582,667939,261083,220,287,338,90,165,236,300,385,520,619,27484,368,0,368,430,1590,12.5,0,73,47,0.61,23,17,0.58,0.0000,0.1400,0.1400,0.1400,0,910,910,910,0.0000,0.1000,0.1000,0.1000,0.000,,,0,3.35,3.35,,,,,,159728,455266,82528,1088257,153472,9225,185088,
GA,11,13,1989,6411099,3031606,176840,5.5,,,,133794,,,108619300,44324,265879,92654,484631,180895,226,270,319,90,165,236,300,391,506,606,13894,368,0,368,430,929,15.0,1,144,36,0.80,45,11,0.80,0.0000,0.1400,0.1400,0.1400,0,910,910,910,0.0000,0.1000,0.1000,0.1000,0.000,,,0,3.35,3.25,,,,,,153171,303977,63037,904296,110431,11829,152673,
HI,12,15,1989,1094588,514168,13322,2.5,,,,29427,,,22873600,17329,42783,13873,78112,31113,445,557,670,137,251,359,457,680,867,1044,1364,368,5,373,510,122,11.3,1,45,6,0.88,22,3,0.88,0.0000,0.1400,0.1400,0.1400,0,910,910,910,0.0000,0.1000,0.1000,0.1000,0.000,,,0,3.35,3.85,,,,,,12845,34340,10821,143793,12543,1862,20208,
ID,13,16,1989,994416,463567,25906,5.3,,,,16909,,,15146900,41829,16819,6231,60954,21069,245,304,344,90,165,236,300,410,532,624,300,368,73,441,482,126,12.4,1,20,64,0.24,19,23,0.45,0.0000,0.1400,0.1400,0.1400,0,910,910,910,0.0000,0.1000,0.1000,0.1000,0.000,,,0,3.35,2.30,,,,,,20616,38754,11925,129274,4446,283,6438,
IL,14,17,1989,11409782,5632943,361268,6.0,,,,266608,,,226917200,33851,632181,206895,989500,402126,250,342,386,90,165,236,300,415,558,653,17401,368,0,368,430,1470,12.7,0,67,51,0.57,31,28,0.53,0.0000,0.1400,0.1400,0.1400,0,910,910,910,0.0000,0.1000,0.1000,0.1000,0.000,,,0,3.35,3.35,,,,,,165311,423260,47217,909461,90314,2559,101526,
IN,15,18,1989,5523693,2717574,138525,4.9,,,,107199,,,93580900,19403,147385,51611,285141,99619,229,288,346,90,165,236,300,394,520,625,3346,368,0,368,430,749,13.7,1,50,50,0.50,24,26,0.48,0.0000,0.1400,0.1400,0.1400,0,910,910,910,0.0000,0.1000,0.1000,0.1000,0.000,,,0,3.35,2.00,,,,,,85357,138418,25352,607624,32286,1517,40495,
IA,16,19,1989,2770592,1445448,63260,4.2,,,,52907,,,46555000,6859,97590,34819,168045,67045,333,394,458,90,165,236,300,481,595,703,2811,368,0,368,430,291,10.3,0,61,39,0.61,30,20,0.60,0.0000,0.1400,0.1400,0.1400,0,910,910,910,0.0000,0.1000,0.1000,0.1000,0.000,,,0,3.35,3.35,,,,,,44335,77820,21763,370726,11781,816,17600,
KS,17,20,1989,2472849,1230713,53659,4.2,,,,48814,,,43110200,27707,73869,25213,127975,49226,350,427,494,90,165,236,300,493,618,729,2584,368,0,368,430,262,10.8,0,58,67,0.46,18,22,0.45,0.0000,0.1400,0.1400,0.1400,0,910,910,910,0.0000,0.1000,0.1000,0.1000,0.000,,,0,3.35,2.65,,,,,,34931,74306,23649,294766,7216,489,9183,
KY,18,21,1989,3677306,1625834,110417,6.4,,,,65525,,,54363700,109808,155722,58717,446556,161439,188,218,272,90,165,236,300,353,454,572,8565,368,0,368,430,576,16.1,1,72,28,0.72,30,8,0.79,0.0000,0.1400,0.1400,0.1400,0,910,910,910,0.0000,0.1000,0.1000,0.1000,0.000,,,0,3.35,3.35,,,,,,83126,192585,32920,492671,86088,6974,114663,
LA,19,22,1989,4252894,1731388,150148,8.0,,,,87574,,,60326100,30931,276574,92194,724735,244570,138,190,234,90,165,236,300,303,426,534,10878,368,0,368,430,950,23.3,1,86,17,0.83,34,5,0.87,0.0000,0.1400,0.1400,0.1400,0,910,910,910,0.0000,0.1000,0.1000,0.1000,0.000,,,0,3.35,3.35,,,,,,108506,357892,44682,691236,129650,5764,149499,
ME,20,23,1989,1219961,589826,24714,4.0,,,,22670,,,21011300,7202,50801,17948,84335,37189,326,438,551,90,165,236,300,476,625,769,907,368,10,378,437,128,10.4,0,97,54,0.64,20,15,0.57,0.0000,0.1400,0.1400,0.1400,0,910,910,910,0.0000,0.1000,0.1000,0.1000,0.000,,,0,3.35,3.75,,,,,,19500,31132,9948,109343,5763,665,8617,
MD,21,24,1989,4727301,2427861,96024,3.8,,,,107444,,,104600700,221519,176135,63230,248814,106209,294,377,454,90,165,236,300,454,583,701,6842,368,0,368,430,411,9.0,1,125,16,0.89,40,7,0.85,0.0000,0.1400,0.1400,0.1400,0,910,910,910,0.0000,0.1000,0.1000,0.1000,0.500,,,0,3.35,3.35,,,,,,44529,112903,25002,350493,30794,4222,41126,
MA,22,25,1989,6015478,3044177,131820,4.2,,,,158200,,,135208900,44701,241696,88188,314494,136439,446,539,628,90,165,236,300,560,696,822,5175,368,129,497,521,513,8.8,1,128,32,0.80,32,8,0.80,0.0000,0.1400,0.1400,0.1400,0,910,910,910,0.0000,0.1000,0.1000,0.1000,0.000,,,0,3.35,3.75,,,,,,64014,129264,20788,461623,55572,1931,66586,
MI,23,26,1989,9253295,4262061,327379,7.1,,,,190626,,,169629300,107324,639889,211919,874155,363434,421,513,619,90,165,236,300,543,678,816,3021,368,30,398,451,1228,13.2,1,61,49,0.55,18,20,0.47,0.0000,0.1400,0.1400,0.1400,0,910,910,910,0.0000,0.1000,0.1000,0.1000,0.000,,,0,3.35,3.35,,,,,,141107,275491,34825,731610,28859,650,32902,
MN,24,27,1989,4338057,2250011,101956,4.3,,,,98313,,,82388100,115542,163542,54639,245233,97943,437,532,621,90,165,236,300,554,691,818,1918,368,35,403,455,478,11.2,1,80,53,0.60,44,23,0.66,0.0000,0.1400,0.1400,0.1400,0,910,910,910,0.0000,0.1000,0.1000,0.1000,0.000,,,0,3.35,3.85,,,,,,69671,108060,32848,475522,13271,733,16942,
MS,25,28,1989,2574269,1074636,91300,7.8,,,,37208,,,32735800,17738,178834,59860,492859,171501,96,120,144,90,165,236,300,261,356,444,8289,368,0,368,430,566,22.0,1,112,9,0.93,44,8,0.85,0.0000,0.1400,0.1400,0.1400,0,910,910,910,0.0000,0.1000,0.1000,0.1000,0.000,,,0,3.35,3.35,,,,,,96721,256506,33219,423853,113158,7600,132972,
MO,26,29,1989,5095830,2467177,144700,5.5,,,,101412,,,88040000,34231,203109,68067,404369,153111,228,285,333,90,165,236,300,393,518,616,6686,368,0,368,430,654,12.6,0,104,58,0.64,22,12,0.65,0.0000,0.1400,0.1400,0.1400,0,910,910,910,0.0000,0.1000,0.1000,0.1000,0.000,,,0,3.35,3.35,,,,,,77214,174175,31320,543677,43874,2253,54698,
MT,27,30,1989,799636,385154,23655,5.8,,,,12630,,,11775600,137435,27694,9329,55847,21065,286,359,433,90,165,236,300,448,570,686,437,368,0,368,430,127,15.6,0,52,48,0.52,23,27,0.46,0.0000,0.1400,0.1400,0.1400,0,910,910,910,0.0000,0.1000,0.1000,0.1000,0.000,,,0,3.35,3.35,,,,,,14166,27255,6547,83692,4679,387,5774,
NE,28,31,1989,1574864,792809,23955,2.9,,,,31332,,,27305500,4560,41026,14210,92324,35862,293,364,435,90,165,236,300,453,574,687,2415,368,38,406,457,204,12.8,0,,,,,,,0.0000,0.1400,0.1400,0.1400,0,910,910,910,0.0000,0.1000,0.1000,0.1000,0.000,,,0,3.35,3.35,,,,,,21215,45484,16415,187007,5974,422,7365,
NV,29,32,1989,1137382,575600,28599,4.7,,,,27847,,,22352500,287995,20142,7293,41330,18983,270,330,390,90,165,236,300,435,550,656,1446,368,36,404,456,121,10.8,1,30,12,0.71,8,13,0.38,0.0000,0.1400,0.1400,0.1400,0,910,910,910,0.0000,0.1000,0.1000,0.1000,0.000,,,0,3.35,3.35,,,,,,14725,19598,3693,64717,7865,243,12441,
NH,30,33,1989,1104522,592136,21224,3.5,,,,23777,,,22846700,40502,12716,4901,21866,10183,433,496,552,90,165,236,300,551,666,769,761,368,27,395,449,84,7.7,0,119,281,0.30,8,16,0.33,0.0000,0.1400,0.1400,0.1400,0,910,910,910,0.0000,0.1000,0.1000,0.1000,0.000,,,0,3.35,3.65,,,,,,13933,12148,4374,90832,2433,235,5259,
NJ,31,34,1989,7726089,3832534,163689,4.1,,,,205075,,,183043000,114944,297796,102519,352977,136990,322,424,488,90,165,236,300,473,616,724,14296,368,31,399,452,622,8.2,0,44,36,0.55,24,16,0.60,0.0000,0.1400,0.1400,0.1400,0,910,910,910,0.0000,0.1000,0.1000,0.1000,0.000,,,0,3.35,3.35,,,,,,78092,174700,27087,488393,33675,1606,39782,
NM,32,35,1989,1503901,649729,46731,6.7,,,,24927,,,21855400,24841,58676,20372,150500,49293,210,264,317,90,165,236,300,375,500,605,2109,368,0,368,430,297,19.5,0,45,25,0.64,26,16,0.62,0.0000,0.1400,0.1400,0.1400,0,910,910,910,0.0000,0.1000,0.1000,0.1000,0.000,,,0,3.35,3.35,,,,,,34247,98526,15455,171143,28904,1748,33489,
NY,33,36,1989,17983086,8265201,433607,5.0,,,,473252,,,403910000,656156,979135,337300,1462525,650260,439,539,638,90,165,236,300,555,696,829,16024,368,86,454,491,2254,12.6,1,92,58,0.61,27,34,0.44,0.0000,0.1400,0.1400,0.1400,0,910,910,910,0.0000,0.1000,0.1000,0.1000,0.000,,,0,3.35,3.35,,,,,,312507,736360,111582,1506481,217694,14043,257117,
NC,34,37,1989,6565459,3276667,119435,3.5,,,,133866,,,109693100,29741,200277,77066,390304,153749,231,266,291,90,165,236,300,396,502,587,12462,368,0,368,430,770,12.2,0,74,46,0.62,37,13,0.74,0.0000,0.1400,0.1400,0.1400,0,910,910,910,0.0000,0.1000,0.1000,0.1000,0.000,,,0,3.35,3.35,,,,,,123168,257490,62349,754891,122268,12415,161308,
ND,35,38,1989,646351,316267,14196,4.3,,,,10729,,,9482700,91100,15292,5489,38672,14167,313,386,472,90,165,236,300,467,589,713,352,368,0,368,430,79,12.2,1,45,61,0.42,32,21,0.60,0.0000,0.1400,0.1400,0.1400,0,910,910,910,0.0000,0.1000,0.1000,0.1000,0.000,,,0,3.35,3.40,,,,,,15831,22211,6740,92666,2922,218,4979,
OH,36,39,1989,10829217,5081552,298549,5.5,,,,217817,,,191708300,1358088,629106,222187,1067975,448937,263,321,397,90,165,236,300,428,544,661,18623,368,0,368,430,1143,10.6,1,59,40,0.60,14,19,0.42,0.0000,0.1400,0.1400,0.1400,0,910,910,910,0.0000,0.1000,0.1000,0.1000,0.000,,,0,3.35,2.30,,,,,,186133,303931,44693,892260,91761,2915,102944,
OK,37,40,1989,3150307,1433589,85686,5.6,,,,55007,,,48521200,91205,103043,35930,260782,101922,252,325,403,90,165,236,300,417,546,665,3523,368,64,432,475,460,14.7,0,68,32,0.68,33,15,0.69,0.0000,0.1400,0.1400,0.1400,0,910,910,910,0.0000,0.1000,0.1000,0.1000,0.000,,,0,3.35,3.35,,,,,,53775,137514,32864,351982,49766,5745,66859,
OR,38,41,1989,2790575,1386726,79680,5.4,,,,52610,,,48095100,104211,87288,32060,213217,91333,359,420,511,90,165,236,300,499,613,741,4378,368,2,370,432,327,11.2,1,32,28,0.53,19,11,0.63,0.0000,0.1400,0.1400,0.1400,0,910,910,910,0.0000,0.1000,0.1000,0.1000,0.000,,,0,3.35,3.85,,,,,,45657,78029,16802,232555,13339,638,16106,
PA,39,42,1989,11865996,5553128,273308,4.7,,,,233162,,,220029700,170620,522682,174577,916189,388769,315,402,490,90,165,236,300,468,600,726,12133,368,32,400,453,1261,10.4,1,104,99,0.51,23,27,0.46,0.0000,0.1400,0.1400,0.1400,0,910,910,910,0.0000,0.1000,0.1000,0.1000,0.000,,,0,3.35,3.70,,,,,,176235,295781,54585,987855,46422,1416,53580,
RI,40,44,1989,1000666,503207,21635,4.1,,,,21059,,,19852500,8553,41899,15057,56850,24980,419,517,590,90,165,236,300,541,681,796,768,368,61,429,473,64,6.7,0,83,17,0.83,41,9,0.82,0.0000,0.1400,0.1400,0.1400,0,910,910,910,0.0000,0.1000,0.1000,0.1000,0.230,,,0,3.35,4.25,,,,,,14339,21893,3653,55849,4812,59,5043,
SC,41,45,1989,3456775,1619360,78555,4.6,,,,61347,,,52509200,62090,107461,37466,272044,94968,165,206,248,90,165,236,300,330,442,548,7342,368,0,368,430,585,17.0,0,87,37,0.70,35,11,0.76,0.0000,0.1400,0.1400,0.1400,0,910,910,910,0.0000,0.1000,0.1000,0.1000,0.000,,,0,3.35,3.35,,,,,,79022,187535,35890,453496,60953,5886,77597,
SD,42,46,1989,696701,346463,14462,4.0,,,,11790,,,10492400,4462,18928,6632,50292,16958,323,366,408,90,165,236,300,474,575,668,670,368,15,383,441,92,13.2,0,24,46,0.34,15,20,0.43,0.0000,0.1400,0.1400,0.1400,0,910,910,910,0.0000,0.1000,0.1000,0.1000,0.000,,,0,3.35,3.35,,,,,,16807,32973,9666,98972,7917,421,9361,
TN,43,47,1989,4854444,2247161,120177,5.1,,,,91579,,,76927800,49077,195481,70575,499996,192727,133,173,211,90,165,236,300,298,409,511,9961,368,0,368,430,891,18.4,1,59,40,0.60,22,11,0.67,0.0000,0.1400,0.1400,0.1400,0,910,910,910,0.0000,0.1000,0.1000,0.1000,0.000,,,0,3.35,3.35,,,,,,91796,208439,34954,587875,99994,8792,136196,
TX,44,48,1989,16806735,7881265,561665,6.7,,,,349952,,,275917100,95388,539858,181598,1634488,542174,158,184,221,90,165,236,300,323,420,521,21052,368,0,368,430,2880,17.1,0,93,57,0.62,23,8,0.74,0.0000,0.1400,0.1400,0.1400,0,910,910,910,0.0000,0.1000,0.1000,0.1000,0.000,,,0,3.35,3.35,,,,,,310991,971512,117546,1929865,457334,22885,547572,
UT,45,49,1989,1705864,753358,35845,4.5,,,,28668,,,23967400,118322,43627,14969,94999,33930,301,376,439,90,165,236,300,459,582,690,1201,368,9,377,437,138,8.2,0,28,47,0.37,7,22,0.24,0.0000,0.1400,0.1400,0.1400,0,910,910,910,0.0000,0.1000,0.1000,0.1000,0.000,,,0,3.35,3.35,,,,,,41777,53640,24436,233648,4043,232,4723,
VT,46,50,1989,557707,295100,10836,3.5,,,,11120,,,9917100,1977,19723,7015,34059,15211,527,629,705,90,165,236,300,617,759,876,238,368,60,428,472,44,8.0,1,74,76,0.49,16,14,0.53,0.0000,0.1400,0.1400,0.1400,0,910,910,910,0.0000,0.1000,0.1000,0.1000,0.280,,,1,3.35,3.75,,,,,,14562,11183,3202,46708,1253,137,2694,
VA,47,51,1989,6120246,3029456,122300,3.9,,,,137661,,,123237000,58611,145622,53918,332520,137556,294,354,410,90,165,236,300,454,567,670,8943,368,0,368,430,671,10.9,1,59,39,0.60,30,10,0.75,0.0000,0.1400,0.1400,0.1400,0,910,910,910,0.0000,0.1000,0.1000,0.1000,0.000,,,0,3.35,2.65,,,,,,77475,164211,35898,607755,57271,4959,79603,
WA,48,53,1989,4746316,2306850,144244,5.9,,,,108064,,,90313200,894189,219273,78031,320864,130988,397,492,578,90,165,236,300,526,663,787,8498,368,28,396,450,455,9.6,1,63,35,0.64,24,25,0.49,0.0000,0.1400,0.1400,0.1400,0,910,910,910,0.0000,0.1000,0.1000,0.1000,0.000,,,0,3.35,3.85,,,,,,51267,125231,25549,352466,23732,1063,28867,
WV,49,54,1989,1806568,691729,65245,8.6,,,,26663,,,24601000,300164,109294,36087,259228,93969,201,249,312,90,165,236,300,366,485,601,3339,368,0,368,430,283,15.7,1,81,19,0.81,29,5,0.85,0.0000,0.1400,0.1400,0.1400,0,910,910,910,0.0000,0.1000,0.1000,0.1000,0.000,,,0,3.35,3.35,,,,,,32079,88670,14391,198672,52029,4832,78114,
WI,50,55,1989,4856574,2483256,112731,4.3,,,,95216,,,85533900,12266,244876,81981,290794,99496,440,517,617,90,165,236,300,556,681,815,8438,368,103,471,503,393,8.4,0,56,43,0.57,20,13,0.61,0.0000,0.1400,0.1400,0.1400,0,910,910,910,0.0000,0.1000,0.1000,0.1000,0.050,0.250,0.750,1,3.35,3.65,,,,,,69743,123347,26825,457332,16002,582,18602,
WY,51,56,1989,458374,223160,14611,6.1,,,,11437,,,7642600,51018,13737,5123,27286,9883,320,360,390,90,165,236,300,472,571,656,348,368,20,388,444,50,10.9,1,23,41,0.36,11,19,0.37,0.0000,0.1400,0.1400,0.1400,0,910,910,910,0.0000,0.1000,0.1000,0.1000,0.000,,,0,3.35,1.60,,,,,,10024,13158,4215,53332,1428,148,1742,
AL,1,1,1990,4040389,1778143,129224,6.8,,,,71610,,,64239800,47678,129998,45322,453540,165718,88,118,147,99,182,260,331,270,378,478,7758,386,0,386,456,779,19.2,0,85,17,0.83,28,6,0.82,0.0000,0.1400,0.1400,0.1400,0,953,953,953,0.0000,0.1000,0.1000,0.1000,0.000,,,0,3.80,3.80,132824,48434,1650,82740,351996,97992,249810,40154,554336,88390,5523,105978,
AK,2,2,1990,550043,249038,19384,7.2,,,,25040,,,12843300,12738,20234,7664,25140,8428,752,846,940,123,227,325,413,903,1067,1221,597,386,331,717,775,57,11.4,1,23,17,0.58,8,12,0.40,0.0000,0.1400,0.1400,0.1400,0,953,953,953,0.0000,0.1000,0.1000,0.1000,0.000,,,0,3.80,4.30,4634,1142,96,3396,39053,9988,13944,3963,38433,3262,438,4718,
AZ,3,4,1990,3665339,1691876,94310,5.3,,,,70632,,,63821000,259797,124040,43127,317067,110366,233,293,353,99,182,260,331,415,552,665,5874,386,0,386,456,484,13.7,1,26,34,0.43,13,17,0.43,0.0000,0.1400,0.1400,0.1400,0,953,953,953,0.0000,0.1000,0.1000,0.1000,0.000,,,0,3.80,3.80,44780,11282,704,32794,0,67181,151329,25042,324354,57644,3762,68919,
AR,4,5,1990,2350624,1053833,77997,6.9,,,,38680,,,34457500,19346,71450,24721,234913,85913,162,204,247,99,182,260,331,344,464,578,4171,386,0,386,456,472,19.6,1,88,11,0.89,31,4,0.89,0.0000,0.1400,0.1400,0.1400,0,953,953,953,0.0000,0.1000,0.1000,0.1000,0.000,,,0,3.80,3.80,75884,27116,1244,47524,264296,56572,128966,21057,295876,53648,4243,70677,
CA,5,6,1990,29811427,14264158,874265,5.8,,,,773460,,,643684900,1273442,1902048,652070,1954751,689881,560,694,824,99,182,260,331,661,833,995,110590,386,244,630,627,4128,13.9,0,46,33,0.58,24,15,0.62,0.0000,0.1400,0.1400,0.1400,0,953,953,953,0.0000,0.1000,0.1000,0.1000,0.000,,,0,3.80,4.25,872772,325326,21520,525926,3624247,446678,1246837,143301,2135459,421912,16480,478640,
CO,6,8,1990,3294473,1671823,91860,5.2,,,,75571,,,65667200,308992,102157,35363,221342,87315,280,356,432,99,182,260,331,462,596,720,4173,386,58,444,497,461,13.7,1,26,39,0.40,11,24,0.31,0.0000,0.1400,0.1400,0.1400,0,953,953,953,0.0000,0.1000,0.1000,0.1000,0.000,,,0,3.80,3.00,37542,8700,464,28378,190636,47942,93851,22999,277227,19710,1305,25296,
CT,7,9,1990,3287116,1726482,93293,5.1,,,,100169,,,86889100,56863,120086,43548,133304,52273,524,649,756,99,182,260,331,636,801,947,4853,386,366,752,712,196,6.0,1,88,63,0.58,23,13,0.64,0.0000,0.1400,0.1400,0.1400,0,953,953,953,0.0000,0.1000,0.1000,0.1000,0.000,,,0,3.80,4.25,32042,6816,474,24752,249589,50961,65123,11993,223239,14931,1063,20960,
DE,8,10,1990,666168,343199,17024,4.7,,,,19928,,,14367100,8657,21165,8274,33257,12317,265,333,402,99,182,260,331,447,580,699,1874,386,0,386,456,48,6.9,0,18,23,0.44,13,8,0.62,0.0000,0.1400,0.1400,0.1400,0,953,953,953,0.0000,0.1000,0.1000,0.1000,0.000,,,0,3.80,3.80,8080,1736,132,6212,41009,11370,16537,2904,56650,6476,363,8298,
DC,9,11,1990,606900,308281,20643,6.3,,,,39688,,,15818100,20035,48872,18534,62145,27015,321,409,499,99,182,260,331,493,633,767,2963,386,15,401,466,120,21.1,.,,,,12,0,1.00,0.0000,0.1400,0.1400,0.1400,0,953,953,953,0.0000,0.1000,0.1000,0.1000,0.000,,,0,3.80,3.80,16216,3466,220,12530,93482,13437,33600,2631,46874,12478,532,13960,
FL,10,12,1990,12938071,6068832,395337,6.1,,,,256589,,,257571400,142813,369907,134815,781496,303488,225,294,346,99,182,260,331,407,553,660,29616,386,0,386,456,1896,14.4,0,73,47,0.61,23,17,0.58,0.0000,0.1400,0.1400,0.1400,0,953,953,953,0.0000,0.1000,0.1000,0.1000,0.000,,,0,3.80,3.80,221754,82106,3220,136428,1038443,186081,492973,85997,1106800,175707,10273,208510,
GA,11,13,1990,6478149,3104564,179348,5.5,,,,140646,,,116149900,48474,293366,101849,535601,200933,229,273,322,99,182,260,331,411,533,643,13104,386,0,386,456,1001,15.8,1,144,36,0.80,45,11,0.80,0.0000,0.1400,0.1400,0.1400,0,953,953,953,0.0000,0.1000,0.1000,0.1000,0.000,,,0,3.80,3.25,159518,50174,2622,106722,650871,164044,311110,62245,892071,115489,12479,159100,
HI,12,15,1990,1108229,536216,14705,2.7,,,,32534,,,24979100,18474,43917,14336,76957,31239,480,602,725,151,276,396,503,735,941,1134,1408,386,5,391,542,121,11.0,1,45,6,0.88,22,3,0.88,0.0000,0.1400,0.1400,0.1400,0,953,953,953,0.0000,0.1000,0.1000,0.1000,0.000,,,0,3.80,3.85,13776,5612,186,7978,84973,14442,31952,10485,140782,12316,2079,21590,
ID,13,16,1990,1006734,465255,27235,5.5,,,,18004,,,16352300,46890,16577,6139,58559,20644,254,317,357,99,182,260,331,436,569,668,313,386,73,459,507,157,14.9,1,20,64,0.24,19,23,0.45,0.0000,0.1400,0.1400,0.1400,0,953,953,953,0.0000,0.1000,0.1000,0.1000,0.000,,,0,3.80,3.80,10332,1906,150,8276,54554,22273,38513,12753,129119,5018,386,7095,
IL,14,17,1990,11430602,5581864,365147,6.1,,,,279019,,,240801300,35908,635973,208458,1013087,417775,268,367,414,99,182,260,331,450,604,708,17708,386,0,386,456,1606,13.7,0,67,51,0.57,31,28,0.53,0.0000,0.1400,0.1400,0.1400,0,953,953,953,0.0000,0.1000,0.1000,0.1000,0.000,,,0,3.80,3.80,176690,31378,2426,142886,1067465,187095,422071,50158,907930,93036,3270,105676,
IN,15,18,1990,5544156,2666066,148542,5.3,,,,110860,,,98748800,20192,153709,53931,310852,108805,229,288,346,99,182,260,331,411,548,660,4142,386,0,386,456,714,13.0,1,50,50,0.50,24,26,0.48,0.0000,0.1400,0.1400,0.1400,0,953,953,953,0.0000,0.1000,0.1000,0.1000,0.000,,,0,3.80,3.35,60148,10492,1186,48470,347872,105031,143068,27720,607568,29299,1586,36695,
IA,16,19,1990,2776831,1387668,64082,4.4,,,,56121,,,49023100,7795,98040,34698,170451,68149,347,410,476,99,182,260,331,512,634,751,3124,386,0,386,456,289,10.4,0,61,39,0.61,30,20,0.60,0.0000,0.1400,0.1400,0.1400,0,953,953,953,0.0000,0.1000,0.1000,0.1000,0.050,,,0,3.80,3.85,32724,7492,1034,24198,239584,47462,78158,22540,375257,14266,1155,21800,
KS,17,20,1990,2477588,1217887,54632,4.3,,,,51874,,,45751200,29434,77046,25800,142320,54499,338,409,470,99,182,260,331,505,633,747,3006,386,0,386,456,259,10.3,0,58,67,0.46,18,22,0.45,0.0000,0.1400,0.1400,0.1400,0,953,953,953,0.0000,0.1000,0.1000,0.1000,0.000,,,0,3.80,2.65,24520,4984,372,19164,194380,39948,80768,25100,311441,9065,687,11651,
KY,18,21,1990,3686892,1649657,104701,6.0,,,,68412,,,57673400,127777,175421,66383,458197,168297,196,228,285,99,182,260,331,378,488,616,9959,386,0,386,456,628,17.3,1,72,28,0.72,30,8,0.79,0.0000,0.1400,0.1400,0.1400,0,953,953,953,0.0000,0.1000,0.1000,0.1000,0.000,,,0,3.80,3.80,114700,29048,1962,83690,467714,91463,191340,33529,490146,90218,7688,122230,
LA,19,22,1990,4221826,1753951,115897,6.2,,,,95177,,,64880900,34088,281501,93869,727315,252282,138,190,234,99,182,260,331,320,450,565,13256,386,0,386,456,952,23.6,1,86,17,0.83,34,5,0.87,0.0000,0.1400,0.1400,0.1400,0,953,953,953,0.0000,0.1000,0.1000,0.1000,0.000,,,0,3.80,3.80,133012,40264,2276,90472,585101,116528,351474,45842,676411,130790,6710,153337,
ME,20,23,1990,1227928,599506,33563,5.3,,,,23256,,,21870400,7479,56009,19892,93843,41244,337,453,569,99,182,260,331,505,664,816,1324,386,10,396,463,162,13.1,0,97,54,0.64,20,15,0.57,0.0000,0.1400,0.1400,0.1400,0,953,953,953,0.0000,0.1000,0.1000,0.1000,0.000,,,0,3.80,3.85,23686,6860,268,16558,133020,21128,30164,9661,105724,6779,822,10595,
MD,21,24,1990,4780753,2474509,115543,4.5,,,,112835,,,110894000,249389,185507,66918,254661,108903,309,396,477,99,182,260,331,485,624,752,7395,386,0,386,456,468,9.9,1,125,16,0.89,40,7,0.85,0.0000,0.1400,0.1400,0.1400,0,953,953,953,0.0000,0.1000,0.1000,0.1000,0.500,,,0,3.80,3.80,59774,14620,786,44368,330382,57650,113898,25952,342941,33345,4657,43944,
MA,22,25,1990,6016425,3004470,201913,6.3,,,,159505,,,139232600,51527,263371,94816,347309,151976,446,539,628,99,182,260,331,581,724,857,7767,386,129,515,546,626,10.7,1,128,32,0.80,32,8,0.80,0.0000,0.1400,0.1400,0.1400,0,953,953,953,0.0000,0.1000,0.1000,0.1000,0.000,,,0,3.80,3.75,119320,45900,4326,69094,590733,73281,129687,21296,438512,56471,2178,67759,
MI,23,26,1990,9295287,4255772,351475,7.6,,,,193103,,,177393200,138732,655101,218137,916595,384393,423,516,623,99,182,260,331,565,708,854,4352,386,30,416,477,1315,14.3,1,61,49,0.55,18,20,0.47,0.0000,0.1400,0.1400,0.1400,0,953,953,953,0.0000,0.1000,0.1000,0.1000,0.000,,,0,3.80,3.35,143130,26858,2182,114090,1047963,149326,265862,36206,714184,31708,857,36264,
MN,24,27,1990,4375665,2284147,114752,4.8,,,,102757,,,87514000,130505,170575,56845,262859,107487,437,532,621,99,182,260,331,575,719,852,2042,386,75,461,508,524,12.0,1,80,53,0.60,44,23,0.66,0.0000,0.1400,0.1400,0.1400,0,953,953,953,0.0000,0.1000,0.1000,0.1000,0.000,,,0,3.80,3.95,40396,9942,678,29776,380291,73380,109303,34431,481935,19931,1188,25206,
MS,25,28,1990,2575475,1094036,89945,7.6,,,,38757,,,34442500,19341,178588,60023,499232,177182,96,120,144,99,182,260,331,278,380,475,8674,386,0,386,456,684,25.7,1,112,9,0.93,44,8,0.85,0.0000,0.1400,0.1400,0.1400,0,953,953,953,0.0000,0.1000,0.1000,0.1000,0.000,,,0,3.80,3.80,113854,40926,1638,71290,432855,101757,254185,33402,418250,113983,7972,134747,
MO,26,29,1990,5116901,2462267,152572,5.8,,,,103566,,,91909000,39026,210772,70940,431392,166411,232,289,338,99,182,260,331,414,549,654,7944,386,0,386,456,700,13.4,0,104,58,0.64,22,12,0.65,0.0000,0.1400,0.1400,0.1400,0,953,953,953,0.0000,0.1000,0.1000,0.1000,0.000,,,0,3.80,3.80,84978,21418,1138,62422,448243,86282,173616,32576,537611,50059,3167,65052,
MT,27,30,1990,799065,379100,24036,6.0,,,,13242,,,12378000,177190,28963,9724,56654,21078,286,359,433,99,182,260,331,468,598,721,545,386,0,386,456,134,16.3,0,52,48,0.52,23,27,0.46,0.0000,0.1400,0.1400,0.1400,0,953,953,953,0.0000,0.1000,0.1000,0.1000,0.000,,,0,3.80,3.80,9958,1788,128,8042,61058,14962,27061,6654,82845,4560,402,5813,
NE,28,31,1990,1578417,805708,19316,2.3,,,,33734,,,29240300,4988,42553,14599,94548,37476,293,364,435,99,182,260,331,474,602,722,2490,386,38,424,483,167,10.3,0,,,,,,,0.0000,0.1400,0.1400,0.1400,0,953,953,953,0.0000,0.1000,0.1000,0.1000,0.000,,,0,3.80,3.35,15560,3342,224,11994,119177,22472,45279,16717,186861,8175,622,10280,
NV,29,32,1990,1201675,638342,31578,4.7,,,,30980,,,25043300,341056,22594,8147,49815,22423,270,330,390,99,182,260,331,452,578,691,1823,386,36,422,481,119,9.8,1,30,12,0.71,8,13,0.38,0.0000,0.1400,0.1400,0.1400,0,953,953,953,0.0000,0.1000,0.1000,0.1000,0.000,,,0,3.80,3.80,11334,4350,496,6488,47008,16547,22904,4405,72999,9364,429,14175,
NH,30,33,1990,1109252,585013,35093,5.7,,,,23768,,,23006500,58423,16329,6261,30558,13713,442,506,563,99,182,260,331,578,701,812,692,386,27,413,475,68,6.3,0,119,281,0.30,8,16,0.33,0.0000,0.1400,0.1400,0.1400,0,953,953,953,0.0000,0.1000,0.1000,0.1000,0.000,,,0,3.80,3.75,6870,1402,94,5374,44819,15318,13427,4524,86841,2330,197,5215,
NJ,31,34,1990,7747750,3850728,204728,5.0,,,,214357,,,192163500,136990,309036,107008,381608,150211,322,424,488,99,182,260,331,494,644,759,14784,386,31,417,478,711,9.2,1,44,36,0.55,22,17,0.56,0.0000,0.1400,0.1400,0.1400,0,953,953,953,0.0000,0.1000,0.1000,0.1000,0.000,,,0,3.80,3.80,105312,30770,1166,73376,566825,95588,177169,28276,484140,35697,1937,42476,
NM,32,35,1990,1515069,666908,46879,6.6,,,,26600,,,23301300,28365,57276,19169,157260,53001,210,264,317,99,182,260,331,392,524,640,2877,386,0,386,456,319,20.9,0,45,25,0.64,26,16,0.62,0.0000,0.1400,0.1400,0.1400,0,953,953,953,0.0000,0.1000,0.1000,0.1000,0.000,,,0,3.80,3.35,31550,9428,600,21522,129860,32329,100150,16804,174177,31537,2297,37636,
NY,33,36,1990,17990778,8343353,469918,5.3,,,,493192,,,432317800,787414,981153,344610,1548311,695868,468,577,687,99,182,260,331,596,751,899,8070,386,86,472,516,2571,14.3,1,92,58,0.61,27,34,0.44,0.0000,0.1400,0.1400,0.1400,0,953,953,953,0.0000,0.1000,0.1000,0.1000,0.000,,,0,3.80,3.80,415270,122500,4024,288746,2329456,329476,750316,111739,1510271,228623,15149,272146,
NC,34,37,1990,6632448,3333977,142523,4.1,,,,139658,,,116522500,32324,223442,86464,419026,164749,236,272,297,99,182,260,331,418,532,626,15267,386,0,386,456,829,13.0,0,74,46,0.62,37,13,0.74,0.0000,0.1400,0.1400,0.1400,0,953,953,953,0.0000,0.1000,0.1000,0.1000,0.000,,,0,3.80,3.35,148666,47860,2628,98178,563330,134617,259292,61653,736928,124342,12754,163991,
ND,35,38,1990,638800,304436,12781,4.0,,,,11509,,,10256600,115705,15534,5565,39116,14769,313,386,472,99,182,260,331,488,617,748,415,386,0,386,456,87,13.7,1,45,61,0.42,32,21,0.60,0.0000,0.1400,0.1400,0.1400,0,953,953,953,0.0000,0.1000,0.1000,0.1000,0.000,,,0,3.80,3.40,7494,2162,82,5250,49003,16532,21608,6954,91978,3177,308,5431,
OH,36,39,1990,10847115,5114242,305381,5.6,,,,227413,,,202979600,1484373,632283,225868,1089485,462175,274,334,413,99,182,260,331,456,581,707,20368,386,0,386,456,1256,11.5,1,59,40,0.60,14,19,0.42,0.0000,0.1400,0.1400,0.1400,0,953,953,953,0.0000,0.1000,0.1000,0.1000,0.000,,,0,3.80,3.80,155736,23326,2524,129886,1220780,193230,304490,44862,888396,92679,3084,104497,
OK,37,40,1990,3145576,1436914,86631,5.7,,,,57805,,,51121300,99927,111867,38810,266579,105249,252,325,403,99,182,260,331,434,574,700,4383,386,64,450,501,481,15.6,0,68,32,0.68,33,15,0.69,0.0000,0.1400,0.1400,0.1400,0,953,953,953,0.0000,0.1000,0.1000,0.1000,0.000,,,0,3.80,3.80,60430,19610,974,39846,273255,58532,139792,34399,353701,56135,6777,76419,
OR,38,41,1990,2842337,1408687,82035,5.5,,,,56566,,,51940700,91967,89016,32739,216395,93322,369,432,526,99,182,260,331,527,649,786,5254,386,2,388,457,267,9.2,1,32,28,0.53,19,11,0.63,0.0000,0.1400,0.1400,0.1400,0,953,953,953,0.0000,0.1000,0.1000,0.1000,0.000,,,0,3.80,4.25,31522,6300,554,24668,227198,48007,76995,17171,230463,12257,694,15132,
PA,39,42,1990,11882842,5510435,318015,5.5,,,,245281,,,232898700,199077,520683,177678,951953,409336,330,421,514,99,182,260,331,500,641,778,16239,386,32,418,478,1328,11.0,1,104,99,0.51,23,27,0.46,0.0000,0.1400,0.1400,0.1400,0,953,953,953,0.0000,0.1000,0.1000,0.1000,0.000,,,0,3.80,3.80,190470,41558,2886,146026,1177161,187861,288710,55509,969104,52738,2050,63091,
RI,40,44,1990,1003464,492002,33359,6.3,,,,21664,,,20438100,9178,46150,16657,64111,27970,440,543,620,99,182,260,331,577,727,852,1103,386,64,450,501,71,7.5,0,83,17,0.83,41,9,0.82,0.0000,0.1400,0.1400,0.1400,0,953,953,953,0.0000,0.1000,0.1000,0.1000,0.230,,,0,3.80,4.25,17420,4972,212,12236,117045,15945,22599,3646,55288,4948,76,5248,
SC,41,45,1990,3486310,1659997,83550,4.8,,,,65157,,,56399800,71781,110931,38893,299152,104693,165,206,248,99,182,260,331,347,466,579,7666,386,0,386,456,548,16.2,0,87,37,0.70,35,11,0.76,0.0000,0.1400,0.1400,0.1400,0,953,953,953,0.0000,0.1000,0.1000,0.1000,0.000,,,0,3.80,3.80,90334,28614,1790,59930,317128,88635,185899,35443,445660,68606,6940,89211,
SD,42,46,1990,696004,334087,13091,3.8,,,,12770,,,11484600,5097,18991,6698,50375,17242,333,377,421,99,182,260,331,502,611,712,1113,386,15,401,466,93,13.3,0,24,46,0.34,15,20,0.43,0.0000,0.1400,0.1400,0.1400,0,953,953,953,0.0000,0.1000,0.1000,0.1000,0.000,,,0,3.80,3.80,10088,2744,154,7190,49302,18906,32928,9818,100935,8924,507,10600,
TN,43,47,1990,4877203,2266764,127965,5.3,,,,94087,,,81783900,52163,211185,76483,526593,205528,141,184,224,99,182,260,331,323,444,555,10672,386,0,386,456,833,16.9,1,59,40,0.60,22,11,0.67,0.0000,0.1400,0.1400,0.1400,0,953,953,953,0.0000,0.1000,0.1000,0.1000,0.000,,,0,3.80,3.80,139836,41434,1964,96438,613323,104429,208917,35586,575884,101040,9293,139331,
TX,44,48,1990,16986335,8073257,545670,6.3,,,,378943,,,297726300,108915,611281,208897,1879898,645182,158,184,221,99,182,260,331,340,444,552,26212,386,0,386,456,2684,15.9,0,93,57,0.62,23,8,0.74,0.0000,0.1400,0.1400,0.1400,0,953,953,953,0.0000,0.1000,0.1000,0.1000,0.000,,,0,3.80,3.35,294740,119854,5224,169662,1442074,333527,1012246,125578,1982041,472851,25610,569111,
UT,45,49,1990,1722850,786073,36134,4.4,,,,31249,,,25984900,144531,45134,15522,99461,35871,310,387,452,99,182,260,331,486,618,734,1416,386,6,392,460,143,8.2,0,28,47,0.37,7,22,0.24,0.0000,0.1400,0.1400,0.1400,0,953,953,953,0.0000,0.1000,0.1000,0.1000,0.000,,,0,3.80,3.80,12616,1898,282,10436,108250,40257,53688,25281,229620,4499,317,5513,
VT,46,50,1990,562758,289509,15265,5.0,,,,11674,,,10298000,2142,21934,7743,38383,16970,556,662,742,99,182,260,331,658,810,937,496,386,63,449,500,61,10.9,1,74,76,0.49,16,14,0.53,0.0000,0.1400,0.1400,0.1400,0,953,953,953,0.0000,0.1000,0.1000,0.1000,0.280,,,1,3.80,3.85,10068,2586,118,7364,60421,15260,11336,3109,46427,1761,209,3527,
VA,47,51,1990,6189197,3107094,145082,4.5,,,,144971,,,129558200,61155,150858,56154,345874,144348,294,354,410,99,182,260,331,475,595,705,9346,386,0,386,456,705,11.1,1,59,39,0.60,30,10,0.75,0.0000,0.1400,0.1400,0.1400,0,953,953,953,0.0000,0.1000,0.1000,0.1000,0.000,,,0,3.80,2.65,95490,29062,1544,64884,379456,85620,159196,35607,573477,61519,5838,87711,
WA,48,53,1990,4866669,2392891,132435,5.2,,,,118640,,,99151200,1051360,228191,81312,340277,138572,404,501,589,99,182,260,331,552,697,830,9825,386,28,414,476,434,8.9,1,63,35,0.64,24,25,0.49,0.0000,0.1400,0.1400,0.1400,0,953,953,953,0.0000,0.1000,0.1000,0.1000,0.000,,,0,3.80,4.25,61538,11406,780,49352,447630,57358,127612,27092,360015,29651,1594,36703,
WV,49,54,1990,1793477,697633,64532,8.5,,,,27754,,,26186200,329840,111084,36888,261783,96533,201,249,312,99,182,260,331,383,509,636,3353,386,0,386,456,328,18.1,1,81,19,0.81,29,5,0.85,0.0000,0.1400,0.1400,0.1400,0,953,953,953,0.0000,0.1000,0.1000,0.1000,0.000,,,0,3.80,3.80,47214,8940,664,37610,250261,34967,88166,14843,200403,48309,4950,74364,
WI,50,55,1990,4891954,2476626,113247,4.4,,,,100236,,,90431200,12944,237430,79360,285824,97810,440,517,617,99,182,260,331,577,709,850,8959,386,103,489,528,448,9.3,0,56,43,0.57,20,13,0.61,0.0000,0.1400,0.1400,0.1400,0,953,953,953,0.0000,0.1000,0.1000,0.1000,0.050,0.250,0.750,1,3.80,3.80,85766,21894,1146,62726,392733,67993,124446,28039,462304,17964,743,21099,
WY,51,56,1990,453589,223437,12527,5.3,,,,12705,,,8233300,55703,14135,5281,28278,10401,320,360,390,99,182,260,331,493,599,691,437,386,20,406,470,51,11.0,1,23,41,0.36,11,19,0.37,0.0000,0.1400,0.1400,0.1400,0,953,953,953,0.0000,0.1000,0.1000,0.1000,0.000,,,0,3.80,1.60,3458,700,52,2706,28941,9678,13772,4593,56003,1774,228,2354,
AL,1,1,1991,4091025,1779490,141065,7.3,,,,76043,,,67929900,51772,135440,47465,504291,186280,93,124,155,105,193,277,352,286,401,507,9524,407,0,407,481,786,18.8,0,83,22,0.79,28,7,0.80,0.0000,0.1670,0.1730,0.1730,0,1192,1235,1235,0.0000,0.1193,0.1236,0.1236,0.000,,,0,4.25,4.25,137105,46614,1627,88864,403255,109420,250127,44298,560213,87568,6301,106519,
AK,2,2,1991,569273,252921,23355,8.5,,,,22283,,,13405100,11378,26424,9416,30266,10102,792,891,990,137,252,361,459,963,1141,1309,435,407,349,756,823,62,11.8,0,23,17,0.58,10,10,0.50,0.0000,0.1670,0.1730,0.1730,0,1192,1235,1235,0.0000,0.1193,0.1236,0.1236,0.000,,,0,4.25,4.75,4974,1173,98,3703,51288,10017,15665,4101,39686,3566,419,4960,
AZ,3,4,1991,3762394,1697675,107337,5.9,,,,73358,,,67174600,204796,150435,52645,388326,137526,233,293,353,105,193,277,352,426,570,690,8476,407,0,407,481,532,14.8,0,27,33,0.45,17,13,0.57,0.0000,0.1670,0.1730,0.1730,0,1192,1235,1235,0.0000,0.1193,0.1236,0.1236,0.000,,,0,4.25,4.25,49760,11924,706,37130,313142,74085,165021,26350,332142,66839,4430,79429,
AR,4,5,1991,2370666,1045529,83989,7.4,,,,41572,,,36459100,21357,74567,25998,258038,93834,162,204,247,105,193,277,352,355,481,599,5240,407,0,407,481,425,17.3,1,91,9,0.91,31,4,0.89,0.0000,0.1670,0.1730,0.1730,0,1192,1235,1235,0.0000,0.1193,0.1236,0.1236,0.000,,,0,4.25,4.25,79337,26066,1212,52059,284674,65361,128893,23959,297108,59538,5462,78939,
CA,5,6,1991,30414114,13960003,1166478,7.7,,,,790046,,,665992600,1434163,2110168,729170,2211932,807197,560,694,824,105,193,277,352,676,853,1019,158614,407,223,630,637,4825,15.7,0,47,32,0.59,25,13,0.66,0.0000,0.1670,0.1730,0.1730,0,1192,1235,1235,0.0000,0.1193,0.1236,0.1236,0.000,,,0,4.25,4.25,920235,334324,22207,563704,4019084,486254,1355073,143873,2193412,484058,16502,535531,
CO,6,8,1991,3367567,1700069,94218,5.3,,,,79766,,,69601900,299882,112273,38771,240749,94756,280,356,432,105,193,277,352,473,617,745,3524,407,45,452,512,347,10.4,1,27,38,0.42,12,23,0.34,0.0000,0.1670,0.1730,0.1730,0,1192,1235,1235,0.0000,0.1193,0.1236,0.1236,0.000,,,0,4.25,3.00,41666,8856,472,32338,223444,46397,98834,23955,280199,22482,1499,28732,
CT,7,9,1991,3288640,1720656,120448,6.5,,,,101475,,,87815800,63399,142707,51213,171454,69907,549,680,792,105,193,277,352,668,844,997,4947,407,359,766,732,287,8.6,0,89,62,0.59,20,16,0.56,0.0000,0.1670,0.1730,0.1730,0,1192,1235,1235,0.0000,0.1193,0.1236,0.1236,0.000,,,0,4.25,4.27,34424,7054,522,26848,271903,57401,72280,12157,213552,19368,1294,26243,
DE,8,10,1991,680495,339303,22411,6.2,,,,21746,,,15196300,9227,23639,9373,41044,15202,270,338,407,105,193,277,352,463,604,728,1910,407,0,407,481,53,7.5,0,17,24,0.41,15,6,0.71,0.0000,0.1670,0.1730,0.1730,0,1192,1235,1235,0.0000,0.1193,0.1236,0.1236,0.000,,,0,4.25,4.25,8383,1692,124,6567,50680,11961,17457,3099,56753,7217,417,9097,
DC,9,11,1991,593239,296477,24956,7.8,,,,41430,,,16536800,22695,55739,21043,71890,32044,336,428,522,105,193,277,352,519,667,808,3392,407,15,422,491,98,18.6,.,,,,12,0,1.00,0.0000,0.1670,0.1730,0.1730,0,1192,1235,1235,0.0000,0.1193,0.1236,0.1236,0.000,,,0,4.25,4.25,16914,3492,205,13217,100065,14575,34972,2260,47237,14100,491,15621,
FL,10,12,1991,13289497,6040216,492213,7.5,,,,267669,,,268375200,176751,452045,166006,1025357,401779,225,294,346,105,193,277,352,418,571,685,32052,407,0,407,481,2069,15.4,1,74,46,0.62,22,18,0.55,0.0000,0.1670,0.1730,0.1730,0,1192,1235,1235,0.0000,0.1193,0.1236,0.1236,0.000,,,0,4.25,4.25,241368,86859,3244,151265,1248883,207585,540589,95848,1118598,204620,12730,240819,
GA,11,13,1991,6621279,3108166,170243,5.2,,,,147760,,,121895000,54352,342439,118406,647627,243818,235,280,330,105,193,277,352,428,557,674,15224,407,0,407,481,1077,17.2,1,145,35,0.81,45,11,0.80,0.0000,0.1670,0.1730,0.1730,0,1192,1235,1235,0.0000,0.1193,0.1236,0.1236,0.000,,,0,4.25,3.25,166364,49402,2670,114292,746241,177870,328472,68019,896268,129279,14537,176314,
HI,12,15,1991,1131412,555187,16401,2.9,,,,34357,,,26432900,19678,45555,14948,83064,34520,504,632,760,172,316,452,574,798,1023,1235,1281,407,5,412,584,90,7.7,1,45,6,0.88,22,3,0.88,0.0000,0.1670,0.1730,0.1730,0,1192,1235,1235,0.0000,0.1193,0.1236,0.1236,0.000,,,0,4.25,3.85,14443,5815,178,8450,91162,14900,30509,10204,141457,11897,2144,22070,
ID,13,16,1991,1038915,476505,31576,6.2,,,,18852,,,17190900,48224,18394,6784,65224,23382,254,317,357,105,193,277,352,447,590,693,394,407,70,477,530,144,13.9,1,28,56,0.33,21,21,0.50,0.0000,0.1670,0.1730,0.1730,0,1192,1235,1235,0.0000,0.1193,0.1236,0.1236,0.000,,,0,4.25,4.25,11412,1906,154,9352,70060,24686,40817,13679,132427,6988,599,9717,
IL,14,17,1991,11535973,5513326,430963,7.3,,,,288473,,,245871900,39359,671802,221491,1096441,460331,268,367,414,105,193,277,352,461,625,732,17142,407,0,407,481,1598,13.5,0,72,46,0.61,31,28,0.53,0.0000,0.1670,0.1730,0.1730,0,1192,1235,1235,0.0000,0.1193,0.1236,0.1236,0.000,,,0,4.25,4.25,192243,32277,2433,157533,1144272,199680,442157,54363,918737,100471,3543,112894,
IN,15,18,1991,5602062,2626154,166675,6.0,,,,114637,,,101775100,22690,175844,61127,375178,131278,229,288,346,105,193,277,352,422,565,685,3753,407,0,407,481,866,15.7,1,52,48,0.52,24,26,0.48,0.0000,0.1670,0.1730,0.1730,0,1192,1235,1235,0.0000,0.1193,0.1236,0.1236,0.000,,,0,4.25,3.35,65512,10373,1190,53949,415167,117222,152404,30522,602498,30677,1881,38490,
IA,16,19,1991,2791227,1406164,68625,4.7,,,,57944,,,50144700,8176,99045,35150,179796,71597,361,426,495,105,193,277,352,536,666,789,3625,407,0,407,481,271,9.6,0,55,45,0.55,29,21,0.58,0.0000,0.1670,0.1730,0.1730,0,1192,1235,1235,0.0000,0.1193,0.1236,0.1236,0.065,,,0,4.25,4.25,34472,7304,1032,26136,261419,47741,77777,23419,362047,17116,1674,26416,
KS,17,20,1991,2495209,1223430,56519,4.4,,,,53981,,,47309600,32169,79405,26812,156207,60067,338,409,470,105,193,277,352,520,654,772,3104,407,0,407,481,317,12.3,1,63,62,0.50,18,22,0.45,0.0000,0.1670,0.1730,0.1730,0,1192,1235,1235,0.0000,0.1193,0.1236,0.1236,0.000,,,0,4.25,2.65,26199,4927,376,20896,209329,42475,78370,26212,298306,9801,921,13113,
KY,18,21,1991,3714686,1634245,128478,7.3,,,,71679,,,60843200,129435,214936,78308,496383,183386,196,228,285,105,193,277,352,389,505,637,11337,407,0,407,481,683,18.8,1,68,32,0.68,27,11,0.71,0.0000,0.1670,0.1730,0.1730,0,1192,1235,1235,0.0000,0.1193,0.1236,0.1236,0.000,,,0,4.25,4.25,121545,28327,1932,91286,525497,94181,200586,36133,504246,97828,9099,133213,
LA,19,22,1991,4240950,1768610,138846,7.3,,,,96043,,,68408300,37882,278587,92743,741972,261434,138,190,234,105,193,277,352,331,467,586,12177,407,0,407,481,795,19.0,1,84,17,0.83,34,5,0.87,0.0000,0.1670,0.1730,0.1730,0,1192,1235,1235,0.0000,0.1193,0.1236,0.1236,0.000,,,0,4.25,4.25,139956,38930,2268,98758,640562,124891,353390,49582,676823,138264,8281,164624,
ME,20,23,1991,1235439,596503,48636,7.5,,,,23379,,,22249700,9094,64249,22717,116123,50516,337,453,569,105,193,277,352,520,685,841,1029,407,10,417,488,171,14.1,0,97,54,0.64,21,14,0.60,0.0000,0.1670,0.1730,0.1730,0,1192,1235,1235,0.0000,0.1193,0.1236,0.1236,0.000,,,0,4.25,4.25,24318,6563,266,17489,150623,24471,34960,9131,103847,9119,929,13383,
MD,21,24,1991,4856176,2456823,159733,6.1,,,,115428,,,114898700,246686,205243,74140,303684,129813,317,406,489,105,193,277,352,506,652,785,8428,407,0,407,481,432,9.1,1,117,24,0.83,38,9,0.81,0.0000,0.1670,0.1730,0.1730,0,1192,1235,1235,0.0000,0.1193,0.1236,0.1236,0.500,,,0,4.25,4.25,63324,15135,790,47399,362520,57662,116173,28077,335198,37480,5805,49340,
MA,22,25,1991,5998652,2919503,275443,8.6,,,,160728,,,141351800,53109,292187,104914,396863,172135,446,539,628,105,193,277,352,596,745,882,9864,407,129,536,571,637,11.0,0,121,38,0.76,25,15,0.63,0.0000,0.1670,0.1730,0.1730,0,1192,1235,1235,0.0000,0.1193,0.1236,0.1236,0.000,,,0,4.25,3.75,127012,46735,4386,75891,651056,80704,136330,22802,418577,57340,2269,67530,
MI,23,26,1991,9395022,4172673,422991,9.2,,,,197717,,,181414200,162106,685457,227639,978378,408086,429,525,635,105,193,277,352,584,735,887,4445,407,31,438,502,1308,14.1,0,61,49,0.55,18,20,0.47,0.0000,0.1670,0.1730,0.1730,0,1192,1235,1235,0.0000,0.1193,0.1236,0.1236,0.000,,,0,4.25,3.35,151271,26020,2194,123057,1112533,166950,281498,37730,714234,37021,974,42009,
MN,24,27,1991,4427429,2302626,124980,5.1,,,,106102,,,90246200,128161,179749,60005,286061,119533,437,532,621,105,193,277,352,590,740,877,1762,407,81,488,537,564,12.9,0,80,54,0.60,46,21,0.69,0.0000,0.1670,0.1730,0.1730,0,1192,1235,1235,0.0000,0.1193,0.1236,0.1236,0.100,,,1,4.25,4.25,43776,10124,705,32947,421738,77430,116386,36510,486244,25412,1787,32583,
MS,25,28,1991,2591230,1082959,101079,8.5,,,,40862,,,36287600,21315,177390,60106,519907,186998,96,120,144,105,193,277,352,289,397,496,10283,407,0,407,481,635,23.7,1,102,19,0.84,43,9,0.83,0.0000,0.1670,0.1730,0.1730,0,1192,1235,1235,0.0000,0.1193,0.1236,0.1236,0.000,,,0,4.25,4.25,118222,39593,1635,76994,469684,108776,250824,35554,414101,117430,8904,139374,
MO,26,29,1991,5157770,2471095,173990,6.6,,,,109162,,,95964100,51273,228134,76922,490107,189701,234,292,342,105,193,277,352,427,569,682,7999,407,0,407,481,740,14.8,0,97,65,0.60,23,11,0.68,0.0000,0.1670,0.1730,0.1730,0,1192,1235,1235,0.0000,0.1193,0.1236,0.1236,0.000,,,0,4.25,4.25,90049,20426,1150,68473,503310,80519,178775,35289,541153,56525,4193,74968,
MT,27,30,1991,807837,377804,28033,6.9,,,,13875,,,13196300,131819,30420,10109,60965,22847,295,370,445,105,193,277,352,488,627,754,954,407,0,407,481,127,15.4,0,61,39,0.61,29,21,0.58,0.0000,0.1670,0.1730,0.1730,0,1192,1235,1235,0.0000,0.1193,0.1236,0.1236,0.000,,,0,4.25,4.25,10753,1797,121,8835,63615,16486,28140,7158,84124,5405,486,6948,
NE,28,31,1991,1590805,814020,22274,2.7,,,,35613,,,30304900,5238,45310,15479,99051,39240,293,364,435,105,193,277,352,486,622,747,2564,407,24,431,497,157,9.5,1,,,,,,,0.0000,0.1670,0.1730,0.1730,0,1192,1235,1235,0.0000,0.1193,0.1236,0.1236,0.000,,,0,4.25,4.25,16779,3449,244,13086,133751,26044,46860,18321,192273,9107,751,11429,
NV,29,32,1991,1285046,661785,40964,5.8,,,,32786,,,27515300,563091,26611,9674,63078,27827,270,330,390,105,193,277,352,463,599,716,1410,407,36,443,506,141,11.4,1,22,20,0.52,12,9,0.57,0.0000,0.1670,0.1730,0.1730,0,1192,1235,1235,0.0000,0.1193,0.1236,0.1236,0.000,,,0,4.25,4.25,12615,4588,527,7500,59296,16350,24733,5000,74239,10455,608,15244,
NH,30,33,1991,1107055,569453,44860,7.3,,,,24763,,,23792300,91686,23393,8701,46818,20124,451,516,575,105,193,277,352,599,729,845,781,407,27,434,499,81,7.3,0,128,270,0.32,11,13,0.46,0.0000,0.1670,0.1730,0.1730,0,1192,1235,1235,0.0000,0.1193,0.1236,0.1236,0.000,,,0,4.25,4.25,7489,1382,100,6007,59684,15310,15575,5113,82411,2534,231,5395,
NJ,31,34,1991,7784269,3793819,272005,6.7,,,,221915,,,195933400,150892,336055,118430,440831,176008,322,424,488,105,193,277,352,509,664,784,15337,407,31,438,502,754,9.7,1,43,37,0.54,13,27,0.33,0.0000,0.1670,0.1730,0.1730,0,1192,1235,1235,0.0000,0.1193,0.1236,0.1236,0.000,,,0,4.25,4.25,111801,31699,1181,78921,614073,110251,188057,34160,480048,36399,2133,42998,
NM,32,35,1991,1547115,673403,51752,7.1,,,,30295,,,24937100,30102,73095,24093,188039,64212,247,310,373,105,193,277,352,440,585,704,3152,407,0,407,481,349,22.4,1,49,21,0.70,26,16,0.62,0.0000,0.1670,0.1730,0.1730,0,1192,1235,1235,0.0000,0.1193,0.1236,0.1236,0.000,,,0,4.25,3.35,33874,9604,604,23666,161995,35881,98105,18162,169977,32950,2866,40045,
NY,33,36,1991,18029532,8108261,632839,7.2,,,,497336,,,432542600,885251,1053433,371889,1715704,776868,468,577,687,105,193,277,352,611,772,924,15305,407,86,493,541,2736,15.3,1,95,55,0.63,26,35,0.43,0.0000,0.1670,0.1730,0.1730,0,1192,1235,1235,0.0000,0.1193,0.1236,0.1236,0.000,,,0,4.25,4.25,444546,126077,4041,314428,2461537,354404,771435,114806,1519242,241137,16432,287271,
NC,34,37,1991,6748135,3333518,204492,5.8,,,,146367,,,121893300,35828,272245,105394,517145,201096,236,272,297,105,193,277,352,429,549,649,17943,407,0,407,481,964,14.5,0,81,39,0.68,36,14,0.72,0.0000,0.1670,0.1730,0.1730,0,1192,1235,1235,0.0000,0.1193,0.1236,0.1236,0.000,,,0,4.25,3.35,156965,47677,2652,106636,667203,135371,273567,63865,729632,134020,13442,172904,
ND,35,38,1991,634199,301479,13735,4.4,,,,11691,,,10388100,73433,16521,5809,40629,15575,326,401,491,105,193,277,352,512,648,786,443,407,0,407,481,92,14.5,1,48,58,0.45,27,26,0.51,0.0000,0.1670,0.1730,0.1730,0,1192,1235,1235,0.0000,0.1193,0.1236,0.1236,0.000,,,0,4.25,4.25,7941,2207,95,5639,52539,16701,22016,7287,91176,3441,317,5676,
OH,36,39,1991,10933683,5080289,351623,6.5,,,,233975,,,207676900,1646336,678810,238540,1171305,498566,274,334,413,105,193,277,352,467,601,732,25447,407,0,407,481,1488,13.4,0,61,38,0.62,12,21,0.36,0.0000,0.1670,0.1730,0.1730,0,1192,1235,1235,0.0000,0.1193,0.1236,0.1236,0.000,,,0,4.25,4.25,169089,23201,2564,143324,1299285,204143,324556,50037,915151,100590,3687,113968,
OK,37,40,1991,3166471,1412364,94993,6.3,,,,59632,,,52677500,151124,123892,42797,297832,117101,264,341,423,105,193,277,352,457,606,739,4557,407,64,471,525,541,17.0,1,69,32,0.68,37,11,0.77,0.0000,0.1670,0.1730,0.1730,0,1192,1235,1235,0.0000,0.1193,0.1236,0.1236,0.000,,,0,4.25,4.25,62382,18718,964,42700,304659,56519,145447,36390,357105,63728,8210,87466,
OR,38,41,1991,2918745,1420124,96752,6.4,,,,59441,,,54674300,109798,105664,37698,240405,102768,380,444,541,105,193,277,352,550,678,821,4176,407,2,409,482,401,13.5,1,28,32,0.47,20,10,0.67,0.0000,0.1670,0.1730,0.1730,0,1192,1235,1235,0.0000,0.1193,0.1236,0.1236,0.000,,,0,4.25,4.25,34390,6575,598,27217,263303,49823,84981,18236,234971,19233,1123,23425,
PA,39,42,1991,11943160,5442516,412611,7.0,,,,255163,,,242566300,223013,562830,190439,1052117,456267,330,421,514,105,193,277,352,515,662,802,19088,407,32,439,503,1340,11.0,1,107,96,0.53,24,26,0.48,0.0000,0.1670,0.1730,0.1730,0,1192,1235,1235,0.0000,0.1193,0.1236,0.1236,0.000,,,0,4.25,4.25,202008,41567,2853,157588,1277428,207849,298148,59803,948484,63336,2942,76770,
RI,40,44,1991,1003990,473648,44367,8.6,,,,21738,,,20636100,9888,54389,19467,77589,33837,449,554,632,105,193,277,352,598,755,885,1622,407,64,471,525,99,10.4,1,89,11,0.89,45,5,0.90,0.0000,0.1670,0.1730,0.1730,0,1192,1235,1235,0.0000,0.1193,0.1236,0.1236,0.275,,,0,4.25,4.45,18374,5035,208,13131,163704,17160,24107,3922,52723,5237,73,5505,
SC,41,45,1991,3559470,1650987,107791,6.1,,,,68000,,,58892800,79100,125667,44446,328937,116352,167,210,252,105,193,277,352,360,487,604,8464,407,0,407,481,582,16.4,0,80,41,0.66,33,13,0.72,0.0000,0.1670,0.1730,0.1730,0,1192,1235,1235,0.0000,0.1193,0.1236,0.1236,0.000,,,0,4.25,4.25,93073,27915,1783,63375,375233,103009,196272,34021,445427,78737,6758,99161,
SD,42,46,1991,701445,337762,12251,3.5,,,,13736,,,11966600,5038,19998,7010,52175,18033,340,385,429,105,193,277,352,522,637,743,1165,407,15,422,491,96,14.0,0,24,46,0.34,17,18,0.49,0.0000,0.1670,0.1730,0.1730,0,1192,1235,1235,0.0000,0.1193,0.1236,0.1236,0.000,,,0,4.25,4.25,10783,2705,140,7938,57145,20375,32941,10143,101893,9267,640,11281,
TN,43,47,1991,4946886,2250608,163108,6.8,,,,101208,,,86008900,56520,240901,86899,607622,238650,150,195,238,105,193,277,352,343,472,590,13474,407,0,407,481,744,15.5,1,56,43,0.57,20,13,0.61,0.0000,0.1670,0.1730,0.1730,0,1192,1235,1235,0.0000,0.1193,0.1236,0.1236,0.000,,,0,4.25,4.25,147375,39899,1984,105492,697411,116296,214111,37802,574608,104254,10206,142835,
TX,44,48,1991,17339904,8160512,605728,6.9,,,,393574,,,311370400,122587,697343,239887,2160660,763565,158,184,221,105,193,277,352,351,461,573,36546,407,0,407,481,2965,17.5,1,92,56,0.62,22,8,0.73,0.0000,0.1670,0.1730,0.1730,0,1192,1235,1235,0.0000,0.1193,0.1236,0.1236,0.000,,,0,4.25,3.35,314636,121998,5327,187311,1728629,395271,1047212,140868,2014789,487331,30254,588466,
UT,45,49,1991,1771941,812206,40113,4.7,,,,33501,,,27864000,152291,48338,16584,109915,39667,323,402,470,105,193,277,352,510,649,772,1786,407,6,413,485,222,12.9,0,31,44,0.41,10,19,0.34,0.0000,0.1670,0.1730,0.1730,0,1192,1235,1235,0.0000,0.1193,0.1236,0.1236,0.000,,,0,4.25,4.25,14024,1945,298,11781,129274,39442,51323,25008,209918,5279,476,6641,
VT,46,50,1991,567141,283676,19914,6.6,,,,11733,,,10499400,2497,26518,9173,47532,20693,571,679,762,105,193,277,352,683,843,976,567,407,65,472,526,73,12.6,1,73,75,0.49,15,15,0.50,0.0000,0.1670,0.1730,0.1730,0,1192,1235,1235,0.0000,0.1193,0.1236,0.1236,0.280,,,1,4.25,4.25,10696,2477,123,8096,70699,15947,12897,3321,46669,2448,288,4288,
VA,47,51,1991,6283853,3142207,197102,5.9,,,,151093,,,135041500,68798,167083,62235,413527,171289,294,354,410,105,193,277,352,487,615,730,10343,407,0,407,481,608,9.9,1,59,39,0.60,22,18,0.55,0.0000,0.1670,0.1730,0.1730,0,1192,1235,1235,0.0000,0.1193,0.1236,0.1236,0.000,,,0,4.25,3.65,101363,29215,1569,70579,442073,93036,168397,38054,562536,72671,7544,103388,
WA,48,53,1991,5013443,2384323,161657,6.3,,,,125895,,,106188900,1136018,249306,88389,384985,157687,428,531,624,105,193,277,352,583,739,879,10569,407,28,435,500,474,9.5,1,58,40,0.59,24,25,0.49,0.0000,0.1670,0.1730,0.1730,0,1192,1235,1235,0.0000,0.1193,0.1236,0.1236,0.000,,,0,4.25,4.25,67374,11762,847,54765,506279,63880,137837,30239,376268,47475,2880,57843,
WV,49,54,1991,1798212,694101,82637,10.6,,,,29092,,,27308200,341418,113622,38141,280713,104541,201,249,312,105,193,277,352,394,526,661,4254,407,0,407,481,327,17.9,1,74,26,0.74,33,1,0.97,0.0000,0.1670,0.1730,0.1730,0,1192,1235,1235,0.0000,0.1193,0.1236,0.1236,0.000,,,0,4.25,4.25,50207,8836,690,40681,283708,38641,86902,15334,194346,52484,5681,79486,
WI,50,55,1991,4952675,2476926,143638,5.5,,,,104774,,,94002400,14688,240326,80326,294339,100457,440,517,617,105,193,277,352,592,730,875,10146,407,103,510,553,492,9.9,0,58,41,0.59,19,14,0.58,0.0000,0.1670,0.1730,0.1730,0,1192,1235,1235,0.0000,0.1193,0.1236,0.1236,0.050,0.250,0.750,1,4.25,3.80,90875,21468,1184,68223,415942,76651,128880,30236,464353,18699,910,22031,
WY,51,56,1991,457739,223326,12344,5.2,,,,12977,,,8642400,64417,17072,5968,30761,11348,320,360,390,105,193,277,352,508,620,716,447,407,20,427,495,47,9.9,1,22,42,0.34,10,20,0.33,0.0000,0.1670,0.1730,0.1730,0,1192,1235,1235,0.0000,0.1193,0.1236,0.1236,0.000,,,0,4.25,1.60,3895,724,54,3117,36804,9272,14546,4976,57793,2339,267,3134,
AL,1,1,1992,4139269,1816526,148990,7.6,,,,81260,,,73039800,54758,141941,50631,549704,207873,123,149,168,111,203,292,370,326,441,538,9877,422,0,422,501,729,17.3,0,83,22,0.79,28,7,0.80,0.0000,0.1760,0.1840,0.1840,0,1324,1384,1384,0.0000,0.1257,0.1314,0.1314,0.000,,,0,4.25,4.25,146898,44636,1666,100596,466918,118321,258706,39150,550411,97973,6480,119081,
AK,2,2,1992,587073,261624,25592,8.9,,,,22753,,,14270700,11422,31919,10808,37713,12334,821,924,1027,142,261,374,475,1000,1185,1358,865,422,362,784,855,58,10.2,0,23,17,0.58,10,10,0.50,0.0000,0.1760,0.1840,0.1840,0,1324,1384,1384,0.0000,0.1257,0.1314,0.1314,0.000,,,0,4.25,4.75,5444,1160,109,4175,57540,11738,17967,4377,42265,3843,461,5366,
AZ,3,4,1992,3867333,1732327,141279,7.5,,,,82682,,,71692100,212009,180501,63598,457099,166259,266,334,402,111,203,292,370,469,621,746,10695,422,0,422,501,607,15.8,0,27,33,0.45,17,13,0.57,0.0000,0.1760,0.1840,0.1840,0,1324,1384,1384,0.0000,0.1257,0.1314,0.1314,0.000,,,0,4.25,4.25,57271,12595,782,43894,402212,78902,186473,26728,350459,77848,4681,91226,
AR,4,5,1992,2394098,1072508,82019,7.1,,,,45018,,,39714400,22856,75112,26769,276766,101816,162,204,247,111,203,292,370,365,496,617,5490,422,0,422,501,430,17.5,1,91,9,0.91,31,4,0.89,0.0000,0.1760,0.1840,0.1840,0,1324,1384,1384,0.0000,0.1257,0.1314,0.1314,0.000,,,0,4.25,4.25,85840,24892,1199,59749,320875,78291,138458,22124,303000,75365,6059,98597,
CA,5,6,1992,30875920,13880944,1424054,9.3,,,,807358,,,702449100,1681413,2306509,806086,2557925,957948,535,663,788,111,203,292,370,672,851,1016,205473,422,223,645,657,5197,16.4,0,47,32,0.59,25,13,0.66,0.0000,0.1760,0.1840,0.1840,0,1324,1384,1384,0.0000,0.1257,0.1314,0.1314,0.000,,,0,4.25,4.25,956835,334386,22426,600023,4485743,537496,1433437,141181,2206237,506909,15986,552976,
CO,6,8,1992,3459995,1734715,110530,6.0,,,,87302,,,75599100,313873,122379,42081,259693,101916,280,356,432,111,203,292,370,483,636,767,4191,422,56,478,540,376,10.8,1,27,38,0.42,12,23,0.34,0.0000,0.1760,0.1840,0.1840,0,1324,1384,1384,0.0000,0.1257,0.1314,0.1314,0.000,,,0,4.25,3.00,46606,9196,507,36903,258690,52029,107867,25266,290103,25097,1705,31898,
CT,7,9,1992,3274997,1689684,138023,7.6,,,,105759,,,94269300,106024,156989,55500,202265,85504,549,680,792,111,203,292,370,682,863,1019,5912,422,325,747,729,321,9.8,0,89,62,0.59,20,16,0.56,0.0000,0.1760,0.1840,0.1840,0,1324,1384,1384,0.0000,0.1257,0.1314,0.1314,0.000,,,0,4.25,4.27,37214,7348,515,29351,316278,61607,78939,14180,215805,23732,1623,31040,
DE,8,10,1992,690158,347253,19909,5.4,,,,22907,,,15854300,12089,26450,10661,50621,18748,270,338,407,111,203,292,370,473,623,750,2199,422,0,422,501,55,7.8,0,17,24,0.41,15,6,0.71,0.0000,0.1760,0.1840,0.1840,0,1324,1384,1384,0.0000,0.1257,0.1314,0.1314,0.000,,,0,4.25,4.25,8960,1704,120,7136,60696,14305,20296,3083,58626,8294,428,10276,
DC,9,11,1992,584183,289953,27273,8.6,,,,43187,,,17369300,18901,59997,22566,82268,37558,321,409,499,111,203,292,370,523,673,814,3724,422,15,437,512,120,20.3,.,,,,12,0,1.00,0.0000,0.1760,0.1840,0.1840,0,1324,1384,1384,0.0000,0.1257,0.1314,0.1314,0.000,,,0,4.25,4.25,18021,3489,209,14323,108514,16480,37556,2197,47857,14667,447,15819,
FL,10,12,1992,13504775,6108967,548145,8.2,,,,284673,,,284266000,214993,601172,221205,1403908,553621,241,303,364,111,203,292,370,444,595,720,41078,422,0,422,501,2139,15.6,1,74,46,0.62,22,18,0.55,0.0000,0.1760,0.1840,0.1840,0,1324,1384,1384,0.0000,0.1257,0.1314,0.1314,0.000,,,0,4.25,4.25,266801,90302,3220,173279,1537926,240659,616732,88529,1144830,252495,13372,291832,
GA,11,13,1992,6759474,3164618,235077,6.9,,,,160062,,,131979000,57623,388022,135972,754114,288901,235,280,330,111,203,292,370,438,572,696,21777,422,0,422,501,1177,17.7,1,145,35,0.81,45,11,0.80,0.0000,0.1760,0.1840,0.1840,0,1324,1384,1384,0.0000,0.1257,0.1314,0.1314,0.000,,,0,4.25,3.25,177041,48514,2664,125863,863670,190107,369057,60137,913958,151982,13516,200348,
HI,12,15,1992,1149926,558936,25317,4.3,,,,36129,,,28434500,20336,50424,16530,94265,39216,531,666,802,181,333,477,606,839,1078,1302,1228,422,5,427,608,133,11.2,1,45,6,0.88,22,3,0.88,0.0000,0.1760,0.1840,0.1840,0,1324,1384,1384,0.0000,0.1257,0.1314,0.1314,0.000,,,0,4.25,4.75,15614,6293,169,9152,99666,18256,31952,9989,143049,12615,2231,24094,
ID,13,16,1992,1066490,497372,33754,6.4,,,,20632,,,18904800,58530,19708,7335,71871,25960,254,315,357,111,203,292,370,457,607,715,942,422,70,492,550,166,15.2,1,28,56,0.33,21,21,0.50,0.0000,0.1760,0.1840,0.1840,0,1324,1384,1384,0.0000,0.1257,0.1314,0.1314,0.000,,,0,4.25,4.25,13355,1991,145,11219,86924,28424,43984,14380,134711,9778,851,13233,
IL,14,17,1992,11635197,5552539,475377,7.9,,,,306236,,,265737000,44734,687572,228625,1156380,488383,268,367,414,111,203,292,370,471,644,755,23468,422,0,422,501,1857,15.6,0,72,46,0.61,31,28,0.53,0.0000,0.1760,0.1840,0.1840,0,1324,1384,1384,0.0000,0.1257,0.1314,0.1314,0.000,,,0,4.25,4.25,219508,33688,2506,183314,1313140,204254,470586,54693,933540,112109,3923,126134,
IN,15,18,1992,5648649,2669811,187573,6.6,,,,124714,,,110147900,22557,199264,69134,447663,159702,229,288,346,111,203,292,370,432,580,707,6298,422,0,422,501,661,11.8,1,52,48,0.52,24,26,0.48,0.0000,0.1760,0.1840,0.1840,0,1324,1384,1384,0.0000,0.1257,0.1314,0.1314,0.000,,,0,4.25,3.35,75401,10389,1192,63820,506829,130100,166605,31401,600877,33353,1863,41302,
IA,16,19,1992,2806923,1444325,67476,4.5,,,,61870,,,53791900,8045,102540,37081,192289,76482,361,426,495,111,203,292,370,551,685,811,4097,422,0,422,501,328,11.5,0,55,45,0.55,29,21,0.58,0.0000,0.1760,0.1840,0.1840,0,1324,1384,1384,0.0000,0.1257,0.1314,0.1314,0.065,,,0,4.25,4.65,37192,6965,1036,29191,278828,52543,85992,25443,382516,20273,2051,31278,
KS,17,20,1992,2526042,1250194,58642,4.5,,,,56902,,,50940200,40585,84639,28741,174518,67737,347,422,488,111,203,292,370,541,682,806,3044,422,0,422,501,279,11.1,1,63,62,0.50,18,22,0.45,0.0000,0.1760,0.1840,0.1840,0,1324,1384,1384,0.0000,0.1257,0.1314,0.1314,0.000,,,0,4.25,2.65,30113,4914,395,24804,226991,49297,84837,26704,303086,15041,1544,20015,
KY,18,21,1992,3756358,1656436,122416,6.9,,,,77531,,,65547300,144052,229444,83133,528779,197286,196,228,285,111,203,292,370,399,520,655,11764,422,0,422,501,731,19.7,1,68,32,0.68,27,11,0.71,0.0000,0.1760,0.1840,0.1840,0,1324,1384,1384,0.0000,0.1257,0.1314,0.1314,0.000,,,0,4.25,4.25,133493,27645,1913,103935,583089,100869,216165,35600,509698,106592,9425,142201,
LA,19,22,1992,4270849,1767337,154485,8.0,,,,90890,,,73264000,43290,273747,92200,779290,277991,138,190,234,111,203,292,370,341,482,604,15618,422,0,422,501,1043,24.5,1,84,17,0.83,34,5,0.87,0.0000,0.1760,0.1840,0.1840,0,1324,1384,1384,0.0000,0.1257,0.1314,0.1314,0.000,,,0,4.25,4.25,157100,37901,2301,116898,702264,130657,366543,48688,674140,180784,11046,215859,
ME,20,23,1992,1235748,597355,47134,7.3,,,,24329,,,23324800,10432,68108,23920,132509,57775,337,453,569,111,203,292,370,534,704,863,1013,422,10,432,508,167,13.5,0,97,54,0.64,21,14,0.60,0.0000,0.1760,0.1840,0.1840,0,1324,1384,1384,0.0000,0.1257,0.1314,0.1314,0.000,,,0,4.25,4.25,25757,6316,265,19176,162441,25940,40040,9128,104931,10378,1024,14908,
MD,21,24,1992,4902545,2471212,180141,6.8,,,,119535,,,120637400,276366,220837,79807,342232,146155,294,377,454,111,203,292,370,497,651,783,9073,422,0,422,501,583,11.8,1,117,24,0.83,38,9,0.81,0.0000,0.1760,0.1840,0.1840,0,1324,1384,1384,0.0000,0.1257,0.1314,0.1314,0.500,,,0,4.25,4.25,68537,15917,785,51835,377075,70405,135940,25338,343417,44053,4306,53916,
MA,22,25,1992,5993474,2912028,269002,8.5,,,,167435,,,148477600,69066,309786,111448,428764,182892,446,539,628,111,203,292,370,610,764,904,9963,422,129,551,592,600,10.3,0,121,38,0.76,25,15,0.63,0.0000,0.1760,0.1840,0.1840,0,1324,1384,1384,0.0000,0.1257,0.1314,0.1314,0.000,,,0,4.25,4.25,138361,46912,4488,86961,686235,93364,157129,20720,422370,61283,1953,70795,
MI,23,26,1992,9470323,4258246,420012,9.0,,,,212057,,,192235100,167483,674235,225609,994230,405308,371,459,563,111,203,292,370,558,708,859,12918,422,14,436,511,1271,13.6,0,61,49,0.55,18,20,0.47,0.0000,0.1760,0.1840,0.1840,0,1324,1384,1384,0.0000,0.1257,0.1314,0.1314,0.000,,,0,4.25,3.35,170599,25419,2188,142992,1129023,175339,293797,40688,720621,43017,1205,48581,
MN,24,27,1992,4471503,2342262,126132,5.1,,,,114518,,,97018500,130601,191797,63656,308880,127850,437,532,621,111,203,292,370,604,759,900,4812,422,81,503,558,561,13.0,0,80,54,0.60,46,21,0.69,0.0000,0.1760,0.1840,0.1840,0,1324,1384,1384,0.0000,0.1257,0.1314,0.1314,0.100,,,1,4.25,4.25,49349,10230,728,38391,406491,81265,125257,38932,497888,32867,2602,42210,
MS,25,28,1992,2610193,1094539,95949,8.1,,,,44012,,,39062700,21111,177325,60810,535921,196084,96,120,144,111,203,292,370,299,412,514,11177,422,0,422,501,671,24.6,0,102,19,0.84,43,9,0.83,0.0000,0.1760,0.1840,0.1840,0,1324,1384,1384,0.0000,0.1257,0.1314,0.1314,0.000,,,0,4.25,4.25,126301,37908,1583,86810,486861,109438,260150,30841,412169,126334,8078,147702,
MO,26,29,1992,5193686,2487204,163944,6.2,,,,115288,,,102138900,43004,250690,85176,549476,214344,234,292,342,111,203,292,370,437,584,704,6859,422,0,422,501,795,15.7,0,97,65,0.60,23,11,0.68,0.0000,0.1760,0.1840,0.1840,0,1324,1384,1384,0.0000,0.1257,0.1314,0.1314,0.000,,,0,4.25,4.25,98349,19657,1138,77554,554477,97320,191920,34514,547553,65333,4821,86429,
MT,27,30,1992,822436,389391,28076,6.7,,,,14937,,,14014000,127188,32154,10909,66288,25439,311,390,469,111,203,292,370,514,660,793,729,422,0,422,501,118,13.8,0,61,39,0.61,29,21,0.58,0.0000,0.1760,0.1840,0.1840,0,1324,1384,1384,0.0000,0.1257,0.1314,0.1314,0.000,,,0,4.25,4.25,11599,1812,123,9664,60186,18004,30173,7779,86530,6036,607,8021,
NE,28,31,1992,1602406,823384,24225,2.9,,,,38214,,,32208400,5863,48187,16551,107342,42683,293,364,435,111,203,292,370,496,642,769,3281,422,30,452,522,169,10.6,1,,,,,,,0.0000,0.1760,0.1840,0.1840,0,1324,1384,1384,0.0000,0.1257,0.1314,0.1314,0.000,,,0,4.25,4.25,18252,3419,255,14578,150791,29358,50317,18947,197450,9948,866,12614,
NV,29,32,1992,1330694,683228,48678,6.7,,,,36052,,,30479300,450968,32198,11867,79740,36332,309,372,435,111,203,292,370,512,647,769,2257,422,36,458,526,199,14.7,1,22,20,0.52,10,9,0.53,0.0000,0.1760,0.1840,0.1840,0,1324,1384,1384,0.0000,0.1257,0.1314,0.1314,0.000,,,0,4.25,4.25,14663,4983,539,9141,77525,16945,30425,5806,82872,12506,753,17167,
NH,30,33,1992,1112766,569430,44719,7.3,,,,26332,,,24968200,93894,28273,10500,57704,24647,451,516,575,111,203,292,370,614,748,867,1423,422,27,449,520,97,8.7,0,128,270,0.32,11,13,0.46,0.0000,0.1760,0.1840,0.1840,0,1324,1384,1384,0.0000,0.1257,0.1314,0.1314,0.000,,,0,4.25,4.25,8201,1374,103,6724,71179,18260,19556,5347,85691,4022,324,7351,
NJ,31,34,1992,7827770,3723909,339998,8.4,,,,230774,,,210510200,171516,352710,125847,494110,200764,322,424,488,111,203,292,370,523,684,806,19940,422,31,453,523,803,10.3,1,43,37,0.54,13,27,0.33,0.0000,0.1760,0.1840,0.1840,0,1324,1384,1384,0.0000,0.1257,0.1314,0.1314,0.000,,,0,4.25,5.05,124410,33585,1172,89653,697083,124835,215738,32859,493729,42144,2119,49099,
NM,32,35,1992,1580750,688598,53285,7.2,,,,32638,,,26802800,26940,87806,28764,221321,76789,258,324,389,111,203,292,370,461,614,737,3668,422,0,422,501,348,21.6,1,49,21,0.70,26,16,0.62,0.0000,0.1760,0.1840,0.1840,0,1324,1384,1384,0.0000,0.1257,0.1314,0.1314,0.000,,,0,4.25,3.35,36807,9657,610,26540,211805,42985,109032,17330,179417,38064,2791,45316,
NY,33,36,1992,18082032,7997602,753632,8.6,,,,519704,,,457271400,1189438,1116986,397172,1885054,855470,468,577,687,111,203,292,370,625,791,946,33579,422,86,508,561,2820,15.7,1,95,55,0.63,26,35,0.43,0.0000,0.1760,0.1840,0.1840,0,1324,1384,1384,0.0000,0.1257,0.1314,0.1314,0.000,,,0,4.25,4.25,491083,133596,4024,353463,2557701,373939,848249,108762,1551166,258493,16140,304744,
NC,34,37,1992,6831850,3386088,217849,6.0,,,,159337,,,132674900,37074,313479,121427,596734,235917,236,272,297,111,203,292,370,439,564,667,21031,422,0,422,501,1080,15.8,0,81,39,0.68,36,14,0.72,0.0000,0.1760,0.1840,0.1840,0,1324,1384,1384,0.0000,0.1257,0.1314,0.1314,0.000,,,0,4.25,3.80,166297,46623,2641,117033,785043,154722,299415,59627,739030,147712,12812,185828,
ND,35,38,1992,635427,300939,14985,4.7,,,,12896,,,11391700,103873,18258,6394,45864,17758,326,401,491,111,203,292,370,526,668,809,370,422,0,422,501,74,12.1,1,48,58,0.45,27,26,0.51,0.0000,0.1760,0.1840,0.1840,0,1324,1384,1384,0.0000,0.1257,0.1314,0.1314,0.000,,,0,4.25,4.25,8299,2122,96,6081,57068,18059,22183,7569,91170,3966,395,6614,
OH,36,39,1992,11007609,5097104,406156,7.4,,,,250650,,,221201400,1857695,749076,264271,1250631,529061,274,334,413,111,203,292,370,477,621,754,33714,422,0,422,501,1398,12.5,0,61,38,0.62,12,21,0.36,0.0000,0.1760,0.1840,0.1840,0,1324,1384,1384,0.0000,0.1257,0.1314,0.1314,0.000,,,0,4.25,4.25,190349,23180,2544,164625,1442289,229214,354211,51744,938789,108783,3643,122356,
OK,37,40,1992,3204174,1425792,91289,6.0,,,,62209,,,56033900,206776,134865,46837,346019,135468,264,341,423,111,203,292,370,467,626,761,5052,422,64,486,546,607,18.6,1,69,32,0.68,37,11,0.77,0.0000,0.1760,0.1840,0.1840,0,1324,1384,1384,0.0000,0.1257,0.1314,0.1314,0.000,,,0,4.25,4.25,66680,17915,998,47767,360039,73642,156028,37214,360788,70180,8998,95153,
OR,38,41,1992,2973934,1439531,115073,7.4,,,,63392,,,58477000,105201,116072,41460,264857,114214,395,460,565,111,203,292,370,574,709,860,4444,422,2,424,503,346,11.4,1,28,32,0.47,20,10,0.67,0.0000,0.1760,0.1840,0.1840,0,1324,1384,1384,0.0000,0.1257,0.1314,0.1314,0.000,,,0,4.25,4.75,38692,6834,634,31224,295320,60065,93495,19206,243231,29005,1810,35800,
PA,39,42,1992,11980819,5462170,448987,7.6,,,,269849,,,256051900,306094,593928,200699,1137393,494549,330,421,514,111,203,292,370,529,682,825,18303,422,32,454,524,1425,11.9,1,107,96,0.53,24,26,0.48,0.0000,0.1760,0.1840,0.1840,0,1324,1384,1384,0.0000,0.1257,0.1314,0.1314,0.000,,,0,4.25,4.25,219808,41599,2872,175337,1174779,225561,333513,61879,961401,76983,4208,94912,
RI,40,44,1992,1000571,479904,46751,8.9,,,,22665,,,21597100,10737,59396,21289,87392,38293,449,554,632,111,203,292,370,612,775,907,1852,422,67,489,548,119,12.4,1,89,11,0.89,45,5,0.90,0.0000,0.1760,0.1840,0.1840,0,1324,1384,1384,0.0000,0.1257,0.1314,0.1314,0.275,,,0,4.25,4.45,19714,5058,215,14441,213388,17732,27396,3521,53603,6022,77,6350,
SC,41,45,1992,3600576,1668893,120368,6.7,,,,71848,,,62693500,90123,139553,49710,368751,132572,167,210,252,111,203,292,370,370,502,622,10600,422,0,422,501,697,19.0,0,80,41,0.66,33,13,0.72,0.0000,0.1760,0.1840,0.1840,0,1324,1384,1384,0.0000,0.1257,0.1314,0.1314,0.000,,,0,4.25,4.25,98668,27285,1813,69570,431083,102961,215320,30094,449373,93474,6437,113960,
SD,42,46,1992,708698,344908,11854,3.3,,,,14886,,,12941800,5953,20368,7223,54683,19267,357,404,450,111,203,292,370,548,670,780,1454,422,15,437,512,106,15.1,0,24,46,0.34,17,18,0.49,0.0000,0.1760,0.1840,0.1840,0,1324,1384,1384,0.0000,0.1257,0.1314,0.1314,0.000,,,0,4.25,4.25,11706,2709,149,8848,64230,21411,33415,10931,103825,9545,893,12090,
TN,43,47,1992,5013999,2297364,159815,6.5,,,,111660,,,94052900,59564,266125,95179,701642,279981,142,185,226,111,203,292,370,345,477,596,12831,422,0,422,501,858,17.0,1,56,43,0.57,20,13,0.61,0.0000,0.1760,0.1840,0.1840,0,1324,1384,1384,0.0000,0.1257,0.1314,0.1314,0.000,,,0,4.25,4.25,159026,38615,2008,118403,785231,120873,230664,34341,577969,112345,9240,149790,
TX,44,48,1992,17650479,8317300,688036,7.6,,,,416401,,,336646000,134600,757948,265819,2453964,890625,158,184,221,111,203,292,370,361,476,591,48782,422,0,422,501,3282,18.3,1,92,56,0.62,22,9,0.71,0.0000,0.1760,0.1840,0.1840,0,1324,1384,1384,0.0000,0.1257,0.1314,0.1314,0.000,,,0,4.25,3.35,345186,124369,5461,215356,2024554,466280,1137793,133601,2061390,525268,29197,625239,
UT,45,49,1992,1821498,845770,43083,4.8,,,,35602,,,30125500,116374,51829,17882,123198,44379,323,402,470,111,203,292,370,524,668,794,1916,422,5,427,505,172,9.4,0,31,44,0.41,10,19,0.34,0.0000,0.1760,0.1840,0.1840,0,1324,1384,1384,0.0000,0.1257,0.1314,0.1314,0.000,,,0,4.25,4.25,16306,2052,305,13949,137264,50225,60901,27866,218690,8207,922,10573,
VT,46,50,1992,570115,288803,18768,6.1,,,,12538,,,11241700,2782,28987,10047,53530,23290,567,673,755,111,203,292,370,695,858,993,535,422,65,487,547,61,10.5,1,73,75,0.49,15,15,0.50,0.0000,0.1760,0.1840,0.1840,0,1324,1384,1384,0.0000,0.1257,0.1314,0.1314,0.280,,,1,4.25,4.25,11503,2318,128,9057,77502,15436,15337,3321,47340,3486,346,5365,
VA,47,51,1992,6383315,3186823,213476,6.3,,,,158990,,,143668600,75076,188442,70677,495464,205888,294,354,410,111,203,292,370,497,635,752,12840,422,0,422,501,592,9.5,1,59,39,0.60,22,18,0.55,0.0000,0.1760,0.1840,0.1840,0,1324,1384,1384,0.0000,0.1257,0.1314,0.1314,0.000,,,0,4.25,4.25,110086,29255,1603,79228,515064,103732,189174,36069,565358,83597,7300,114316,
WA,48,53,1992,5139011,2442480,193332,7.3,,,,134469,,,114759000,876097,273466,96407,431489,177771,428,531,624,111,203,292,370,597,759,902,13270,422,28,450,521,574,11.2,1,58,40,0.59,24,25,0.49,0.0000,0.1760,0.1840,0.1840,0,1324,1384,1384,0.0000,0.1257,0.1314,0.1314,0.000,,,0,4.25,4.25,74699,12188,892,61619,568673,73062,153657,32312,390906,57158,3521,69110,
WV,49,54,1992,1805462,690770,88112,11.3,,,,30410,,,29404400,480253,118609,40469,309606,117140,201,249,312,111,203,292,370,404,541,682,4229,422,0,422,501,401,22.3,1,74,26,0.74,33,1,0.97,0.0000,0.1760,0.1840,0.1840,0,1324,1384,1384,0.0000,0.1257,0.1314,0.1314,0.000,,,0,4.25,4.25,54745,8642,713,45390,308034,42469,86531,14730,185661,51276,5499,76017,
WI,50,55,1992,5004636,2549773,137382,5.1,,,,112972,,,101407700,17417,243857,81680,333977,123182,440,517,617,111,203,292,370,606,749,897,10080,422,92,514,566,560,10.9,0,58,41,0.59,19,14,0.58,0.0000,0.1760,0.1840,0.1840,0,1324,1384,1384,0.0000,0.1257,0.1314,0.1314,0.050,0.250,0.750,1,4.25,4.25,98186,20481,1175,76530,440136,82702,137811,30887,471080,19708,976,23406,
WY,51,56,1992,463491,225504,13355,5.6,,,,13179,,,9130700,73351,18935,6625,33434,12249,320,360,390,111,203,292,370,522,639,738,549,422,20,442,515,49,10.3,1,22,42,0.34,10,20,0.33,0.0000,0.1760,0.1840,0.1840,0,1324,1384,1384,0.0000,0.1257,0.1314,0.1314,0.000,,,0,4.25,1.60,4548,734,59,3755,42401,10716,15911,5204,58413,3131,394,4338,
AL,1,1,1993,4193114,1856754,147151,7.3,,,,84563,,,76398000,52631,139752,51559,560047,215850,137,164,194,111,203,292,370,340,456,564,13579,434,0,434,513,725,17.4,0,82,23,0.78,27,8,0.77,0.0000,0.1850,0.1950,0.1950,0,1434,1511,1511,0.0000,0.1321,0.1393,0.1393,0.000,,,0,4.25,4.25,155734,42496,1611,111627,521539,120762,262728,39431,547189,99798,6847,121959,
AK,2,2,1993,596993,272709,22723,7.7,,,,23284,,,15007300,12094,36388,12129,43115,14299,821,923,1025,143,262,376,477,1006,1192,1364,905,434,374,808,878,52,9.1,0,23,17,0.58,10,10,0.50,0.0000,0.1850,0.1950,0.1950,0,1434,1511,1511,0.0000,0.1321,0.1393,0.1393,0.000,,,0,4.25,4.75,5909,1204,109,4596,65079,11997,19766,4657,44005,4362,515,6095,
AZ,3,4,1993,3993390,1824253,124774,6.4,,,,89300,,,77041000,227798,196539,69997,488650,178461,275,347,418,111,203,292,370,478,633,761,12828,434,0,434,513,615,15.4,0,27,33,0.45,12,18,0.40,0.0000,0.1850,0.1950,0.1950,0,1434,1511,1511,0.0000,0.1321,0.1393,0.1393,0.000,,,0,4.25,4.25,63033,12985,817,49231,404030,90255,201425,27653,362058,85664,5389,100967,
AR,4,5,1993,2423743,1105538,72386,6.1,,,,47566,,,41648400,24607,72714,26565,285026,106444,162,204,247,111,203,292,370,365,496,617,6614,434,0,434,513,484,20.0,1,90,9,0.91,30,5,0.86,0.0000,0.1850,0.1950,0.1950,0,1434,1511,1511,0.0000,0.1321,0.1393,0.1393,0.000,,,0,4.25,4.25,90582,23335,1186,66061,339451,83519,143453,22642,306060,80288,6482,104863,
CA,5,6,1993,31147208,13817032,1444167,9.5,,,,826447,,,719731000,1633657,2462489,859284,2865833,1075496,504,624,743,111,203,292,370,654,827,988,223455,434,186,620,643,5803,18.2,0,47,33,0.59,22,16,0.58,0.0000,0.1850,0.1950,0.1950,0,1434,1511,1511,0.0000,0.1321,0.1393,0.1393,0.000,,,0,4.25,4.25,994213,335845,22602,635766,4833824,658466,1501559,141261,2222598,546561,18351,595651,
CO,6,8,1993,3560884,1828679,102463,5.3,,,,95659,,,81812100,346894,123244,42543,272618,107551,280,356,432,111,203,292,370,483,639,771,5146,434,56,490,552,354,9.9,1,27,38,0.42,16,19,0.46,0.0000,0.1850,0.1950,0.1950,0,1434,1511,1511,0.0000,0.1321,0.1393,0.1393,0.000,,,0,4.25,3.00,51055,9556,514,40985,280664,58967,112446,25277,294330,28033,1980,36299,
CT,7,9,1993,3272325,1676578,119138,6.6,,,,107680,,,97347600,129028,161506,57315,215387,92752,549,680,792,111,203,292,370,685,866,1023,5530,434,313,747,732,277,8.5,0,87,64,0.58,19,17,0.53,0.0000,0.1850,0.1950,0.1950,0,1434,1511,1511,0.0000,0.1321,0.1393,0.1393,0.000,,,0,4.25,4.27,40233,7597,525,32111,333685,65735,83737,14792,219614,29124,1968,37305,
DE,8,10,1993,699475,357777,19077,5.1,,,,23509,,,16466800,14099,27672,11395,57885,21439,270,338,407,111,203,292,370,473,627,753,2424,434,0,434,513,73,10.2,1,17,24,0.41,15,6,0.71,0.0000,0.1850,0.1950,0.1950,0,1434,1511,1511,0.0000,0.1321,0.1393,0.1393,0.000,,,0,4.25,4.25,9696,1684,124,7888,68934,15075,22714,3130,60784,9943,469,12251,
DC,9,11,1993,576358,288925,26931,8.5,,,,45356,,,18066700,19632,66706,24784,86536,40676,321,409,499,111,203,292,370,524,676,817,4882,434,15,449,523,158,26.4,.,,,,12,1,0.92,0.0000,0.1850,0.1950,0.1950,0,1434,1511,1511,0.0000,0.1321,0.1393,0.1393,0.000,,,0,4.25,4.25,18836,3453,204,15179,120256,16130,39360,1866,46383,14155,340,15019,
FL,10,12,1993,13713593,6274934,481600,7.1,,,,304403,,,301392600,237139,694535,254006,1499857,606197,241,303,364,111,203,292,370,444,595,723,38225,434,0,434,513,2507,17.8,1,74,46,0.62,20,20,0.50,0.0000,0.1850,0.1950,0.1950,0,1434,1511,1511,0.0000,0.1321,0.1393,0.1393,0.000,,,0,4.25,4.25,292769,93638,3260,195871,1744945,259084,662358,86747,1158968,266123,13725,305275,
GA,11,13,1993,6894092,3271285,209493,6.0,,,,171659,,,140173300,57783,398329,141279,807337,314877,235,280,330,111,203,292,370,438,572,699,22356,434,0,434,513,919,13.5,1,145,35,0.81,39,17,0.70,0.0000,0.1850,0.1950,0.1950,0,1434,1511,1511,0.0000,0.1321,0.1393,0.1393,0.000,,,0,4.25,3.25,186808,47024,2648,137136,955262,196035,394971,61360,933338,176825,15222,231471,
HI,12,15,1993,1161508,560114,26290,4.5,,,,36732,,,29476500,21533,55876,18339,102953,43758,550,693,835,182,335,480,609,860,1105,1333,1406,434,5,439,621,91,8.0,1,45,6,0.88,22,3,0.88,0.0000,0.1850,0.1950,0.1950,0,1434,1511,1511,0.0000,0.1321,0.1393,0.1393,0.000,,,0,4.25,5.25,16967,6898,159,9910,109970,22159,34661,9928,142878,13419,2091,24748,
ID,13,16,1993,1101204,520963,33143,6.0,,,,23100,,,20720800,75059,21295,7938,79275,28645,254,315,357,111,203,292,370,457,607,718,872,434,65,499,558,150,13.1,1,28,56,0.33,12,23,0.34,0.0000,0.1850,0.1950,0.1950,0,1434,1511,1511,0.0000,0.1321,0.1393,0.1393,0.000,,,0,4.25,4.25,14477,2000,142,12335,99515,30598,46820,14856,137750,12557,1170,17197,
IL,14,17,1993,11725984,5620733,451751,7.4,,,,320079,,,275362600,43331,688864,231262,1179488,493429,268,367,414,111,203,292,370,471,647,758,24145,434,0,434,513,1600,13.6,0,72,46,0.61,27,32,0.46,0.0000,0.1850,0.1950,0.1950,0,1434,1511,1511,0.0000,0.1321,0.1393,0.1393,0.000,,,0,4.25,4.25,244950,35029,2526,207395,1395566,214325,483709,54392,934700,125122,4825,142733,
IN,15,18,1993,5701965,2789531,158776,5.4,,,,132108,,,116112400,24254,210821,73013,496641,184281,229,288,346,111,203,292,370,432,580,710,7859,434,0,434,513,704,12.2,1,52,48,0.52,22,28,0.44,0.0000,0.1850,0.1950,0.1950,0,1434,1511,1511,0.0000,0.1321,0.1393,0.1393,0.000,,,0,4.25,3.35,81976,10247,1135,70594,564952,136933,174511,32043,597654,41574,2417,52151,
IA,16,19,1993,2820525,1496789,62924,4.0,,,,63386,,,54052600,8628,101079,36672,196106,78444,361,426,495,111,203,292,370,554,688,815,4001,434,0,434,513,290,10.3,0,55,45,0.55,27,23,0.54,0.0000,0.1850,0.1950,0.1950,0,1434,1511,1511,0.0000,0.1321,0.1393,0.1393,0.065,,,0,4.25,4.65,39379,6581,1015,31783,289211,57222,87373,26512,378941,22594,2479,35321,
KS,17,20,1993,2547605,1266875,66217,5.0,,,,58953,,,53311900,43198,88072,30179,188305,73482,352,429,497,111,203,292,370,548,690,816,4059,434,0,434,513,327,13.1,1,63,62,0.50,13,27,0.33,0.0000,0.1850,0.1950,0.1950,0,1434,1511,1511,0.0000,0.1321,0.1393,0.1393,0.000,,,0,4.25,2.65,32997,4904,395,27698,242896,52288,90972,27852,307958,25003,2956,34936,
KY,18,21,1993,3792288,1691208,112094,6.2,,,,81618,,,68128200,158243,224833,82799,530494,199652,196,228,285,111,203,292,370,399,520,655,12903,434,0,434,513,763,20.4,1,68,32,0.68,24,14,0.63,0.0000,0.1850,0.1950,0.1950,0,1434,1511,1511,0.0000,0.1321,0.1393,0.1393,0.000,,,0,4.25,4.25,145668,26702,1881,117085,617759,110607,220507,35932,508491,111492,9839,149159,
LA,19,22,1993,4284749,1753214,144738,7.6,,,,95866,,,76872700,48012,262703,90019,778742,282286,138,190,234,111,203,292,370,341,482,604,17449,434,0,434,513,1119,26.4,1,89,16,0.85,33,6,0.85,0.0000,0.1850,0.1950,0.1950,0,1434,1511,1511,0.0000,0.1321,0.1393,0.1393,0.000,,,0,4.25,4.25,170483,36302,2293,131888,751242,124363,377112,46490,671203,184572,10699,218326,
ME,20,23,1993,1238256,583220,45634,7.3,,,,25202,,,24094900,10887,67447,23854,138492,60997,337,453,569,111,203,292,370,537,707,866,1148,434,10,444,520,196,15.4,0,97,54,0.64,20,15,0.57,0.0000,0.1850,0.1950,0.1950,0,1434,1511,1511,0.0000,0.1321,0.1393,0.1393,0.000,,,0,4.25,4.25,27817,6366,284,21167,168812,26700,41146,9453,104736,11687,1190,16770,
MD,21,24,1993,4942504,2494151,164293,6.2,,,,125515,,,125486100,286988,221190,80199,374522,159059,280,359,432,111,203,292,370,483,641,771,10927,434,0,434,513,479,9.7,1,116,25,0.82,38,9,0.81,0.0000,0.1850,0.1950,0.1950,0,1434,1511,1511,0.0000,0.1321,0.1393,0.1393,0.500,,,0,4.25,4.25,73529,16462,810,56257,444673,80860,149041,23479,344504,47226,3527,56262,
MA,22,25,1993,6010884,2952583,221718,7.0,,,,173527,,,154367400,64188,325431,114441,442739,188822,446,539,628,111,203,292,370,613,767,908,12666,434,129,563,603,641,10.7,0,118,37,0.76,31,9,0.78,0.0000,0.1850,0.1950,0.1950,0,1434,1511,1511,0.0000,0.1321,0.1393,0.1393,0.000,,,0,4.25,4.25,148615,47117,4519,96979,764933,101836,168865,20874,431774,66163,2109,76437,
MI,23,26,1993,9529240,4400201,342262,7.2,,,,226368,,,202432500,184990,688127,229585,1022140,419037,371,459,563,111,203,292,370,561,711,862,17636,434,14,448,523,1475,15.4,0,61,49,0.55,16,22,0.42,0.0000,0.1850,0.1950,0.1950,0,1434,1511,1511,0.0000,0.1321,0.1393,0.1393,0.000,,,0,4.25,3.35,192390,25162,2178,165050,1171548,188069,314063,43114,732689,53573,1910,61667,
MN,24,27,1993,4521709,2391535,124840,5.0,,,,117947,,,99989900,130958,191466,64145,316972,131429,437,532,621,111,203,292,370,607,763,903,5167,434,81,515,570,506,11.6,0,78,56,0.58,45,22,0.67,0.0000,0.1850,0.1950,0.1950,0,1434,1511,1511,0.0000,0.1321,0.1393,0.1393,0.150,,,1,4.25,4.25,54881,10255,761,43865,425478,87160,132165,40565,506771,37667,3040,48608,
MS,25,28,1993,2635574,1134735,80398,6.6,,,,47340,,,41597000,20566,171745,60079,536897,199891,96,120,144,111,203,292,370,299,412,514,12790,434,0,434,513,639,24.7,0,98,23,0.81,39,13,0.75,0.0000,0.1850,0.1950,0.1950,0,1434,1511,1511,0.0000,0.1321,0.1393,0.1393,0.000,,,0,4.25,4.25,134318,35951,1563,96804,504498,107293,260446,30152,408734,127673,8134,149237,
MO,26,29,1993,5237757,2517067,167139,6.2,,,,118906,,,106821100,38493,261463,89906,590573,233832,234,292,342,111,203,292,370,437,584,708,10620,434,0,434,513,832,16.1,1,99,64,0.61,20,14,0.59,0.0000,0.1850,0.1950,0.1950,0,1434,1511,1511,0.0000,0.1321,0.1393,0.1393,0.000,,,0,4.25,4.25,105042,19227,1113,84702,609386,111780,200123,35128,550537,80474,6127,106446,
MT,27,30,1993,839876,397102,25544,6.0,,,,16054,,,15163400,123253,34596,11738,70320,27148,310,390,470,111,203,292,370,513,663,797,930,434,0,434,513,127,14.9,0,61,39,0.61,30,20,0.60,0.0000,0.1850,0.1950,0.1950,0,1434,1511,1511,0.0000,0.1321,0.1393,0.1393,0.000,,,0,4.25,4.25,12406,1781,129,10496,89041,18876,30954,7886,85286,7247,717,9512,
NE,28,31,1993,1612149,840575,23819,2.8,,,,39353,,,33288500,6346,48247,16746,113355,45105,293,364,435,111,203,292,370,496,645,773,3531,434,28,462,533,169,10.3,1,,,,,,,0.0000,0.1850,0.1950,0.1950,0,1434,1511,1511,0.0000,0.1321,0.1393,0.1393,0.000,,,0,4.25,4.25,19523,3379,253,15891,164663,32519,53631,19247,201577,12045,1155,15696,
NV,29,32,1993,1380197,716242,52651,6.8,,,,40039,,,32966000,394584,35223,13006,93410,42334,289,348,407,111,203,292,370,492,634,753,2125,434,36,470,538,141,9.8,1,22,19,0.54,10,11,0.48,0.0000,0.1850,0.1950,0.1950,0,1434,1511,1511,0.0000,0.1321,0.1393,0.1393,0.000,,,0,4.25,4.25,16789,5350,547,10892,88428,21502,35450,6494,87860,15207,979,20099,
NH,30,33,1993,1122191,579593,37895,6.1,,,,27362,,,25786700,75982,29483,11021,60361,25598,451,516,575,111,203,292,370,617,751,871,868,434,27,461,532,112,9.9,0,125,268,0.32,11,13,0.46,0.0000,0.1850,0.1950,0.1950,0,1434,1511,1511,0.0000,0.1321,0.1393,0.1393,0.000,,,0,4.25,4.25,8980,1389,96,7495,79332,19219,20274,6111,86880,4962,540,9098,
NJ,31,34,1993,7874891,3713835,305542,7.6,,,,240389,,,217596000,184342,349388,125930,530524,218308,322,424,488,111,203,292,370,525,687,810,18701,434,31,465,535,866,10.9,1,22,58,0.28,16,24,0.40,0.0000,0.1850,0.1950,0.1950,0,1434,1511,1511,0.0000,0.1321,0.1393,0.1393,0.000,,,0,4.25,5.05,134285,34800,1176,98309,793634,129233,228565,34682,499251,51877,2601,59994,
NM,32,35,1993,1614937,705726,52863,7.0,,,,36876,,,28827100,27372,95392,31279,243666,84740,258,324,389,111,203,292,370,461,616,740,3525,434,0,434,513,282,17.4,1,49,21,0.70,27,15,0.64,0.0000,0.1850,0.1950,0.1950,0,1434,1511,1511,0.0000,0.1321,0.1393,0.1393,0.000,,,0,4.25,4.25,39993,9823,620,29550,240690,48392,112162,17230,178866,41359,3009,49421,
NY,33,36,1993,18140894,8026518,689074,7.9,,,,537504,,,470053900,1358086,1196589,432788,2045033,942724,468,577,687,111,203,292,370,629,794,949,42586,434,86,520,573,2981,16.4,1,95,55,0.63,26,35,0.43,0.0000,0.1850,0.1950,0.1950,0,1434,1511,1511,0.0000,0.1321,0.1393,0.1393,0.000,,,0,4.25,4.25,536018,139921,3944,392153,2742494,402692,892336,107152,1583972,277321,16857,328009,
NC,34,37,1993,6947412,3446119,182243,5.0,,,,168006,,,141458300,37878,334761,130736,627025,253185,236,272,297,111,203,292,370,439,564,667,21445,434,0,434,513,966,14.4,1,81,39,0.68,39,11,0.78,0.0000,0.1850,0.1950,0.1950,0,1434,1511,1511,0.0000,0.1321,0.1393,0.1393,0.000,,,0,4.25,4.25,174526,45289,2602,126635,898416,168927,310734,60192,740585,155824,13863,196706,
ND,35,38,1993,637229,310061,13866,4.3,,,,13049,,,11547500,115216,18518,6494,48329,18802,326,401,491,111,203,292,370,529,671,812,634,434,0,434,513,70,11.2,0,48,58,0.45,25,24,0.51,0.0000,0.1850,0.1950,0.1950,0,1434,1511,1511,0.0000,0.1321,0.1393,0.1393,0.000,,,0,4.25,4.25,8600,1982,95,6523,62087,18519,22679,7484,89869,4801,511,7838,
OH,36,39,1993,11070385,5136613,364692,6.6,,,,259612,,,230366400,1917500,718701,257903,1269258,534813,279,341,421,111,203,292,370,482,629,763,35650,434,0,434,513,1461,13.0,0,61,38,0.62,13,20,0.39,0.0000,0.1850,0.1950,0.1950,0,1434,1511,1511,0.0000,0.1321,0.1393,0.1393,0.000,,,0,4.25,4.25,214038,23022,2543,188473,1490983,243682,372472,55349,950241,120172,4302,135910,
OK,37,40,1993,3228829,1442202,90985,5.9,,,,65552,,,58247000,281191,138059,48483,370287,145839,251,324,402,111,203,292,370,454,616,750,7152,434,60,494,555,662,19.9,1,68,33,0.67,37,11,0.77,0.0000,0.1850,0.1950,0.1950,0,1434,1511,1511,0.0000,0.1321,0.1393,0.1393,0.000,,,0,4.25,4.25,69954,16968,977,52009,386531,81395,165995,37196,363098,77152,9688,103773,
OR,38,41,1993,3034490,1487375,112454,7.0,,,,69409,,,62590800,114535,117697,42591,282882,123128,395,460,565,111,203,292,370,578,712,864,6051,434,2,436,514,363,11.8,1,28,32,0.47,16,14,0.53,0.0000,0.1850,0.1950,0.1950,0,1434,1511,1511,0.0000,0.1321,0.1393,0.1393,0.000,,,0,4.25,4.75,42571,7036,636,34899,325233,63756,98767,21378,246031,41475,3261,52963,
PA,39,42,1993,12022128,5491547,412752,7.0,,,,281704,,,265789400,353679,607870,205435,1186045,518420,330,421,514,111,203,292,370,532,685,828,22205,434,32,466,535,1598,13.2,1,107,94,0.53,24,26,0.48,0.0000,0.1850,0.1950,0.1950,0,1434,1511,1511,0.0000,0.1321,0.1393,0.1393,0.000,,,0,4.25,4.25,236354,42841,2811,190702,1223080,232932,350257,64495,959735,92458,5556,116378,
RI,40,44,1993,997852,481774,40470,7.7,,,,23566,,,22514800,11237,61727,22191,92284,40373,449,554,632,111,203,292,370,615,778,911,2137,434,64,498,558,108,11.2,1,89,11,0.89,39,11,0.78,0.0000,0.1850,0.1950,0.1950,0,1434,1511,1511,0.0000,0.1321,0.1393,0.1393,0.275,,,0,4.25,4.45,21309,5011,224,16074,191138,18758,30208,3530,55819,6151,85,6537,
SC,41,45,1993,3634507,1696624,133059,7.3,,,,76158,,,65908000,101708,146626,53314,394274,145524,159,200,240,111,203,292,370,362,492,610,13677,434,0,434,513,678,18.7,0,79,43,0.65,30,16,0.65,0.0000,0.1850,0.1950,0.1950,0,1434,1511,1511,0.0000,0.1321,0.1393,0.1393,0.000,,,0,4.25,4.25,103812,26262,1794,75756,470416,108769,223734,31244,449208,108612,8116,134401,
SD,42,46,1993,716258,353208,12268,3.4,,,,16105,,,13531000,6931,20104,7203,55942,19950,357,404,450,111,203,292,370,551,673,783,1450,434,15,449,523,102,14.2,0,25,45,0.36,20,15,0.57,0.0000,0.1850,0.1950,0.1950,0,1434,1511,1511,0.0000,0.1321,0.1393,0.1393,0.000,,,0,4.25,4.25,12515,2652,148,9715,69606,22608,34314,10881,105368,10689,1086,13655,
TN,43,47,1993,5085666,2380485,146402,5.8,,,,119568,,,100091800,59832,310872,107865,773727,316882,142,185,226,111,203,292,370,345,477,596,14752,434,0,434,513,998,19.6,1,57,42,0.58,19,14,0.58,0.0000,0.1850,0.1950,0.1950,0,1434,1511,1511,0.0000,0.1321,0.1393,0.1393,0.000,,,0,4.25,4.25,167590,36889,1995,128706,908943,121051,242527,34964,583419,118100,9638,157242,
TX,44,48,1993,17996764,8530187,657374,7.2,,,,443775,,,356399200,144649,781622,278657,2657148,974025,158,184,221,111,203,292,370,361,476,591,52116,434,0,434,513,3177,17.4,1,93,57,0.62,18,13,0.58,0.0000,0.1850,0.1950,0.1950,0,1434,1511,1511,0.0000,0.1321,0.1393,0.1393,0.000,,,0,4.25,3.35,370719,126703,5558,238458,2308443,541965,1194229,133854,2091313,547778,30468,651214,
UT,45,49,1993,1875993,902780,38186,4.1,,,,38631,,,32491300,120363,52613,18443,132535,47456,323,402,470,111,203,292,370,526,672,797,2132,434,5,439,516,203,10.7,0,31,44,0.41,11,18,0.38,0.0000,0.1850,0.1950,0.1950,0,1434,1511,1511,0.0000,0.1321,0.1393,0.1393,0.000,,,0,4.25,4.25,18199,2157,307,15735,148131,53580,71956,30426,247750,12587,1520,16657,
VT,46,50,1993,574004,296457,16121,5.2,,,,13027,,,11680900,3009,28547,10009,57959,25315,554,659,740,111,203,292,370,689,851,986,866,434,57,491,553,59,10.0,1,73,75,0.49,14,16,0.47,0.0000,0.1850,0.1950,0.1950,0,1434,1511,1511,0.0000,0.1321,0.1393,0.1393,0.280,,,1,4.25,4.25,12176,2243,123,9810,80564,16220,16274,3589,47916,4768,456,6966,
VA,47,51,1993,6464795,3201717,177073,5.2,,,,167688,,,150973300,76694,194326,73650,534755,224640,294,354,410,111,203,292,370,497,638,755,15464,434,0,434,513,627,9.7,1,58,41,0.59,22,18,0.55,0.0000,0.1850,0.1950,0.1950,0,1434,1511,1511,0.0000,0.1321,0.1393,0.1393,0.000,,,0,4.25,4.25,117809,29363,1603,86843,575929,119326,201224,37361,565679,91494,8259,125064,
WA,48,53,1993,5247704,2494999,197271,7.3,,,,142500,,,120676900,919092,288076,101310,462491,191385,440,546,642,111,203,292,370,609,772,918,14238,434,28,462,533,634,12.1,1,58,40,0.59,28,21,0.57,0.0000,0.1850,0.1950,0.1950,0,1434,1511,1511,0.0000,0.1321,0.1393,0.1393,0.000,,,0,4.25,4.25,81634,12558,890,68186,633364,80759,167163,34131,403080,63295,3990,76218,
WV,49,54,1993,1816179,697021,82789,10.6,,,,31881,,,30498800,546285,118995,41383,322480,124050,201,249,312,111,203,292,370,404,541,682,5970,434,0,434,513,400,22.2,1,74,26,0.74,32,2,0.94,0.0000,0.1850,0.1950,0.1950,0,1434,1511,1511,0.0000,0.1321,0.1393,0.1393,0.000,,,0,4.25,4.25,60202,8369,736,51097,347014,43360,94971,15950,198293,55881,6011,81780,
WI,50,55,1993,5055318,2623303,130994,4.8,,,,120024,,,106713900,16949,236860,79989,337317,125455,440,517,617,111,203,292,370,609,752,900,11625,434,93,527,578,636,12.6,0,58,41,0.59,16,17,0.48,0.0000,0.1850,0.1950,0.1950,0,1434,1511,1511,0.0000,0.1321,0.1393,0.1393,0.050,0.250,0.750,1,4.25,4.25,106198,20110,1201,84887,471103,93668,143282,32669,476400,21970,1175,26410,
WY,51,56,1993,469033,229895,12973,5.3,,,,13791,,,9659900,78597,18238,6509,34228,12516,320,360,390,111,203,292,370,523,642,741,721,434,10,444,520,64,13.3,1,22,42,0.34,10,20,0.33,0.0000,0.1850,0.1950,0.1950,0,1434,1511,1511,0.0000,0.1321,0.1393,0.1393,0.000,,,0,4.25,1.60,5154,710,60,4384,46262,11340,16802,5394,57732,3800,450,5236,
AL,1,1,1994,4232965,1900856,125836,6.2,,,,90098,,,80848400,49874,132067,50340,544905,212995,137,164,194,112,206,295,375,343,459,569,16140,446,0,446,533,704,16.4,1,82,23,0.78,27,8,0.77,0.0765,0.2360,0.3000,0.3000,306,2038,2528,2528,0.0765,0.1598,0.1768,0.1768,0.000,,,0,4.25,4.25,161666,40396,1537,119733,543537,121561,265892,40816,550872,106925,7735,132332,
AK,2,2,1994,600624,279471,22900,7.6,,,,23605,,,15513100,11203,37998,12759,45871,15357,821,923,1025,147,271,388,492,1033,1222,1397,836,446,374,820,909,61,10.2,0,23,17,0.58,10,10,0.50,0.0765,0.2360,0.3000,0.3000,306,2038,2528,2528,0.0765,0.1598,0.1768,0.1768,0.000,,,0,4.25,4.75,6389,1205,108,5076,68854,15318,20958,4920,45853,4654,552,6454,
AZ,3,4,1994,4147561,1974779,129346,6.1,,,,100374,,,84343700,255464,200809,71984,511739,187437,275,347,418,112,206,295,375,481,642,776,15145,446,0,446,533,673,15.9,0,27,33,0.45,12,18,0.40,0.0765,0.2360,0.3000,0.3000,306,2038,2528,2528,0.0765,0.1598,0.1768,0.1768,0.000,,,0,4.25,4.25,68559,13363,877,54319,509663,111030,211715,29733,376491,92780,6277,110620,
AR,4,5,1994,2450605,1153107,65319,5.4,,,,51416,,,44288600,26613,69333,26014,282521,107864,162,204,247,112,206,295,375,368,499,622,6866,446,0,446,533,369,15.3,1,90,9,0.91,30,5,0.86,0.0765,0.2360,0.3000,0.3000,306,2038,2528,2528,0.0765,0.1598,0.1768,0.1768,0.000,,,0,4.25,4.25,93834,22276,1192,70366,339920,87661,146892,23470,311157,81729,6758,106645,
CA,5,6,1994,31317179,13944739,1311788,8.6,,,,861360,,,742429100,1445767,2639214,908999,3154602,1179193,490,607,723,112,206,295,375,658,829,990,201288,446,157,603,643,5658,17.9,0,47,33,0.59,22,16,0.58,0.0765,0.2360,0.3000,0.3000,306,2038,2528,2528,0.0765,0.1598,0.1768,0.1768,0.000,,,0,4.25,4.25,1014147,332217,22403,659527,5007635,837704,1575596,149660,2286092,597470,23369,654969,
CO,6,8,1994,3653910,1952999,86525,4.2,,,,104507,,,87983800,352264,118986,41614,268256,106880,280,356,432,112,206,295,375,486,651,786,6367,446,56,502,572,335,9.0,1,27,38,0.42,16,19,0.46,0.0765,0.2360,0.3000,0.3000,306,2038,2528,2528,0.0765,0.1598,0.1768,0.1768,0.000,,,0,4.25,3.00,54589,9633,535,44421,289423,68095,112407,25612,294856,31139,2462,41520,
CT,7,9,1994,3268346,1657825,98471,5.6,,,,113115,,,100108300,130985,165928,59201,222618,96900,549,680,792,112,206,295,375,699,880,1038,6530,446,301,747,744,344,10.8,0,87,64,0.58,19,17,0.53,0.0765,0.2360,0.3000,0.3000,306,2038,2528,2528,0.0765,0.1598,0.1768,0.1768,0.000,,,0,4.25,4.27,42707,7696,515,34496,354473,65460,90645,14532,226008,32550,2050,41452,
DE,8,10,1994,708416,366324,18503,4.8,,,,25638,,,17165300,12625,27488,11460,59242,21942,270,338,407,112,206,295,375,476,633,769,2783,446,0,446,533,57,8.3,1,17,24,0.41,15,6,0.71,0.0765,0.2360,0.3000,0.3000,306,2038,2528,2528,0.0765,0.1598,0.1768,0.1768,0.000,,,0,4.25,4.25,10271,1659,121,8491,74800,15819,24552,3538,63526,11394,629,14267,
DC,9,11,1994,564982,285776,24756,8.0,,,,46655,,,18484600,26601,73953,27117,90697,41408,330,420,513,112,206,295,375,536,698,843,4476,446,15,461,543,129,21.2,.,,,,12,1,0.92,0.0765,0.2360,0.3000,0.3000,306,2038,2528,2528,0.0765,0.1598,0.1768,0.1768,0.000,,,0,4.25,5.25,19852,3421,192,16239,127208,17350,41135,1669,47060,15306,320,16091,
FL,10,12,1994,13961798,6499945,447567,6.4,,,,327167,,,317674900,269087,669419,247087,1474426,606939,241,303,364,112,206,295,375,447,598,738,47852,446,0,446,533,2128,14.9,1,74,46,0.62,20,20,0.50,0.0765,0.2360,0.3000,0.3000,306,2038,2528,2528,0.0765,0.1598,0.1768,0.1768,0.000,,,0,4.25,4.25,320038,99622,3281,217135,1727034,290417,688940,91122,1177293,281521,15054,323627,
GA,11,13,1994,7045900,3406072,187891,5.2,,,,187996,,,150942000,58145,393499,141451,830360,329114,235,280,330,112,206,295,375,441,575,705,26595,446,0,446,533,1012,14.0,1,145,35,0.81,39,17,0.70,0.0765,0.2360,0.3000,0.3000,306,2038,2528,2528,0.0765,0.1598,0.1768,0.1768,0.000,,,0,4.25,3.25,194087,45696,2609,145782,1084929,212588,419205,61834,959443,197582,16507,258599,
HI,12,15,1994,1173903,552917,32298,5.5,,,,37395,,,30163700,21256,62016,20420,114576,49730,565,712,859,187,343,492,625,893,1145,1381,1806,446,5,451,638,97,8.7,1,45,6,0.88,22,3,0.88,0.0765,0.2360,0.3000,0.3000,306,2038,2528,2528,0.0765,0.1598,0.1768,0.1768,0.000,,,0,4.25,5.25,18043,7387,153,10503,120793,24787,39235,11968,139375,15193,2479,26757,
ID,13,16,1994,1135459,555338,31796,5.4,,,,25455,,,22179400,85003,23170,8676,81504,29760,251,317,382,112,206,295,375,457,612,751,1446,446,45,491,564,137,12.0,1,28,56,0.33,12,23,0.34,0.0765,0.2360,0.3000,0.3000,306,2038,2528,2528,0.0765,0.1598,0.1768,0.1768,0.000,,,0,4.25,4.25,15728,2022,150,13556,110043,31796,48122,15377,141951,14828,1447,21549,
IL,14,17,1994,11804986,5755545,353103,5.8,,,,347971,,,290054700,42385,712295,240319,1188760,499445,268,367,414,112,206,295,375,474,661,773,32117,446,0,446,533,1464,12.4,0,72,46,0.61,27,32,0.46,0.0765,0.2360,0.3000,0.3000,306,2038,2528,2528,0.0765,0.1598,0.1768,0.1768,0.000,,,0,4.25,4.25,260284,35466,2507,222311,1441034,225860,495372,54701,940211,132076,5400,151191,
IN,15,18,1994,5745626,2915071,149257,4.9,,,,143335,,,123384200,25891,216038,73803,517939,194061,229,288,346,112,206,295,375,435,583,721,10408,446,0,446,533,816,13.7,1,52,48,0.52,22,28,0.44,0.0765,0.2360,0.3000,0.3000,306,2038,2528,2528,0.0765,0.1598,0.1768,0.1768,0.000,,,0,4.25,3.35,85773,9860,1106,74807,604770,135220,175240,32878,596606,51743,3609,67726,
IA,16,19,1994,2829422,1523726,55535,3.5,,,,70161,,,58946200,9125,110268,39555,195706,78650,361,426,495,112,206,295,375,567,702,830,5287,446,0,446,533,302,10.7,0,55,45,0.55,27,23,0.54,0.0765,0.2360,0.3000,0.3000,306,2038,2528,2528,0.0765,0.1598,0.1768,0.1768,0.065,,,0,4.25,4.65,40787,6271,992,33524,302535,58729,89644,27050,381532,24638,2879,39674,
KS,17,20,1994,2569118,1282791,66060,4.9,,,,63304,,,55736300,51705,86686,30102,191749,75996,352,429,497,112,206,295,375,558,704,832,4146,446,0,446,533,375,14.9,1,63,62,0.50,13,27,0.33,0.0765,0.2360,0.3000,0.3000,306,2038,2528,2528,0.0765,0.1598,0.1768,0.1768,0.000,,,0,4.25,2.65,35550,4810,402,30338,251742,57048,93099,28978,307877,40347,5895,60861,
KY,18,21,1994,3823215,1727832,98404,5.4,,,,87646,,,71608300,171059,208033,79840,522339,195987,196,228,285,112,206,295,375,402,523,660,14751,446,0,446,533,710,18.5,1,68,32,0.68,24,14,0.63,0.0765,0.2360,0.3000,0.3000,306,2038,2528,2528,0.0765,0.1598,0.1768,0.1768,0.000,,,0,4.25,4.25,155826,25814,1822,128190,637558,114917,222449,37815,506479,115379,10917,156083,
LA,19,22,1994,4306500,1790627,152459,7.8,,,,105119,,,81905800,52292,248163,86915,756438,278020,138,190,234,112,206,295,375,344,485,609,19379,446,0,446,533,1117,25.7,1,89,16,0.85,33,6,0.85,0.0765,0.2360,0.3000,0.3000,306,2038,2528,2528,0.0765,0.1598,0.1768,0.1768,0.000,,,0,4.25,4.25,178758,34840,2272,141646,778223,119011,380707,48060,670797,190035,11796,226603,
ME,20,23,1994,1237687,578254,43430,7.0,,,,26543,,,25085700,10157,64333,22934,135784,60716,312,418,526,112,206,295,375,518,696,852,1565,446,10,456,540,113,9.4,0,97,54,0.64,20,15,0.57,0.0765,0.2360,0.3000,0.3000,306,2038,2528,2528,0.0765,0.1598,0.1768,0.1768,0.000,,,0,4.25,4.25,29566,6196,286,23084,176998,27309,41638,9454,105178,13195,1311,18912,
MD,21,24,1994,4985411,2540242,141349,5.3,,,,133311,,,131410400,266536,221793,80123,390204,164793,286,366,441,112,206,295,375,492,660,792,12064,446,0,446,533,541,10.7,1,116,25,0.82,38,9,0.81,0.0765,0.2360,0.3000,0.3000,306,2038,2528,2528,0.0765,0.1598,0.1768,0.1768,0.500,,,0,4.25,4.25,78558,16747,831,60980,415101,82640,159418,24531,360999,53593,3947,64103,
MA,22,25,1994,6031352,3007359,193475,6.0,,,,185710,,,162175200,69529,307082,111783,441794,190610,486,579,668,112,206,295,375,655,809,951,14911,446,129,575,623,585,9.7,0,118,37,0.76,31,9,0.78,0.0765,0.2360,0.3000,0.3000,306,2038,2528,2528,0.0765,0.1598,0.1768,0.1768,0.000,,,0,4.25,4.25,156642,47037,4558,105047,710490,108256,180038,22029,452134,71541,2293,83050,
MI,23,26,1994,9584481,4519538,288360,6.0,,,,251484,,,217745400,180688,665785,223950,1030671,434143,371,459,563,112,206,295,375,574,725,878,21958,446,14,460,543,1347,14.1,0,61,49,0.55,16,22,0.42,0.0765,0.2360,0.3000,0.3000,306,2038,2528,2528,0.0765,0.1598,0.1768,0.1768,0.000,,,0,4.25,3.35,206585,24760,2163,179662,1186621,204675,317626,44756,743665,67463,3109,80333,
MN,24,27,1994,4566028,2452054,104383,4.1,,,,128167,,,107155200,125183,186987,62979,317730,133205,437,532,621,112,206,295,375,621,776,918,6449,446,81,527,590,523,11.7,0,78,56,0.58,45,22,0.67,0.0765,0.2360,0.3000,0.3000,306,2038,2528,2528,0.0765,0.1598,0.1768,0.1768,0.150,,,1,4.25,4.25,59587,10379,757,48451,425563,93176,136969,42208,518137,41091,3666,54300,
MS,25,28,1994,2663450,1170396,78366,6.3,,,,51602,,,45005300,21952,158743,56785,510539,193597,96,120,144,112,206,295,375,302,415,519,14941,446,0,446,533,515,19.9,0,98,23,0.81,39,13,0.75,0.0765,0.2360,0.3000,0.3000,306,2038,2528,2528,0.0765,0.1598,0.1768,0.1768,0.000,,,0,4.25,4.25,139612,34134,1514,103964,536916,104137,257552,30995,407981,128025,8644,151032,
MO,26,29,1994,5281206,2630692,140045,5.1,,,,130567,,,113391100,40146,263452,92110,593071,239670,234,292,342,112,206,295,375,440,587,717,12215,446,0,446,533,797,15.6,1,99,64,0.61,20,14,0.59,0.0765,0.2360,0.3000,0.3000,306,2038,2528,2528,0.0765,0.1598,0.1768,0.1768,0.000,,,0,4.25,4.25,109841,18461,1084,90296,668765,118973,206337,36729,555273,90444,7265,121307,
MT,27,30,1994,854923,409630,22651,5.2,,,,17062,,,15585300,117253,34852,11908,71377,27821,318,401,484,112,206,295,375,524,684,822,826,446,0,446,533,97,11.5,0,61,39,0.61,30,20,0.60,0.0765,0.2360,0.3000,0.3000,306,2038,2528,2528,0.0765,0.1598,0.1768,0.1768,0.000,,,0,4.25,4.25,13292,1728,141,11423,96206,19376,32095,8171,86888,8869,939,11725,
NE,28,31,1994,1621551,862936,23455,2.6,,,,43504,,,35431200,5358,45277,15934,110750,44830,293,364,435,112,206,295,375,499,658,788,4069,446,28,474,552,146,8.8,1,,,,,,,0.0765,0.2360,0.3000,0.3000,306,2038,2528,2528,0.0765,0.1598,0.1768,0.1768,0.000,,,0,4.25,4.25,20501,3238,244,17019,164440,34222,55392,19391,203762,14301,1432,19109,
NV,29,32,1994,1456388,761851,50186,6.2,,,,45173,,,36485500,313671,38128,14166,96742,44497,288,348,408,112,206,295,375,494,643,769,3455,446,36,482,558,168,11.1,1,22,19,0.54,10,11,0.48,0.0765,0.2360,0.3000,0.3000,306,2038,2528,2528,0.0765,0.1598,0.1768,0.1768,0.000,,,0,4.25,4.25,18952,5773,569,12610,95411,26818,39935,7557,93185,17708,1362,22790,
NH,30,33,1994,1133054,595329,29592,4.7,,,,29190,,,27522300,58603,30345,11475,61565,26208,481,550,613,112,206,295,375,651,789,913,1506,446,27,473,552,87,7.7,0,125,268,0.32,11,13,0.46,0.0765,0.2360,0.3000,0.3000,306,2038,2528,2528,0.0765,0.1598,0.1768,0.1768,0.000,,,0,4.25,4.25,9654,1355,100,8199,85555,19264,21794,6308,88108,6189,674,11094,
NJ,31,34,1994,7918796,3782009,276723,6.8,,,,251573,,,225284500,224904,335414,122427,545315,226656,322,424,488,112,206,295,375,528,700,825,20117,446,31,477,555,730,9.2,0,22,58,0.28,16,24,0.40,0.0765,0.2360,0.3000,0.3000,306,2038,2528,2528,0.0765,0.1598,0.1768,0.1768,0.000,,,0,4.25,5.05,140375,35569,1150,103656,789692,137277,237169,35899,510902,55298,2719,64027,
NM,32,35,1994,1653329,730712,50631,6.5,,,,41685,,,30772300,24436,102248,33633,243957,86416,283,357,431,112,206,295,375,489,652,785,5321,446,0,446,533,356,21.1,1,49,21,0.70,27,15,0.64,0.0765,0.2360,0.3000,0.3000,306,2038,2528,2528,0.0765,0.1598,0.1768,0.1768,0.000,,,0,4.25,4.25,42613,9923,614,32076,268204,51073,116776,17794,184448,48411,3725,58250,
NY,33,36,1994,18156652,8075912,602579,6.9,,,,555322,,,484730600,1424845,1254739,454952,2153627,1003565,468,577,687,112,206,295,375,642,808,965,61976,446,86,532,593,3097,17.0,1,95,55,0.63,26,35,0.43,0.0765,0.2360,0.3000,0.3000,306,2038,2528,2528,0.0765,0.1598,0.1768,0.1768,0.075,,,1,4.25,4.25,563960,144069,3916,415975,2907963,429818,944136,108149,1626994,309541,19408,368677,
NC,34,37,1994,7060959,3524897,161440,4.4,,,,181288,,,150582600,40148,332594,131220,629880,259085,236,272,297,112,206,295,375,442,567,672,26134,446,0,446,533,980,14.2,1,81,39,0.68,39,11,0.78,0.0765,0.2360,0.3000,0.3000,306,2038,2528,2528,0.0765,0.1598,0.1768,0.1768,0.000,,,0,4.25,4.25,182385,44924,2521,134940,985273,174934,317356,62208,750573,162385,15408,209135,
ND,35,38,1994,639762,324314,12493,3.7,,,,14304,,,12547600,82573,16458,5877,45408,17990,333,409,501,112,206,295,375,539,690,834,527,446,0,446,533,65,10.4,0,48,58,0.45,25,24,0.51,0.0765,0.2360,0.3000,0.3000,306,2038,2528,2528,0.0765,0.1598,0.1768,0.1768,0.000,,,0,4.25,4.25,8888,1930,93,6865,62769,18323,21942,7586,88953,5371,619,9048,
OH,36,39,1994,11111451,5239265,309553,5.6,,,,281925,,,243306800,1828447,684519,250208,1245214,531497,279,341,421,112,206,295,375,485,636,778,43595,446,0,446,533,1571,14.1,0,61,38,0.62,13,20,0.39,0.0765,0.2360,0.3000,0.3000,306,2038,2528,2528,0.0765,0.1598,0.1768,0.1768,0.000,,,0,4.25,4.25,235880,22566,2521,210793,1523296,247881,384697,59279,975857,135922,5439,155581,
OK,37,40,1994,3246119,1462579,86330,5.6,,,,68251,,,60818000,360363,131208,46971,376002,150396,251,324,402,112,206,295,375,457,619,765,6410,446,60,506,575,540,16.7,1,68,33,0.67,37,11,0.77,0.0765,0.2360,0.3000,0.3000,306,2038,2528,2528,0.0765,0.1598,0.1768,0.1768,0.000,,,0,4.25,4.25,72348,16061,971,55316,390628,87292,172576,38127,366717,82122,10194,109944,
OR,38,41,1994,3087142,1557373,89473,5.4,,,,75393,,,67029800,123529,114043,42135,286342,126794,395,460,565,112,206,295,375,591,726,879,8010,446,2,448,534,373,11.8,1,28,32,0.47,16,14,0.53,0.0765,0.2360,0.3000,0.3000,306,2038,2528,2528,0.0765,0.1598,0.1768,0.1768,0.000,,,0,4.25,4.75,45404,7118,636,37650,411311,74683,101816,22132,246127,43888,3804,56425,
PA,39,42,1994,12042545,5523612,369506,6.3,,,,296602,,,275144900,379245,619642,210155,1208314,529797,330,421,514,112,206,295,375,536,698,843,24665,446,32,478,555,1496,12.5,1,107,94,0.53,24,26,0.48,0.0765,0.2360,0.3000,0.3000,306,2038,2528,2528,0.0765,0.1598,0.1768,0.1768,0.000,,,0,4.25,4.25,252177,43455,2774,205948,1255358,260052,364342,66015,974961,101787,6597,129690,
RI,40,44,1994,993412,478567,35458,6.9,,,,24354,,,23091000,10274,62843,22654,93784,40456,449,554,632,112,206,295,375,629,791,926,2400,446,64,510,578,99,10.3,1,89,11,0.89,39,11,0.78,0.0765,0.2360,0.3000,0.3000,306,2038,2528,2528,0.0765,0.1598,0.1768,0.1768,0.275,,,0,4.25,4.45,22823,5022,226,17575,114850,20204,31502,3526,57581,6544,105,6986,
SC,41,45,1994,3666456,1728300,114854,6.2,,,,82062,,,69909200,105208,139694,51925,385410,145535,159,200,240,112,206,295,375,365,495,615,15341,446,0,446,533,501,13.8,0,79,43,0.65,30,16,0.65,0.0765,0.2360,0.3000,0.3000,306,2038,2528,2528,0.0765,0.1598,0.1768,0.1768,0.000,,,0,4.25,4.25,108476,25259,1761,81456,486110,118346,229199,32303,451003,120672,9382,151279,
SD,42,46,1994,723038,365796,12345,3.3,,,,17330,,,14587900,7566,19105,6926,53283,19417,368,417,464,112,206,295,375,572,696,808,1507,446,15,461,543,107,14.5,0,25,45,0.36,20,15,0.57,0.0765,0.2360,0.3000,0.3000,306,2038,2528,2528,0.0765,0.1598,0.1768,0.1768,0.000,,,0,4.25,4.25,13195,2578,140,10477,72151,22816,34917,10976,106459,11295,1061,14547,
TN,43,47,1994,5163016,2531129,128809,4.8,,,,129895,,,106496600,63763,299686,110766,734566,307117,142,185,226,112,206,295,375,348,480,601,19466,446,0,446,533,779,14.6,1,57,42,0.58,19,14,0.58,0.0765,0.2360,0.3000,0.3000,306,2038,2528,2528,0.0765,0.1598,0.1768,0.1768,0.000,,,0,4.25,4.25,174539,34793,1948,137798,938711,130378,250829,36874,593875,121433,10763,164345,
TX,44,48,1994,18338319,8793183,609858,6.5,,,,475990,,,376613600,132915,787504,283744,2725788,1001558,158,184,221,112,206,295,375,364,479,596,53510,446,0,446,533,3603,19.1,1,93,57,0.62,18,13,0.58,0.0765,0.2360,0.3000,0.3000,306,2038,2528,2528,0.0765,0.1598,0.1768,0.1768,0.000,,,0,4.25,3.35,390346,127750,5624,256972,2513959,602937,1240611,142718,2138169,569938,33996,680359,
UT,45,49,1994,1930436,953282,37509,3.8,,,,42591,,,35156800,117713,49882,17801,127710,46340,332,414,484,112,206,295,375,538,693,822,2684,446,1,447,534,154,8.0,0,31,44,0.41,11,18,0.38,0.0765,0.2360,0.3000,0.3000,306,2038,2528,2528,0.0765,0.1598,0.1768,0.1768,0.000,,,0,4.25,4.25,19807,2207,309,17291,157099,55336,71692,31531,246263,16109,2265,21860,
VT,46,50,1994,578900,301185,14430,4.6,,,,13689,,,12247100,4585,27815,9883,64557,28547,536,638,717,112,206,295,375,690,850,986,748,446,55,501,571,45,7.6,1,73,75,0.49,14,16,0.47,0.0765,0.2360,0.3000,0.3000,306,2038,2528,2528,0.0765,0.1598,0.1768,0.1768,0.250,,,1,4.25,4.25,12681,2177,129,10375,94150,16065,16890,3877,48614,6032,687,9100,
VA,47,51,1994,6536771,3262236,166665,4.9,,,,177057,,,158882800,73749,194603,74818,547120,232172,294,354,410,112,206,295,375,500,649,771,16249,446,0,446,533,710,10.7,0,58,41,0.59,22,18,0.55,0.0765,0.2360,0.3000,0.3000,306,2038,2528,2528,0.0765,0.1598,0.1768,0.1768,0.000,,,0,4.25,4.25,124855,28895,1622,94338,642947,125204,216052,39564,589671,99894,8870,136649,
WA,48,53,1994,5334896,2559932,179540,6.6,,,,150805,,,126855400,944827,291534,102952,467617,196417,440,546,642,112,206,295,375,623,786,933,15120,446,28,474,552,614,11.7,1,58,40,0.59,28,21,0.57,0.0765,0.2360,0.3000,0.3000,306,2038,2528,2528,0.0765,0.1598,0.1768,0.1768,0.000,,,0,4.25,4.90,87892,12903,926,74063,668363,97291,176801,36722,418300,69570,4677,84315,
WV,49,54,1994,1818490,713372,69135,8.8,,,,34592,,,31820500,393052,114314,40729,321380,126025,201,249,312,112,206,295,375,407,544,687,5420,446,0,446,533,336,18.6,1,74,26,0.74,32,2,0.94,0.0765,0.2360,0.3000,0.3000,306,2038,2528,2528,0.0765,0.1598,0.1768,0.1768,0.000,,,0,4.25,4.25,64362,8152,727,55483,366638,51195,94133,16153,195129,54907,6142,80709,
WI,50,55,1994,5095504,2701755,127767,4.5,,,,129437,,,113394400,18827,226197,77207,329807,121809,440,517,617,112,206,295,375,623,766,916,13712,446,85,531,592,453,9.0,0,58,41,0.59,16,17,0.48,0.0765,0.2360,0.3000,0.3000,306,2038,2528,2528,0.0765,0.1598,0.1768,0.1768,0.040,0.160,0.500,1,4.25,4.25,109683,19188,1214,89281,473740,105651,146882,33635,486447,24590,1495,30321,
WY,51,56,1994,474982,238226,12442,5.0,,,,14070,,,10102500,74611,16354,5740,34035,12723,320,360,390,112,206,295,375,526,655,757,662,446,10,456,540,45,9.3,1,22,42,0.34,10,20,0.33,0.0765,0.2360,0.3000,0.3000,306,2038,2528,2528,0.0765,0.1598,0.1768,0.1768,0.000,,,0,4.25,1.60,5512,711,53,4748,50544,12156,17115,5540,57482,4630,576,6393,
AL,1,1,1995,4262731,1943878,123566,6.0,,,,95819,,,85473600,52080,117734,46030,524522,208916,137,164,194,115,212,304,386,349,468,580,16463,458,0,458,545,882,20.1,0,73,32,0.70,23,12,0.66,0.0765,0.3400,0.3600,0.3600,314,2094,3110,3110,0.0765,0.1598,0.2022,0.2022,0.000,,,0,4.25,4.25,165093,38052,1465,125576,539251,121979,265322,41797,551060,111592,8557,139136,
AK,2,2,1995,601345,281889,22271,7.3,,,,25449,,,15955800,11086,36856,12426,45448,15326,821,923,1025,147,271,388,492,1035,1223,1399,806,458,362,820,910,45,7.1,1,17,22,0.44,8,12,0.40,0.0765,0.3400,0.3600,0.3600,314,2094,3110,3110,0.0765,0.1598,0.2022,0.2022,0.000,,,0,4.25,4.75,6879,1217,116,5546,68117,19235,20595,4457,44230,4928,505,6822,
AZ,3,4,1995,4306908,2109900,119231,5.3,,,,109906,,,91989400,232649,190199,69609,480195,177974,275,347,418,115,212,304,386,487,651,788,18778,458,0,458,545,700,16.1,0,22,38,0.37,11,19,0.37,0.0765,0.3400,0.3600,0.3600,314,2094,3110,3110,0.0765,0.1598,0.2022,0.2022,0.000,,,0,4.25,4.25,72961,13505,891,58565,493693,122179,226725,31640,400471,97543,6756,117217,
AR,4,5,1995,2480121,1178835,59903,4.8,,,,54612,,,47164700,28221,63278,24296,272174,106525,162,204,247,115,212,304,386,374,508,633,6762,458,0,458,545,376,14.9,1,87,12,0.88,28,7,0.80,0.0765,0.3400,0.3600,0.3600,314,2094,3110,3110,0.0765,0.1598,0.2022,0.2022,0.000,,,0,4.25,4.25,94486,20826,1157,72503,353370,87362,148665,24446,313276,83239,7331,109896,
CA,5,6,1995,31493525,14048225,1197789,7.9,,,,911577,,,780642800,1331220,2679653,919471,3174651,1175562,490,607,723,115,212,304,386,665,838,1002,194904,458,157,615,655,5342,16.7,0,39,41,0.49,21,17,0.55,0.0765,0.3400,0.3600,0.3600,314,2094,3110,3110,0.0765,0.1598,0.2022,0.2022,0.000,,,0,4.25,4.25,1031872,332090,21979,677803,5016645,1003611,1629319,159369,2344065,646677,29171,715418,
CO,6,8,1995,3738061,2039647,85341,4.0,,,,112708,,,95648800,350728,108871,38557,251880,102936,280,356,432,115,212,304,386,492,660,798,6106,458,56,514,584,335,8.8,1,24,41,0.37,16,19,0.46,0.0765,0.3400,0.3600,0.3600,314,2094,3110,3110,0.0765,0.1598,0.2022,0.2022,0.000,,,0,4.25,3.00,56672,9608,552,46512,293723,70617,116358,26819,303242,32506,2889,43915,
CT,7,9,1995,3265293,1639060,95004,5.5,,,,123212,,,105642500,128985,170568,60985,226061,99750,443,543,639,115,212,304,386,632,794,943,7215,458,,458,545,318,9.7,0,91,60,0.60,19,17,0.53,0.0765,0.3400,0.3600,0.3600,314,2094,3110,3110,0.0765,0.1598,0.2022,0.2022,0.000,,,0,4.25,4.27,44661,7668,501,36492,380327,63625,92429,15136,230268,35752,2360,44975,
DE,8,10,1995,718265,369200,16638,4.3,,,,27721,,,18172000,12698,24920,10775,57090,21144,270,338,407,115,212,304,386,482,642,780,2694,458,0,458,545,74,10.3,1,14,27,0.34,13,8,0.62,0.0765,0.3400,0.3600,0.3600,314,2094,3110,3110,0.0765,0.1598,0.2022,0.2022,0.000,,,0,4.25,4.25,10996,1573,120,9303,78555,15444,25731,3868,65792,11382,640,14369,
DC,9,11,1995,551273,273768,26317,8.8,,,,47094,,,18621100,18269,72881,26789,93993,42863,330,420,513,115,212,304,386,542,708,855,4316,458,5,463,549,122,22.2,.,,,,11,0,1.00,0.0765,0.3400,0.3600,0.3600,314,2094,3110,3110,0.0765,0.1598,0.2022,0.2022,0.000,,,0,4.25,5.25,20238,3246,187,16805,138444,17368,44346,1558,49750,16706,306,17493,
FL,10,12,1995,14185403,6656533,389618,5.5,,,,346951,,,341583500,308213,621950,229391,1395296,587967,241,303,364,115,212,304,386,453,607,750,45850,458,0,458,545,2321,16.2,1,63,57,0.53,18,22,0.45,0.0765,0.3400,0.3600,0.3600,314,2094,3110,3110,0.0765,0.1598,0.2022,0.2022,0.000,,,0,4.25,4.25,338246,99038,3255,235953,1735141,317095,709286,95653,1195264,292492,16695,338540,
GA,11,13,1995,7188538,3504765,178161,4.8,,,,203397,,,162948300,59046,382634,139135,815920,328668,235,280,330,115,212,304,386,447,584,716,30776,458,0,458,545,878,12.1,1,114,66,0.63,35,20,0.64,0.0765,0.3400,0.3600,0.3600,314,2094,3110,3110,0.0765,0.1598,0.2022,0.2022,0.000,,,0,4.25,3.25,198933,43666,2549,152718,1147443,217207,437414,64526,979033,219390,19492,291907,
HI,12,15,1995,1180490,552009,34472,5.9,,,,37763,,,30864000,19223,65606,21674,124575,55260,565,712,859,193,354,508,645,905,1162,1402,2306,458,5,463,656,122,10.3,1,44,7,0.86,23,2,0.92,0.0765,0.3400,0.3600,0.3600,314,2094,3110,3110,0.0765,0.1598,0.2022,0.2022,0.000,,,0,4.25,5.25,18731,7552,159,11020,51674,25410,41968,11895,138346,18913,3211,34437,
ID,13,16,1995,1165000,568218,32486,5.4,,,,27762,,,23842700,80596,23910,9071,80255,30066,251,317,382,115,212,304,386,463,621,763,1545,458,37,495,571,167,14.5,0,13,57,0.19,8,27,0.23,0.0765,0.3400,0.3600,0.3600,314,2094,3110,3110,0.0765,0.1598,0.2022,0.2022,0.000,,,0,4.25,4.25,16605,1968,151,14486,115014,31120,48787,15710,139303,15980,1687,22249,
IL,14,17,1995,11884935,5855655,318682,5.2,,,,364451,,,307809300,44593,696157,236205,1151035,487586,278,377,414,115,212,304,386,490,677,785,34118,458,0,458,545,1459,12.4,0,54,64,0.46,26,33,0.44,0.0765,0.3400,0.3600,0.3600,314,2094,3110,3110,0.0765,0.1598,0.2022,0.2022,0.000,,,0,4.25,4.25,266563,35769,2461,228333,1551949,244661,513153,55634,964985,142448,5718,163846,
IN,15,18,1995,5791819,2991096,144076,4.6,,,,150404,,,129005600,23507,188961,65618,469647,182898,229,288,346,115,212,304,386,441,592,732,11777,458,0,458,545,545,9.6,1,45,55,0.45,20,30,0.40,0.0765,0.3400,0.3600,0.3600,314,2094,3110,3110,0.0765,0.1598,0.2022,0.2022,0.000,,,0,4.25,3.35,88757,9440,1084,78233,559020,132621,174470,33826,596399,69213,5549,93935,
IA,16,19,1995,2840860,1532400,54651,3.4,,,,73137,,,61328600,8305,100541,36483,184025,75310,361,426,495,115,212,304,386,573,712,842,4979,458,0,458,545,352,12.2,0,36,64,0.36,27,23,0.54,0.0765,0.3400,0.3600,0.3600,314,2094,3110,3110,0.0765,0.1598,0.2022,0.2022,0.065,,,0,4.25,4.65,41571,5999,1002,34570,304304,65260,91102,27500,383326,27762,3473,46111,
KS,17,20,1995,2586942,1290159,59589,4.4,,,,65282,,,58129300,49662,79515,28232,184241,74830,326,403,471,115,212,304,386,538,696,825,5007,458,0,458,545,273,10.8,0,44,81,0.35,13,27,0.33,0.0765,0.3400,0.3600,0.3600,314,2094,3110,3110,0.0765,0.1598,0.2022,0.2022,0.000,,,0,4.25,2.65,37552,4678,400,32474,255702,55890,94707,29852,309565,41291,6204,61896,
KY,18,21,1995,3855248,1755029,100516,5.4,,,,91915,,,75054400,179694,189447,75384,520088,187454,225,262,325,115,212,304,386,437,566,711,17149,458,0,458,545,572,14.7,1,61,37,0.62,21,17,0.55,0.0765,0.3400,0.3600,0.3600,314,2094,3110,3110,0.0765,0.1598,0.2022,0.2022,0.000,,,0,4.25,4.25,165286,24675,1739,138872,640930,118198,223085,39678,506620,119420,12239,164001,
LA,19,22,1995,4327978,1821954,137058,7.0,,,,112876,,,85953300,50727,251161,79825,710597,266862,136,190,234,115,212,304,386,348,494,620,20815,458,0,458,545,849,19.7,1,78,27,0.74,26,13,0.67,0.0765,0.3400,0.3600,0.3600,314,2094,3110,3110,0.0765,0.1598,0.2022,0.2022,0.000,,,0,4.25,4.25,182104,33339,2182,146583,785399,133992,379537,49269,667887,190925,12686,229371,
ME,20,23,1995,1237438,599534,38000,6.0,,,,28153,,,26179300,9941,59934,21694,131955,60304,312,418,526,115,212,304,386,524,706,864,1773,458,10,468,552,138,11.2,0,75,75,0.50,16,18,0.47,0.0765,0.3400,0.3600,0.3600,314,2094,3110,3110,0.0765,0.1598,0.2022,0.2022,0.000,,,0,4.25,4.25,30841,5956,281,24604,153180,26905,41701,9784,104027,13904,1509,20262,
MD,21,24,1995,5023650,2574394,136232,5.0,,,,139070,,,137245400,277342,223258,80383,398727,169440,292,373,450,115,212,304,386,504,675,811,12397,458,0,458,545,520,10.1,1,100,41,0.71,32,15,0.68,0.0765,0.3400,0.3600,0.3600,314,2094,3110,3110,0.0765,0.1598,0.2022,0.2022,0.500,,,0,4.25,4.25,82494,16834,833,64827,414261,86349,164943,25912,367015,58486,4375,69940,
MA,22,25,1995,6062335,3044696,169956,5.3,,,,196409,,,171742000,63328,273561,100852,409870,178281,486,579,668,115,212,304,386,662,819,963,16809,458,129,587,635,665,11.0,0,121,33,0.79,30,10,0.75,0.0765,0.3400,0.3600,0.3600,314,2094,3110,3110,0.0765,0.1598,0.2022,0.2022,0.000,,,0,4.25,4.25,163528,46829,4563,112136,727506,113605,187612,23021,466911,76967,2549,89421,
MI,23,26,1995,9659871,4558922,253579,5.3,,,,256615,,,230305900,120363,597652,201696,970760,418277,371,459,563,115,212,304,386,581,735,890,24575,458,14,472,555,1174,12.2,0,54,56,0.49,16,22,0.42,0.0765,0.3400,0.3600,0.3600,314,2094,3110,3110,0.0765,0.1598,0.2022,0.2022,0.000,,,0,4.25,3.35,210265,23143,2092,185030,1168435,209272,326777,48809,762764,109925,7654,139629,
MN,24,27,1995,4605445,2506965,97326,3.7,,,,135124,,,113337500,112874,180499,61339,308206,131126,437,532,621,115,212,304,386,627,786,930,6087,458,81,539,602,427,9.2,0,69,65,0.51,43,24,0.64,0.0765,0.3400,0.3600,0.3600,314,2094,3110,3110,0.0765,0.1598,0.2022,0.2022,0.150,,,1,4.25,4.25,62126,10421,777,50928,473420,90979,138268,44178,530386,45745,5007,65248,
MS,25,28,1995,2690788,1180514,78330,6.2,,,,54984,,,47613300,21272,144148,52528,479934,185108,96,120,144,115,212,304,386,308,424,530,13109,458,0,458,545,630,23.5,0,85,34,0.71,34,18,0.65,0.0765,0.3400,0.3600,0.3600,314,2094,3110,3110,0.0765,0.1598,0.2022,0.2022,0.000,,,0,4.25,4.25,141061,32026,1461,107574,519697,102718,254589,31798,407107,133375,9878,159880,
MO,26,29,1995,5324610,2728231,135009,4.7,,,,140060,,,119590200,40947,253909,89299,575882,237498,234,292,342,115,212,304,386,446,596,728,15771,458,0,458,545,484,9.4,1,87,76,0.53,19,15,0.56,0.0765,0.3400,0.3600,0.3600,314,2094,3110,3110,0.0765,0.1598,0.2022,0.2022,0.000,,,0,4.25,4.25,113734,17465,1032,95237,695458,127005,213584,38339,569850,95736,8177,130095,
MT,27,30,1995,868522,418081,25091,5.7,,,,17519,,,16415900,111015,33781,11508,70873,28143,288,375,461,115,212,304,386,500,676,818,1160,458,0,458,545,133,15.3,0,33,67,0.33,19,31,0.38,0.0765,0.3400,0.3600,0.3600,314,2094,3110,3110,0.0765,0.1598,0.2022,0.2022,0.000,,,0,4.25,4.25,14057,1674,133,12250,98708,20889,32110,8036,85521,9655,1045,12900,
NE,28,31,1995,1635142,878414,23897,2.6,,,,45111,,,37436400,5864,42407,15293,105133,43377,293,364,435,115,212,304,386,505,668,800,4277,458,19,477,558,159,9.6,1,,,,,,,0.0765,0.3400,0.3600,0.3600,314,2094,3110,3110,0.0765,0.1598,0.2022,0.2022,0.000,,,0,4.25,4.25,21326,3084,258,17984,168383,35715,55641,19804,205897,15283,1802,21174,
NV,29,32,1995,1525777,797192,46923,5.6,,,,49249,,,40138300,260201,40893,15708,98538,45851,288,348,408,115,212,304,386,500,652,781,4962,458,36,494,570,173,11.1,1,21,21,0.50,8,13,0.38,0.0765,0.3400,0.3600,0.3600,314,2094,3110,3110,0.0765,0.1598,0.2022,0.2022,0.000,,,0,4.25,4.25,20783,6072,610,14101,105233,31053,42240,8264,95544,18827,1610,24270,
NH,30,33,1995,1145604,606153,25044,4.0,,,,31876,,,29202800,47414,27945,10800,58353,25291,481,550,613,115,212,304,386,658,799,925,1989,458,27,485,564,60,5.3,0,110,282,0.28,6,18,0.25,0.0765,0.3400,0.3600,0.3600,314,2094,3110,3110,0.0765,0.1598,0.2022,0.2022,0.000,,,0,4.25,4.25,10533,1314,106,9113,96954,19423,22200,6557,89382,7287,880,13288,
NJ,31,34,1995,7965523,3857473,264089,6.4,,,,263468,,,239164900,207481,316068,111734,540351,234256,322,424,488,115,212,304,386,534,710,837,19583,458,31,489,567,617,7.8,0,27,53,0.34,16,24,0.40,0.0765,0.3400,0.3600,0.3600,314,2094,3110,3110,0.0765,0.1598,0.2022,0.2022,0.000,,,0,4.25,5.05,144004,35450,1123,107431,789666,141962,246793,37338,522630,60201,2992,69843,
NM,32,35,1995,1682417,746645,52546,6.6,,,,42146,,,33070600,25732,103743,34444,238854,86576,304,381,458,115,212,304,386,516,680,816,5381,458,0,458,545,457,25.3,0,46,24,0.66,27,15,0.64,0.0765,0.3400,0.3600,0.3600,314,2094,3110,3110,0.0765,0.1598,0.2022,0.2022,0.000,,,0,4.25,4.25,44755,9844,644,34267,286763,53816,119862,17769,186552,53802,4073,64788,
NY,33,36,1995,18150928,8112684,548432,6.3,,,,582656,,,510818300,1520661,1255561,456929,2183102,1027321,468,577,687,115,212,304,386,649,817,976,66144,458,86,544,605,3020,16.5,0,96,54,0.64,25,36,0.41,0.0765,0.3400,0.3600,0.3600,314,2094,3110,3110,0.0765,0.1598,0.2022,0.2022,0.100,,,1,4.25,4.25,588538,145502,3784,439252,3035477,452997,982000,110549,1659921,335336,22127,403637,
NC,34,37,1995,7185403,3601621,161918,4.3,,,,193467,,,161486700,38444,313269,125503,613502,257532,236,272,297,115,212,304,386,448,576,683,29683,458,0,458,545,877,12.6,1,68,52,0.57,26,24,0.52,0.0765,0.3400,0.3600,0.3600,314,2094,3110,3110,0.0765,0.1598,0.2022,0.2022,0.000,,,0,4.25,4.25,190790,44058,2443,144289,1084337,182264,324714,64263,762725,168066,16746,219266,
ND,35,38,1995,641548,329348,10951,3.2,,,,14842,,,12570600,73759,14459,5215,41401,16817,333,431,517,115,212,304,386,545,715,857,652,458,0,458,545,76,12.0,0,23,75,0.23,20,29,0.41,0.0765,0.3400,0.3600,0.3600,314,2094,3110,3110,0.0765,0.1598,0.2022,0.2022,0.000,,,0,4.25,4.25,8970,1820,92,7058,61383,17754,21286,7441,87344,5611,758,9934,
OH,36,39,1995,11155493,5320351,268751,4.8,,,,297538,,,255101100,1726395,612019,228171,1155490,505512,279,341,421,115,212,304,386,491,645,790,47833,458,0,458,545,1285,11.5,0,41,56,0.42,13,20,0.39,0.0765,0.3400,0.3600,0.3600,314,2094,3110,3110,0.0765,0.1598,0.2022,0.2022,0.000,,,0,4.25,4.25,248195,21770,2464,223961,1532547,259121,384529,61965,986614,140727,6750,164462,
OK,37,40,1995,3265547,1484470,71266,4.6,,,,70859,,,63426700,334085,123701,44790,374893,152722,238,307,380,115,212,304,386,450,611,762,8020,458,55,513,584,548,17.1,0,65,36,0.64,35,13,0.73,0.0765,0.3400,0.3600,0.3600,314,2094,3110,3110,0.0765,0.1598,0.2022,0.2022,0.000,,,0,4.25,4.25,74281,15208,971,58102,393613,95952,177477,39093,370126,86581,10865,115834,
OR,38,41,1995,3141421,1590664,82026,4.9,,,,81554,,,72165900,289369,104007,39264,288687,131686,395,460,565,115,212,304,386,598,736,891,8977,458,2,460,547,360,11.2,1,26,34,0.43,11,19,0.37,0.0765,0.3400,0.3600,0.3600,314,2094,3110,3110,0.0765,0.1598,0.2022,0.2022,0.000,,,0,4.25,4.75,47124,7183,617,39324,451959,82212,105839,22803,250157,46179,4058,59745,
PA,39,42,1995,12044780,5562508,345982,5.9,,,,312989,,,287676400,366779,596288,204771,1173420,515927,316,403,497,115,212,304,386,528,696,843,24199,458,32,490,568,1464,12.2,0,100,102,0.50,21,27,0.44,0.0765,0.3400,0.3600,0.3600,314,2094,3110,3110,0.0765,0.1598,0.2022,0.2022,0.000,,,0,4.25,4.25,264564,42952,2719,218893,1230193,260544,374365,67835,987151,114033,7971,146746,
RI,40,44,1995,989203,479080,32338,6.3,,,,25550,,,24324300,10795,61318,22194,93434,40002,449,554,632,115,212,304,386,636,801,938,2623,458,64,522,590,102,10.6,0,84,16,0.84,40,10,0.80,0.0765,0.3400,0.3600,0.3600,314,2094,3110,3110,0.0765,0.1598,0.2022,0.2022,0.275,,,0,4.25,4.45,24245,4948,244,19053,135230,21450,30499,3585,57018,6285,132,6795,
SC,41,45,1995,3699943,1760567,96660,5.2,,,,87248,,,74092100,110560,128935,48981,363822,139813,159,200,240,115,212,304,386,371,504,626,15921,458,0,458,545,744,19.9,0,54,65,0.45,26,19,0.58,0.0765,0.3400,0.3600,0.3600,314,2094,3110,3110,0.0765,0.1598,0.2022,0.2022,0.000,,,0,4.25,4.25,111095,23851,1782,85462,495500,124252,233659,32362,453488,123347,9626,154532,
SD,42,46,1995,728251,375564,11796,3.0,,,,18054,,,14883500,7507,17116,6286,50158,18683,380,430,478,115,212,304,386,588,715,830,1479,458,15,473,556,103,14.5,0,24,46,0.34,16,19,0.46,0.0765,0.3400,0.3600,0.3600,314,2094,3110,3110,0.0765,0.1598,0.2022,0.2022,0.000,,,0,4.25,4.25,13631,2506,130,10995,74077,22397,34283,11033,105875,11607,1111,15159,
TN,43,47,1995,5241168,2591472,140712,5.2,,,,137061,,,114364900,56472,276113,104009,662014,281337,142,185,226,115,212,304,386,354,489,612,21256,458,0,458,545,846,15.5,0,59,40,0.60,16,17,0.48,0.0765,0.3400,0.3600,0.3600,314,2094,3110,3110,0.0765,0.1598,0.2022,0.2022,0.000,,,0,4.25,4.25,179676,32697,1860,145119,1466194,137280,253968,38797,599297,123726,11695,169948,
TX,44,48,1995,18679706,8997538,580097,6.1,,,,507725,,,402805300,144792,743240,273000,2563875,947731,163,188,226,115,212,304,386,375,492,612,70936,458,0,458,545,3270,17.4,0,87,63,0.58,17,14,0.55,0.0765,0.3400,0.3600,0.3600,314,2094,3110,3110,0.0765,0.1598,0.2022,0.2022,0.000,,,0,4.25,3.35,404097,126932,5652,271513,2561957,637229,1274393,151441,2176379,589444,37892,710003,
UT,45,49,1995,1976774,977294,35409,3.5,,,,46746,,,38308300,107962,45664,16648,118836,44255,342,426,498,115,212,304,386,554,712,844,2665,458,0,458,545,168,8.4,0,20,55,0.27,10,19,0.34,0.0765,0.3400,0.3600,0.3600,314,2094,3110,3110,0.0765,0.1598,0.2022,0.2022,0.000,,,0,4.25,4.25,20462,2210,292,17960,160408,53287,71687,31474,247529,17874,2614,24328,
VT,46,50,1995,582827,306140,13709,4.3,,,,13891,,,12890200,3030,27186,9638,59292,26712,553,656,738,115,212,304,386,709,873,1012,571,458,59,517,586,61,10.3,1,86,61,0.59,12,18,0.40,0.0765,0.3400,0.3600,0.3600,314,2094,3110,3110,0.0765,0.1598,0.2022,0.2022,0.250,,,1,4.25,4.50,13015,2101,131,10783,99693,16140,17293,4018,49417,6756,792,10457,
VA,47,51,1995,6601392,3295134,155955,4.5,,,,186236,,,167003300,78681,183975,72147,545829,234957,231,291,347,115,212,304,386,443,595,733,17670,458,0,458,545,648,10.2,0,52,47,0.53,20,20,0.50,0.0765,0.3400,0.3600,0.3600,314,2094,3110,3110,0.0765,0.1598,0.2022,0.2022,0.000,,,0,4.25,4.25,130310,28120,1604,100586,681313,126882,226086,41974,613710,111280,10328,153330,
WA,48,53,1995,5431024,2630220,181112,6.4,,,,155069,,,134146300,957502,286323,101949,476019,203592,440,546,642,115,212,304,386,630,796,945,15077,458,28,486,565,677,12.5,1,34,62,0.35,25,24,0.51,0.0765,0.3400,0.3600,0.3600,314,2094,3110,3110,0.0765,0.1598,0.2022,0.2022,0.000,,,0,4.25,4.90,91654,13068,931,77655,639256,112915,184103,39220,428541,74767,5649,91872,
WV,49,54,1995,1820560,722870,61697,7.9,,,,36149,,,32894700,351127,104748,38404,308505,123012,201,253,312,115,212,304,386,413,557,698,6689,458,0,458,545,300,16.7,1,69,31,0.69,26,8,0.76,0.0765,0.3400,0.3600,0.3600,314,2094,3110,3110,0.0765,0.1598,0.2022,0.2022,0.000,,,0,4.25,4.25,67791,7737,708,59346,388667,51890,100086,17265,207607,57424,7115,85000,
WI,50,55,1995,5137004,2773322,108879,3.8,,,,135311,,,119327100,17254,208660,72366,320142,118637,440,517,617,115,212,304,386,630,775,927,15314,458,84,542,604,449,8.5,0,48,51,0.48,16,17,0.48,0.0765,0.3400,0.3600,0.3600,314,2094,3110,3110,0.0765,0.1598,0.2022,0.2022,0.040,0.160,0.500,1,4.25,4.25,111585,18548,1188,91849,460016,109151,147614,34677,494872,27463,1971,34805,
WY,51,56,1995,478447,243076,12259,4.8,,,,14608,,,10585400,71550,14589,5200,33579,12734,320,360,390,115,212,304,386,532,664,769,1077,458,10,468,552,59,12.2,0,13,47,0.22,10,20,0.33,0.0765,0.3400,0.3600,0.3600,314,2094,3110,3110,0.0765,0.1598,0.2022,0.2022,0.000,,,0,4.25,1.60,5759,682,58,5019,51374,11745,17194,5680,57100,5251,690,7268,
AL,1,1,1996,4290403,1977334,109129,5.2,,,,100146,,,89350000,55536,105204,42393,509214,204197,137,164,194,119,218,313,397,355,477,591,17145,470,0,470,564,595,14.0,0,73,32,0.70,23,12,0.66,0.0765,0.3400,0.4000,0.4000,323,2152,3556,3556,0.0765,0.1598,0.2106,0.2106,0.000,,,0,4.25,4.25,166975,35595,1416,129964,546272,118163,263109,43108,547592,111211,9133,139691,
AK,2,2,1996,604918,286252,23520,7.6,,,,26737,,,16403000,10805,36192,12253,46233,15763,821,923,1025,153,280,401,510,1052,1245,1425,1120,470,362,832,933,54,8.2,1,17,22,0.44,8,12,0.40,0.0765,0.3400,0.4000,0.4000,323,2152,3556,3556,0.0765,0.1598,0.2106,0.2106,0.000,,,0,4.25,4.75,7346,1227,114,6005,69146,22410,22375,4955,47457,5704,631,7724,
AZ,3,4,1996,4432308,2157966,127239,5.6,,,,119530,,,99707600,250869,171533,63404,427481,158888,275,347,418,119,218,313,397,493,660,805,18813,470,0,470,564,980,20.5,0,22,38,0.37,11,19,0.37,0.0765,0.3400,0.4000,0.4000,323,2152,3556,3556,0.0765,0.1598,0.2106,0.2106,0.000,,,0,4.25,4.25,75763,13533,910,61320,528321,141466,231796,33141,406199,103375,7633,124979,
AR,4,5,1996,2504858,1183048,65620,5.3,,,,57976,,,50047900,28181,58166,22747,273900,108867,162,204,247,119,218,313,397,380,517,644,8181,470,0,470,564,449,17.2,1,87,12,0.88,28,7,0.80,0.0765,0.3400,0.4000,0.4000,323,2152,3556,3556,0.0765,0.1598,0.2106,0.2106,0.000,,,0,4.25,4.25,94368,19474,1118,73776,362635,90662,150281,25109,313344,85824,7757,113457,
CA,5,6,1996,31780829,14300443,1122173,7.3,,,,964186,,,829666600,1288489,2625833,895960,3143390,1169132,490,607,723,119,218,313,397,677,853,1019,198497,470,156,626,673,5472,16.9,0,39,41,0.49,21,17,0.55,0.0765,0.3400,0.4000,0.4000,323,2152,3556,3556,0.0765,0.1598,0.2106,0.2106,0.000,,,0,4.25,4.25,1044753,332007,21786,690960,5106746,1141598,1686979,176436,2414950,695687,35138,773286,
CO,6,8,1996,3812716,2063318,91414,4.2,,,,121081,,,103235800,365256,98525,35447,243692,101394,280,356,432,119,218,313,397,498,669,815,6713,470,56,526,603,412,10.6,1,24,41,0.37,16,19,0.46,0.0765,0.3400,0.4000,0.4000,323,2152,3556,3556,0.0765,0.1598,0.2106,0.2106,0.000,,,0,4.25,3.00,57501,9542,545,47414,270580,70523,117969,27749,308733,35003,3557,48085,
CT,7,9,1996,3267030,1645952,95775,5.5,,,,129111,,,110746300,174895,161733,58117,222758,99870,513,636,741,119,218,313,397,693,874,1031,6559,470,,470,564,392,11.7,0,91,60,0.60,19,17,0.53,0.0765,0.3400,0.4000,0.4000,323,2152,3556,3556,0.0765,0.1598,0.2106,0.2106,0.000,,,0,4.25,4.27,46121,7483,517,38121,328585,62520,96154,15351,235106,37567,2155,45509,
DE,8,10,1996,727090,368254,19880,5.1,,,,29156,,,19433900,12837,23367,10388,57836,21421,270,338,407,119,218,313,397,488,651,797,2681,470,0,470,564,63,8.6,1,14,27,0.34,13,8,0.62,0.0765,0.3400,0.4000,0.4000,323,2152,3556,3556,0.0765,0.1598,0.2106,0.2106,0.000,,,0,4.25,4.65,11447,1560,125,9762,81766,15854,26426,4235,66700,12001,809,15388,
DC,9,11,1996,538273,263163,24215,8.4,,,,47823,,,19387300,18109,70201,25721,92751,42351,330,420,513,119,218,313,397,548,723,872,4384,470,5,475,567,130,24.1,.,,,,11,0,1.00,0.0765,0.3400,0.4000,0.4000,323,2152,3556,3556,0.0765,0.1598,0.2106,0.2106,0.000,,,0,4.25,5.25,20270,3050,185,17035,143325,16203,45225,1287,49458,15893,243,16529,
FL,10,12,1996,14426911,6800128,369862,5.2,,,,370912,,,363906800,335934,560561,209718,1371352,590418,241,303,364,119,218,313,397,459,616,761,47765,470,0,470,564,2037,14.2,1,63,57,0.53,18,22,0.45,0.0765,0.3400,0.4000,0.4000,323,2152,3556,3556,0.0765,0.1598,0.2106,0.2106,0.000,,,0,4.25,4.25,352775,99546,3213,250016,1638049,332130,727851,103719,1225392,304146,19157,356094,
GA,11,13,1996,7332225,3632917,177219,4.7,,,,219989,,,176085700,63320,352607,130387,792502,323120,235,280,330,119,218,313,397,453,593,727,29046,470,0,470,564,1097,14.8,1,114,66,0.63,35,20,0.64,0.0765,0.3400,0.4000,0.4000,323,2152,3556,3556,0.0765,0.1598,0.2106,0.2106,0.000,,,0,4.25,3.25,200894,41686,2512,156696,1184833,223746,453281,70018,1006590,236603,22592,320217,
HI,12,15,1996,1184434,558167,37431,6.3,,,,38125,,,30894900,20429,66539,21960,130344,58539,565,712,859,198,364,522,663,922,1183,1427,2640,470,5,475,673,142,12.1,1,44,7,0.86,23,2,0.92,0.0765,0.3400,0.4000,0.4000,323,2152,3556,3556,0.0765,0.1598,0.2106,0.2106,0.000,,,0,4.25,5.25,19513,7611,165,11737,40514,27487,46023,12555,143534,20243,3293,36047,
ID,13,16,1996,1187706,584137,32654,5.3,,,,28915,,,25334900,84190,22926,9008,79855,30418,251,317,382,119,218,313,397,469,630,779,2325,470,37,507,589,140,11.9,0,13,57,0.19,8,27,0.23,0.0765,0.3400,0.4000,0.4000,323,2152,3556,3556,0.0765,0.1598,0.2106,0.2106,0.000,,,0,4.25,4.25,17417,1932,166,15319,119150,31085,49197,16164,139142,16471,1840,22801,
IL,14,17,1996,11953003,5917463,330382,5.3,,,,383504,,,327552900,47807,655396,224148,1105160,469571,278,377,414,119,218,313,397,496,690,802,38808,470,0,470,564,1429,12.1,0,54,64,0.46,26,33,0.44,0.0765,0.3400,0.4000,0.4000,323,2152,3556,3556,0.0765,0.1598,0.2106,0.2106,0.000,,,0,4.25,4.25,268422,35107,2439,230876,1454152,244133,524111,58813,975704,146546,6244,168746,
IN,15,18,1996,5834908,2983209,126460,4.1,,,,158350,,,136363500,24608,147995,52873,389537,154780,229,288,346,119,218,313,397,447,601,743,13084,470,0,470,564,428,7.5,1,45,55,0.45,20,30,0.40,0.0765,0.3400,0.4000,0.4000,323,2152,3556,3556,0.0765,0.1598,0.2106,0.2106,0.000,,,0,4.25,3.35,90656,8989,1072,80595,593625,132507,174852,36245,597625,71588,6385,97257,
IA,16,19,1996,2848473,1551711,56637,3.5,,,,78819,,,66840900,8062,89208,32785,177283,73586,361,426,495,119,218,313,397,579,727,859,6851,470,0,470,564,279,9.6,0,36,64,0.36,27,23,0.54,0.0765,0.3400,0.4000,0.4000,323,2152,3556,3556,0.0765,0.1598,0.2106,0.2106,0.065,,,0,4.25,4.65,41936,5694,935,35307,307974,66020,90451,27678,378435,30133,4015,51229,
KS,17,20,1996,2598266,1300384,57740,4.3,,,,69616,,,61934200,40633,68497,25148,171831,71806,352,429,497,119,218,313,397,570,729,860,5450,470,0,470,564,287,11.2,0,44,81,0.35,13,27,0.33,0.0765,0.3400,0.4000,0.4000,323,2152,3556,3556,0.0765,0.1598,0.2106,0.2106,0.000,,,0,4.25,2.65,38263,4437,399,33427,251171,54063,94303,30102,306876,42118,6550,63351,
KY,18,21,1996,3881051,1771621,102468,5.5,,,,96617,,,79620500,183160,174882,71827,485628,185981,225,262,328,119,218,313,397,443,575,725,19887,470,0,470,564,658,17.0,1,61,37,0.62,21,17,0.55,0.0765,0.3400,0.4000,0.4000,323,2152,3556,3556,0.0765,0.1598,0.2106,0.2106,0.000,,,0,4.25,4.25,170007,23675,1681,144651,640541,119457,225906,40812,505828,122087,12779,167998,
LA,19,22,1996,4338763,1857715,131504,6.6,,,,118807,,,89776900,53041,235551,70581,670034,256382,138,190,234,119,218,313,397,356,503,631,22542,470,0,470,564,873,20.5,0,78,27,0.74,26,13,0.67,0.0765,0.3400,0.4000,0.4000,323,2152,3556,3556,0.0765,0.1598,0.2106,0.2106,0.000,,,0,4.25,4.25,182403,31646,2113,148644,777708,139506,373101,50683,661625,188815,13462,229012,
ME,20,23,1996,1241436,622580,34157,5.2,,,,29256,,,27653100,9896,55878,20461,130872,60746,312,418,526,119,218,313,397,530,721,881,1555,470,10,480,571,135,11.2,0,75,75,0.50,16,18,0.47,0.0765,0.3400,0.4000,0.4000,323,2152,3556,3556,0.0765,0.1598,0.2106,0.2106,0.000,,,0,4.25,4.25,27830,4143,241,23446,167238,26331,42085,9973,104073,14603,1571,21632,
MD,21,24,1996,5057142,2602334,138268,5.0,,,,145023,,,143742300,285885,204105,74106,374512,164726,292,373,450,119,218,313,397,510,686,828,14581,470,0,470,564,522,10.3,1,100,41,0.71,32,15,0.68,0.0765,0.3400,0.4000,0.4000,323,2152,3556,3556,0.0765,0.1598,0.2106,0.2106,0.500,,,0,4.25,4.25,84747,16727,823,67197,398537,88020,171143,27480,372081,60093,4614,71910,
MA,22,25,1996,6085393,3097563,143803,4.4,,,,210630,,,182580400,70264,236842,88365,373599,163282,474,565,651,119,218,313,397,665,824,968,15938,470,126,596,652,622,10.1,0,121,33,0.79,30,10,0.75,0.0765,0.3400,0.4000,0.4000,323,2152,3556,3556,0.0765,0.1598,0.2106,0.2106,0.000,,,0,4.25,4.75,165563,46602,4511,114450,714639,115958,190510,24967,479598,79925,2859,92945,
MI,23,26,1996,9739184,4638837,238793,4.9,,,,270320,,,242218500,62789,527110,178002,935416,409490,371,459,563,119,218,313,397,589,750,907,22559,470,14,484,573,1068,11.2,0,54,56,0.49,16,22,0.42,0.0765,0.3400,0.4000,0.4000,323,2152,3556,3556,0.0765,0.1598,0.2106,0.2106,0.000,,,0,4.25,3.35,213546,22208,2037,189301,1171622,211789,324772,51802,758623,122301,9418,155742,
MN,24,27,1996,4647723,2547696,104831,4.0,,,,145880,,,122210800,110956,171109,58250,294825,125686,437,532,621,119,218,313,397,639,801,947,8066,470,81,551,620,458,9.8,0,69,65,0.51,40,25,0.62,0.0765,0.3400,0.4000,0.4000,323,2152,3556,3556,0.0765,0.1598,0.2106,0.2106,0.150,,,1,4.25,4.25,63823,10463,752,52608,454944,98079,138079,44236,533167,47231,5448,69281,
MS,25,28,1996,2709925,1188212,76301,6.0,,,,57460,,,50525500,22271,129052,47954,457106,178667,96,120,144,119,218,313,397,314,433,541,16455,470,0,470,564,575,20.6,0,85,34,0.71,34,18,0.65,0.0765,0.3400,0.4000,0.4000,323,2152,3556,3556,0.0765,0.1598,0.2106,0.2106,0.000,,,0,4.25,4.25,141197,29972,1413,109812,509581,102532,252395,32553,403038,136247,10396,163871,
MO,26,29,1996,5367888,2769622,139189,4.8,,,,148257,,,126668300,42331,231891,82717,553930,233326,234,292,342,119,218,313,397,452,605,739,14241,470,0,470,564,500,9.5,1,87,76,0.53,19,15,0.56,0.0765,0.3400,0.4000,0.4000,323,2152,3556,3556,0.0765,0.1598,0.2106,0.2106,0.000,,,0,4.25,4.25,116446,16450,1043,98953,636176,129245,216246,39876,573448,99029,9099,135722,
MT,27,30,1996,876656,425468,23838,5.3,,,,18119,,,17203300,90995,31192,10836,70754,28559,338,425,511,119,218,313,397,556,726,870,1184,470,0,470,564,155,17.0,0,33,67,0.33,19,31,0.38,0.0765,0.3400,0.4000,0.4000,323,2152,3556,3556,0.0765,0.1598,0.2106,0.2106,0.000,,,0,4.25,4.25,14213,1628,140,12445,101271,22155,32075,8551,85181,10189,1134,13698,
NE,28,31,1996,1647657,889438,24941,2.7,,,,49007,,,40790100,5208,39558,14569,101625,42491,293,364,435,119,218,313,397,511,677,817,4094,470,12,482,572,169,10.2,1,,,,,,,0.0765,0.3400,0.4000,0.4000,323,2152,3556,3556,0.0765,0.1598,0.2106,0.2106,0.000,,,0,4.25,4.25,21831,2943,247,18641,191155,36321,55816,20425,207839,16196,2095,22840,
NV,29,32,1996,1596476,846416,44932,5.0,,,,54419,,,44435100,234959,37561,14827,96712,45849,288,348,408,119,218,313,397,506,661,798,4877,470,36,506,589,133,8.1,1,21,21,0.50,8,13,0.38,0.0765,0.3400,0.4000,0.4000,323,2152,3556,3556,0.0765,0.1598,0.2106,0.2106,0.000,,,0,4.25,4.25,21902,6296,587,15019,108662,36304,45714,9506,99352,20372,1984,26294,
NH,30,33,1996,1160768,613822,24332,3.8,,,,34561,,,30941500,46749,24200,9538,52809,23389,481,550,613,119,218,313,397,670,814,942,1687,470,27,497,582,73,6.4,0,110,282,0.28,6,18,0.25,0.0765,0.3400,0.4000,0.4000,323,2152,3556,3556,0.0765,0.1598,0.2106,0.2106,0.000,,,0,4.25,4.25,11040,1258,115,9667,99594,19342,22085,6942,93665,7670,1069,14388,
NJ,31,34,1996,8009624,3946654,258562,6.1,,,,278191,,,253062300,203358,288486,105504,540452,232450,322,424,488,119,218,313,397,540,725,854,23223,470,31,501,585,726,9.2,0,27,53,0.34,16,24,0.40,0.0765,0.3400,0.4000,0.4000,323,2152,3556,3556,0.0765,0.1598,0.2106,0.2106,0.000,,,0,4.25,5.05,145707,35363,1098,109246,714180,139312,253153,39527,530013,61298,3140,70458,
NM,32,35,1996,1706151,754003,58616,7.2,,,,44532,,,34741300,30848,101123,33852,235060,86586,310,389,469,119,218,313,397,528,701,841,5367,470,0,470,564,472,25.5,0,46,24,0.66,27,15,0.64,0.0765,0.3400,0.4000,0.4000,323,2152,3556,3556,0.0765,0.1598,0.2106,0.2106,0.000,,,0,4.25,4.25,45740,9718,637,35385,318356,56080,121947,18421,189387,56876,4786,69656,
NY,33,36,1996,18143805,8237123,548587,6.2,,,,620153,,,537881600,1569774,1183749,431717,2098561,984205,468,577,687,119,218,313,397,661,832,993,76088,470,86,556,624,3058,16.7,0,96,54,0.64,25,36,0.41,0.0765,0.3400,0.4000,0.4000,323,2152,3556,3556,0.0765,0.1598,0.2106,0.2106,0.200,,,1,4.25,4.25,606000,145860,3653,456487,3281016,466672,995350,114318,1674508,348881,24842,424813,
NC,34,37,1996,7307658,3733519,167732,4.3,,,,203815,,,172816700,45221,277841,113127,631061,265386,236,272,297,119,218,313,397,454,585,694,33256,470,0,470,564,885,12.2,1,68,52,0.57,26,24,0.52,0.0765,0.3400,0.4000,0.4000,323,2152,3556,3556,0.0765,0.1598,0.2106,0.2106,0.000,,,0,4.25,4.25,195134,42387,2361,150386,1130024,188828,332824,68311,772677,170820,18653,225817,
ND,35,38,1996,642858,337412,10125,2.9,,,,16491,,,14065700,91738,13399,4892,39825,16437,333,431,517,119,218,313,397,551,730,874,695,470,0,470,564,69,11.0,0,23,75,0.23,20,29,0.41,0.0765,0.3400,0.4000,0.4000,323,2152,3556,3556,0.0765,0.1598,0.2106,0.2106,0.000,,,0,4.25,4.25,8899,1731,80,7088,60971,17465,21658,7236,86369,6062,809,10851,
OH,36,39,1996,11187032,5362986,282437,5.0,,,,311120,,,267147200,1718447,545918,206722,1045066,459091,279,341,421,119,218,313,397,497,654,807,48697,470,0,470,564,1424,12.7,0,41,56,0.42,13,20,0.39,0.0765,0.3400,0.4000,0.4000,323,2152,3556,3556,0.0765,0.1598,0.2106,0.2106,0.000,,,0,4.25,4.25,254184,20897,2426,230861,1478183,258107,370711,64384,967636,137017,7667,163452,
OK,37,40,1996,3289634,1516423,64532,4.1,,,,76316,,,67223000,253901,104845,38809,353790,146897,238,307,380,119,218,313,397,456,620,777,8641,470,54,524,601,556,16.6,0,65,36,0.64,35,13,0.73,0.0765,0.3400,0.4000,0.4000,323,2152,3556,3556,0.0765,0.1598,0.2106,0.2106,0.000,,,0,4.25,4.25,75160,14290,937,59933,358121,103359,178954,38217,366250,89519,10602,119113,
OR,38,41,1996,3195087,1621602,98023,5.7,,,,93306,,,77845000,478019,86940,33444,287607,134869,395,460,565,119,218,313,397,610,751,908,12870,470,2,472,565,382,11.8,1,26,34,0.43,11,19,0.37,0.0765,0.3400,0.4000,0.4000,323,2152,3556,3556,0.0765,0.1598,0.2106,0.2106,0.000,,,0,4.25,4.75,48481,7177,630,40674,450466,86170,106895,24603,253319,48493,4683,64305,
PA,39,42,1996,12038008,5653830,325751,5.4,,,,325001,,,302375600,357487,543502,190329,1123541,492579,330,421,514,119,218,313,397,548,723,872,29623,470,27,497,582,1374,11.6,0,100,102,0.50,21,27,0.44,0.0765,0.3400,0.4000,0.4000,323,2152,3556,3556,0.0765,0.1598,0.2106,0.2106,0.000,,,0,4.25,4.25,270221,41809,2664,225748,1168022,262660,383242,71250,999952,119524,8970,154779,
RI,40,44,1996,987858,488009,28087,5.4,,,,26454,,,25172100,11989,58397,21226,90873,39220,449,554,632,119,218,313,397,648,816,955,3161,470,64,534,608,104,11.0,0,84,16,0.84,40,10,0.80,0.0765,0.3400,0.4000,0.4000,323,2152,3556,3556,0.0765,0.1598,0.2106,0.2106,0.275,,,0,4.25,4.45,25283,4860,248,20175,129542,22354,30839,3687,57689,6459,147,6961,
SC,41,45,1996,3738974,1783783,109672,5.8,,,,90755,,,78791900,114468,119184,45770,358341,139883,159,200,241,119,218,313,397,377,513,638,15732,470,0,470,564,482,13.0,0,54,65,0.45,26,19,0.58,0.0765,0.3400,0.4000,0.4000,323,2152,3556,3556,0.0765,0.1598,0.2106,0.2106,0.000,,,0,4.25,4.25,112187,22442,1732,88013,503295,123669,233289,34189,452901,123083,10438,154931,
SD,42,46,1996,730699,378883,12330,3.2,,,,19419,,,16445000,7916,16282,5995,48843,18493,380,430,478,119,218,313,397,598,730,847,1628,470,15,485,574,82,11.8,0,24,46,0.34,16,19,0.46,0.0765,0.3400,0.4000,0.4000,323,2152,3556,3556,0.0765,0.1598,0.2106,0.2106,0.000,,,0,4.25,4.25,13750,2406,140,11204,76776,22435,34704,10939,106584,11416,1036,14720,
TN,43,47,1996,5313576,2623757,143245,5.2,,,,143163,,,120799000,60229,260257,99096,637773,274033,142,185,226,119,218,313,397,360,498,623,24186,470,0,470,564,878,15.9,0,59,40,0.60,16,17,0.48,0.0765,0.3400,0.4000,0.4000,323,2152,3556,3556,0.0765,0.1598,0.2106,0.2106,0.000,,,0,4.25,4.25,178885,30701,1848,146336,1408918,144174,259836,40753,606024,127252,12550,175258,
TX,44,48,1996,19006240,9165916,553712,5.7,,,,551513,,,433164900,150409,684020,254953,2371958,884777,163,188,226,119,218,313,397,381,501,623,67375,470,0,470,564,3180,16.6,0,87,63,0.58,17,14,0.55,0.0765,0.3400,0.4000,0.4000,323,2152,3556,3556,0.0765,0.1598,0.2106,0.2106,0.000,,,0,4.25,3.35,412028,125442,5630,280956,2571547,641121,1301908,165063,2224507,608039,43709,742218,
UT,45,49,1996,2022253,1003979,34988,3.4,,,,52016,,,41738900,101523,40330,14767,110011,41754,342,426,498,119,218,313,397,560,727,861,3017,470,0,470,564,153,7.7,0,20,55,0.27,10,19,0.34,0.0765,0.3400,0.4000,0.4000,323,2152,3556,3556,0.0765,0.1598,0.2106,0.2106,0.000,,,0,4.25,4.25,21013,2206,298,18509,152076,54760,70264,31243,250114,18402,2744,24910,
VT,46,50,1996,586352,310043,13913,4.3,,,,14672,,,13585600,3077,25299,9057,56459,26034,553,656,738,119,218,313,397,721,888,1029,987,470,47,517,596,74,12.6,1,86,61,0.59,12,18,0.40,0.0765,0.3400,0.4000,0.4000,323,2152,3556,3556,0.0765,0.1598,0.2106,0.2106,0.250,,,1,4.25,4.75,12890,1969,129,10792,102220,16061,17389,4316,50620,7148,964,11395,
VA,47,51,1996,6665491,3268553,152127,4.4,,,,197756,,,175342400,80350,161928,64937,537531,234757,294,354,410,119,218,313,397,512,667,800,18592,470,0,470,564,795,12.3,0,52,47,0.53,20,20,0.50,0.0765,0.3400,0.4000,0.4000,323,2152,3556,3556,0.0765,0.1598,0.2106,0.2106,0.000,,,0,4.25,4.25,133433,27396,1589,104448,623315,127041,234040,45542,626633,114912,11235,157510,
WA,48,53,1996,5509963,2710214,174654,6.1,,,,166540,,,144246200,997147,274160,98933,476391,206043,440,546,642,119,218,313,397,642,811,962,16897,470,25,495,581,666,11.9,1,34,62,0.35,25,24,0.51,0.0765,0.3400,0.4000,0.4000,323,2152,3556,3556,0.0765,0.1598,0.2106,0.2106,0.000,,,0,4.25,4.90,94795,13435,940,80420,621462,129293,191706,41721,434895,79082,6484,97923,
WV,49,54,1996,1818983,735701,59708,7.5,,,,37224,,,34208800,472957,95085,36562,299719,120789,201,253,312,119,218,313,397,419,566,709,7687,470,0,470,564,323,18.5,1,69,31,0.69,26,8,0.76,0.0765,0.3400,0.4000,0.4000,323,2152,3556,3556,0.0765,0.1598,0.2106,0.2106,0.000,,,0,4.25,4.25,69720,7307,676,61737,394963,53934,97084,18017,202855,55393,6833,81728,
WI,50,55,1996,5173828,2827094,105909,3.6,,,,143444,,,126196700,18839,170224,60058,283255,104529,440,517,617,119,218,313,397,642,790,944,15713,470,84,554,622,460,8.8,0,48,51,0.48,16,17,0.48,0.0765,0.3400,0.4000,0.4000,323,2152,3556,3556,0.0765,0.1598,0.2106,0.2106,0.040,0.140,0.430,1,4.25,4.25,94719,11897,1036,81786,434314,109692,148204,36703,509888,29679,2410,38554,
WY,51,56,1996,480085,243205,12631,4.9,,,,15752,,,11077700,72839,12839,4732,33013,12715,320,360,390,119,218,313,397,538,673,786,1118,470,10,480,571,58,11.9,0,13,47,0.22,10,20,0.33,0.0765,0.3400,0.4000,0.4000,323,2152,3556,3556,0.0765,0.1598,0.2106,0.2106,0.000,,,0,4.25,1.60,5876,669,55,5152,51231,11965,17269,5756,56569,5396,699,7390,
AL,1,1,1997,4320281,2027064,106509,5.0,,,,104717,,,93981400,53923,85552,34519,469268,185946,137,164,194,120,220,315,400,357,479,594,16268,484,0,484,574,665,15.7,0,73,32,0.70,22,13,0.63,0.0765,0.3400,0.4000,0.4000,332,2210,3656,3656,0.0765,0.1598,0.2106,0.2106,0.000,,,0,4.75,4.75,163222,33324,1348,128550,546152,118899,268813,44505,549315,117288,9926,147081,
AK,2,2,1997,608846,290845,22372,7.1,,,,25800,,,17276600,10812,35371,12023,45234,15351,821,923,1025,153,280,401,510,1054,1246,1426,,484,362,846,944,56,8.8,1,17,22,0.44,6,14,0.30,0.0765,0.3400,0.4000,0.4000,332,2210,3656,3656,0.0765,0.1598,0.2106,0.2106,0.000,,,0,4.75,5.25,7446,1225,117,6104,73050,23537,23612,5394,49505,6331,682,8448,
AZ,3,4,1997,4552207,2202911,105658,4.6,,,,132291,,,108023100,249648,147380,54744,363779,133350,275,347,418,120,220,315,400,495,662,808,18369,484,0,484,574,797,17.2,0,22,38,0.37,12,18,0.40,0.0765,0.3400,0.4000,0.4000,332,2210,3656,3656,0.0765,0.1598,0.2106,0.2106,0.000,,,0,4.75,4.75,76339,13340,911,62088,540785,145849,240644,36177,422017,106722,8421,130260,
AR,4,5,1997,2524007,1177521,65073,5.2,,,,59827,,,52508000,28177,53188,20896,265654,105435,162,204,247,120,220,315,400,382,519,647,6017,484,0,484,574,515,19.7,0,87,12,0.88,28,7,0.80,0.0765,0.3400,0.4000,0.4000,332,2210,3656,3656,0.0765,0.1598,0.2106,0.2106,0.000,,,0,4.75,4.25,90527,18086,1073,71368,370386,87310,153928,25511,311029,87800,8003,115485,
CA,5,6,1997,32217708,14784636,1005427,6.4,,,,1071327,,,882677300,1251286,2403510,815913,2814761,1045260,456,565,673,120,220,315,400,654,826,986,190989,484,156,640,683,5459,16.6,0,39,41,0.49,23,16,0.59,0.0765,0.3400,0.4000,0.4000,332,2210,3656,3656,0.0765,0.1598,0.2106,0.2106,0.000,,,0,4.75,4.75,1023102,323906,21518,677678,4854546,1224224,1734558,194438,2491456,733089,42470,823190,
CO,6,8,1997,3891293,2140797,76756,3.5,,,,136917,,,111207800,208959,79874,29888,216748,90929,280,356,432,120,220,315,400,500,671,818,6273,484,62,546,617,320,8.2,1,24,41,0.37,15,20,0.43,0.0765,0.3400,0.4000,0.4000,332,2210,3656,3656,0.0765,0.1598,0.2106,0.2106,0.000,,,0,4.75,4.75,56479,9337,566,46576,251423,75068,120280,29350,310958,35263,3920,48795,
CT,7,9,1997,3268514,1664912,87628,5.0,,,,138548,,,117991800,208145,154351,55796,209529,94161,513,636,741,120,220,315,400,694,875,1034,6625,484,243,727,744,282,8.6,0,91,60,0.60,19,17,0.53,0.0765,0.3400,0.4000,0.4000,332,2210,3656,3656,0.0765,0.1598,0.2106,0.2106,0.000,,,0,4.75,4.77,46170,7172,505,38493,201779,59368,98422,15868,241698,39377,2502,47520,
DE,8,10,1997,735024,372144,15453,4.0,,,,33400,,,20342300,11740,22177,9761,53655,19872,270,338,407,120,220,315,400,490,653,800,2585,484,0,484,574,72,9.6,1,14,27,0.34,13,8,0.62,0.0765,0.3400,0.4000,0.4000,332,2210,3656,3656,0.0765,0.1598,0.2106,0.2106,0.000,,,0,4.75,5.00,11430,1466,125,9839,83956,15581,27136,4461,67076,12465,914,16028,
DC,9,11,1997,528752,260105,22639,8.0,,,,52483,,,20290500,17635,66272,24119,90391,40406,312,398,486,120,220,315,400,532,709,855,4780,484,0,484,574,113,21.8,.,,,,11,1,0.92,0.0765,0.3400,0.4000,0.4000,332,2210,3656,3656,0.0765,0.1598,0.2106,0.2106,0.000,,,0,4.75,5.75,19834,2882,184,16768,128008,16747,47271,1274,50989,16889,226,17460,
FL,10,12,1997,14683350,7015836,352275,4.8,,,,401689,,,385402000,296125,447369,170507,1191664,513784,241,303,364,120,220,315,400,461,618,764,50556,484,0,484,574,2056,14.3,1,63,57,0.53,17,23,0.43,0.0765,0.3400,0.4000,0.4000,332,2210,3656,3656,0.0765,0.1598,0.2106,0.2106,0.000,,,0,4.75,4.75,353102,96935,3160,253007,1597461,354971,752140,113435,1267713,320460,22132,379765,
GA,11,13,1997,7486094,3779217,181275,4.6,,,,242682,,,187547900,64369,278881,105919,698323,284142,235,280,330,120,220,315,400,455,595,730,33699,484,0,484,574,1109,14.5,1,114,66,0.63,34,22,0.61,0.0765,0.3400,0.4000,0.4000,332,2210,3656,3656,0.0765,0.1598,0.2106,0.2106,0.000,,,0,4.75,3.25,199370,39661,2459,157250,1208445,230153,472324,74712,1024709,254363,24770,343649,
HI,12,15,1997,1189322,563580,37374,6.2,,,,37701,,,31907500,18998,64898,21267,126901,56680,565,712,859,198,364,522,663,923,1184,1428,2970,484,5,489,687,164,13.9,1,44,7,0.86,23,2,0.92,0.0765,0.3400,0.4000,0.4000,332,2210,3656,3656,0.0765,0.1598,0.2106,0.2106,0.000,,,0,4.75,5.25,19442,7352,164,11926, ,30807,48680,13104,144578,21807,3466,37597,
ID,13,16,1997,1210638,601135,32590,5.1,,,,29524,,,26420100,84795,16147,6465,70413,26711,251,317,382,120,220,315,400,471,632,782,1217,484,48,532,608,183,14.7,0,13,57,0.19,5,30,0.14,0.0765,0.3400,0.4000,0.4000,332,2210,3656,3656,0.0765,0.1598,0.2106,0.2106,0.000,,,0,4.75,4.25,17020,1863,174,14983,115087,31475,50156,16595,139419,16824,2050,23300,
IL,14,17,1997,12011509,5999611,301317,4.8,,,,415772,,,346339100,47823,580324,198923,1019600,433933,278,377,414,120,220,315,400,498,692,805,37371,484,0,484,574,1349,11.2,0,54,64,0.46,28,31,0.47,0.0765,0.3400,0.4000,0.4000,332,2210,3656,3656,0.0765,0.1598,0.2106,0.2106,0.000,,,0,4.75,4.75,252734,33816,2404,216514,1399960,236068,545574,63419,1002641,163484,7442,188383,
IN,15,18,1997,5872370,3011304,109304,3.5,,,,170481,,,143496300,24625,120179,44688,347772,140331,229,288,346,120,220,315,400,449,603,746,13193,484,0,484,574,515,8.8,1,45,55,0.45,19,31,0.38,0.0765,0.3400,0.4000,0.4000,332,2210,3656,3656,0.0765,0.1598,0.2106,0.2106,0.000,,,0,4.75,3.35,88542,8512,1086,78944,514683,132700,177575,38278,599396,73669,6898,100459,
IA,16,19,1997,2854396,1552946,49989,3.1,,,,82731,,,69956100,7866,78378,28843,161184,66924,361,426,495,120,220,315,400,581,728,862,5811,484,0,484,574,270,9.6,0,36,64,0.36,22,28,0.44,0.0765,0.3400,0.4000,0.4000,332,2210,3656,3656,0.0765,0.1598,0.2106,0.2106,0.065,,,0,4.75,4.75,40743,5325,912,34506,293596,66293,93804,29453,386811,31524,4337,53753,
KS,17,20,1997,2616339,1329751,51951,3.8,,,,74670,,,65771100,31478,53844,20218,148734,63607,352,429,497,120,220,315,400,572,731,863,5557,484,0,484,574,250,9.7,0,44,80,0.35,13,27,0.33,0.0765,0.3400,0.4000,0.4000,332,2210,3656,3656,0.0765,0.1598,0.2106,0.2106,0.000,,,0,4.75,2.65,36307,4271,402,31634,232888,54754,95878,31639,309830,42813,7168,65000,
KY,18,21,1997,3907816,1814492,102253,5.3,,,,104538,,,84542100,184557,157807,65294,444422,173516,225,262,328,120,220,315,400,445,577,728,20145,484,0,484,574,623,15.9,1,61,37,0.62,20,18,0.53,0.0765,0.3400,0.4000,0.4000,332,2210,3656,3656,0.0765,0.1598,0.2106,0.2106,0.000,,,0,4.75,4.25,167803,22385,1615,143803,664454,122948,226062,42297,500038,124691,13719,172493,
LA,19,22,1997,4351390,1899922,121318,6.0,,,,116426,,,94400600,52944,186565,56535,575411,219547,138,190,234,120,220,315,400,358,505,634,21111,484,0,484,574,691,16.3,0,78,27,0.74,25,14,0.64,0.0765,0.3400,0.4000,0.4000,332,2210,3656,3656,0.0765,0.1598,0.2106,0.2106,0.000,,,0,4.75,4.75,175320,29777,2107,143436,746461,139223,372829,51840,660013,191967,14172,233120,
ME,20,23,1997,1245215,623530,33179,5.1,,,,30624,,,29169500,9624,49397,18470,123767,58449,312,418,526,120,220,315,400,532,723,883,1534,484,10,494,581,124,10.1,0,75,75,0.50,19,15,0.56,0.0765,0.3400,0.4000,0.4000,332,2210,3656,3656,0.0765,0.1598,0.2106,0.2106,0.000,,,0,4.75,4.75,28192,3949,253,23990,167221,26663,42247,10282,104327,15604,1815,23495,
MD,21,24,1997,5092914,2629577,137413,5.0,,,,159331,,,151791500,282324,163089,59230,354436,151910,295,377,455,120,220,315,400,515,692,834,12910,484,0,484,574,422,8.4,1,100,41,0.71,32,15,0.68,0.0765,0.3400,0.4000,0.4000,332,2210,3656,3656,0.0765,0.1598,0.2106,0.2106,0.500,,,0,4.75,4.75,85117,16103,796,68218,402002,91412,175936,28706,375706,66353,5261,80034,
MA,22,25,1997,6115476,3176134,129526,3.9,,,,237051,,,194130700,80216,207138,77989,339505,149114,474,565,651,120,220,315,400,667,826,971,16425,484,126,610,662,732,12.2,0,121,33,0.79,31,8,0.79,0.0765,0.3400,0.4000,0.4000,332,2210,3656,3656,0.0765,0.1598,0.2106,0.2106,0.100,,,1,4.75,5.25,168431,46349,4464,117618,723472,118818,194056,27267,489599,83718,3324,97203,
MI,23,26,1997,9785450,4743163,211395,4.3,,,,299693,,,254938900,59495,448704,151620,838917,366414,371,459,563,120,220,315,400,591,752,909,23073,484,14,498,584,1006,10.3,0,54,56,0.49,16,22,0.42,0.0765,0.3400,0.4000,0.4000,332,2210,3656,3656,0.0765,0.1598,0.2106,0.2106,0.000,,,0,4.75,3.35,209059,21131,1959,185969,1132783,218371,332111,54228,762116,125279,9807,158501,
MN,24,27,1997,4687726,2591975,87259,3.3,,,,156283,,,129027600,112225,156872,53340,260476,110395,437,532,621,120,220,315,400,641,803,950,6147,484,81,565,631,457,9.6,0,69,65,0.51,42,24,0.64,0.0765,0.3400,0.4000,0.4000,332,2210,3656,3656,0.0765,0.1598,0.2106,0.2106,0.150,,,1,4.75,4.25,62621,10286,732,51603,371483,94807,141442,45298,545894,51450,6014,75832,
MS,25,28,1997,2731826,1200208,72594,5.7,,,,58383,,,53377500,21911,102284,38513,399062,155466,96,120,144,120,220,315,400,316,435,544,14064,484,0,484,574,455,16.7,0,85,34,0.71,34,18,0.65,0.0765,0.3400,0.4000,0.4000,332,2210,3656,3656,0.0765,0.1598,0.2106,0.2106,0.000,,,0,4.75,4.75,135946,27956,1383,106607,504017,100124,255241,33204,402540,141181,10843,169023,
MO,26,29,1997,5407113,2800544,127326,4.3,,,,163004,,,134328100,43785,196937,71752,477703,199413,234,292,342,120,220,315,400,454,607,742,17678,484,0,484,574,627,11.8,1,81,76,0.52,19,15,0.56,0.0765,0.3400,0.4000,0.4000,332,2210,3656,3656,0.0765,0.1598,0.2106,0.2106,0.000,,,0,4.75,4.75,112521,15348,1011,96162,540487,131638,221263,42518,578081,103799,10036,142319,
MT,27,30,1997,878706,428555,24153,5.3,,,,19323,,,17939100,78342,26218,8886,66605,26750,349,438,527,120,220,315,400,569,737,884,1167,484,0,484,574,139,15.6,0,33,67,0.33,16,33,0.33,0.0765,0.3400,0.4000,0.4000,332,2210,3656,3656,0.0765,0.1598,0.2106,0.2106,0.000,,,0,4.75,4.75,13747,1565,134,12048,95562,21679,32120,8423,84104,10688,1167,14548,
NE,28,31,1997,1656042,898310,23002,2.5,,,,49946,,,42017500,5173,37418,13859,97176,40602,293,364,435,120,220,315,400,513,679,820,2233,484,8,492,580,163,9.8,1,,,,,,,0.0765,0.3400,0.4000,0.4000,332,2210,3656,3656,0.0765,0.1598,0.2106,0.2106,0.000,,,0,4.75,4.25,21072,2729,255,18088,203340,33041,57962,20835,211526,17292,2238,24545,
NV,29,32,1997,1675581,898496,41284,4.4,,,,60221,,,48572700,235287,29492,11918,82419,38466,289,348,408,120,220,315,400,509,663,801,5467,484,36,520,599,190,11.0,1,21,21,0.50,9,12,0.43,0.0765,0.3400,0.4000,0.4000,332,2210,3656,3656,0.0765,0.1598,0.2106,0.2106,0.000,,,0,4.75,4.75,22257,6400,610,15247,105588,37324,47747,10852,101721,21939,2452,28857,
NH,30,33,1997,1173239,627666,21578,3.3,,,,38212,,,33274000,43506,20199,8120,46000,20775,481,550,613,120,220,315,400,672,815,944,1337,484,27,511,593,109,9.1,1,110,282,0.28,9,15,0.38,0.0765,0.3400,0.4000,0.4000,332,2210,3656,3656,0.0765,0.1598,0.2106,0.2106,0.000,,,0,4.75,4.75,11098,1202,116,9780,95215,19179,21843,7176,94118,7815,1121,14485,
NJ,31,34,1997,8054178,4039773,223994,5.3,,,,307689,,,269605900,206038,253913,95428,491337,212474,322,424,488,120,220,315,400,542,727,857,21194,484,31,515,596,737,9.3,0,27,53,0.34,16,24,0.40,0.0765,0.3400,0.4000,0.4000,332,2210,3656,3656,0.0765,0.1598,0.2106,0.2106,0.000,,,0,4.75,5.05,144159,34274,1065,108820,537890,141514,261601,42212,542147,65139,3331,75162,
NM,32,35,1997,1722939,771069,52032,6.3,,,,52503,,,36520000,30276,81450,26954,204644,74970,310,389,469,120,220,315,400,530,703,844,6143,484,0,484,574,387,21.2,0,46,24,0.66,25,17,0.60,0.0765,0.3400,0.4000,0.4000,332,2210,3656,3656,0.0765,0.1598,0.2106,0.2106,0.000,,,0,4.75,4.25,45365,9497,595,35273,320223,54040,124065,18860,191026,57335,5086,70267,
NY,33,36,1997,18143184,8432577,579640,6.4,,,,718804,,,567955800,1581772,1048257,384377,1913548,899035,468,577,687,120,220,315,400,663,834,996,72077,484,86,570,634,2979,16.5,0,96,54,0.64,26,35,0.43,0.0765,0.3400,0.4000,0.4000,332,2210,3656,3656,0.0765,0.1598,0.2106,0.2106,0.200,,,1,4.75,4.25,597835,141943,3549,452343,3151837,478980,1030618,116453,1704491,367084,25515,443694,
NC,34,37,1997,7428672,3834296,149383,3.7,,,,234010,,,185687900,46284,242714,98904,586415,249829,236,272,297,120,220,315,400,456,587,697,27066,484,0,484,574,839,11.4,1,68,52,0.57,30,20,0.60,0.0765,0.3400,0.4000,0.4000,332,2210,3656,3656,0.0765,0.1598,0.2106,0.2106,0.000,,,0,4.75,4.25,193135,40382,2294,150459,1112931,194566,345766,71438,790975,177622,19314,235565,
ND,35,38,1997,640945,341823,9568,2.7,,,,15768,,,13771100,93614,11398,4195,37688,15559,333,431,517,120,220,315,400,553,732,877,568,484,0,484,574,87,13.6,0,23,75,0.23,18,29,0.38,0.0765,0.3400,0.4000,0.4000,332,2210,3656,3656,0.0765,0.1598,0.2106,0.2106,0.000,,,0,4.75,4.75,8614,1601,77,6936,61117,16898,21626,7105,83970,6346,813,10966,
OH,36,39,1997,11212498,5431051,264126,4.6,,,,343085,,,282809000,1682317,497429,186206,873562,388708,279,341,421,120,220,315,400,499,656,810,43212,484,0,484,574,1231,11.0,0,41,56,0.42,12,20,0.38,0.0765,0.3400,0.4000,0.4000,332,2210,3656,3656,0.0765,0.1598,0.2106,0.2106,0.000,,,0,4.75,4.25,247018,19714,2424,224880,1395540,254668,373556,67827,973478,140959,8427,169085,
OK,37,40,1997,3314259,1544175,65779,4.1,,,,79044,,,71074700,189934,84766,30336,321894,130890,238,307,380,120,220,315,400,458,622,780,9309,484,53,537,611,456,13.7,0,65,36,0.64,33,15,0.69,0.0765,0.3400,0.4000,0.4000,332,2210,3656,3656,0.0765,0.1598,0.2106,0.2106,0.000,,,0,4.75,4.75,73791,13303,923,59565,315801,108348,182575,39247,366792,93199,11167,123904,
OR,38,41,1997,3243254,1651241,99039,5.7,,,,100928,,,82657400,454051,62484,24076,258615,121019,395,460,565,120,220,315,400,612,752,911,7259,484,2,486,575,382,11.6,1,26,34,0.43,10,20,0.33,0.0765,0.3400,0.4000,0.4000,332,2210,3656,3656,0.0765,0.1598,0.2106,0.2106,0.050,,,0,4.75,5.50,47943,7044,615,40284,531242,89299,110962,25838,259392,56764,5836,75289,
PA,39,42,1997,12015888,5746071,309930,5.1,,,,356720,,,317520100,334144,460607,163563,1008864,440167,330,421,514,120,220,315,400,550,725,875,26456,484,27,511,593,1337,11.2,0,100,102,0.50,20,30,0.40,0.0765,0.3400,0.4000,0.4000,332,2210,3656,3656,0.0765,0.1598,0.2106,0.2106,0.000,,,0,4.75,4.75,269441,40071,2618,226752,1024993,257018,391824,73702,1007937,131099,10381,170246,
RI,40,44,1997,986966,500704,27174,5.1,,,,28923,,,26633800,11350,55330,19811,84627,36976,449,554,632,120,220,315,400,650,818,958,3125,484,64,548,619,120,12.7,0,84,16,0.84,42,8,0.84,0.0765,0.3400,0.4000,0.4000,332,2210,3656,3656,0.0765,0.1598,0.2106,0.2106,0.275,,,0,4.75,5.15,25316,4655,234,20427,116766,22596,31723,3615,56665,7164,176,7768,
SC,41,45,1997,3790066,1824147,87488,4.6,,,,97423,,,83865300,120484,89761,34214,349137,139762,159,200,241,120,220,315,400,379,515,641,11605,484,0,484,574,500,13.1,0,54,65,0.45,25,21,0.54,0.0765,0.3400,0.4000,0.4000,332,2210,3656,3656,0.0765,0.1598,0.2106,0.2106,0.000,,,0,4.75,4.75,109750,21105,1710,86935,519875,118966,239527,35481,458402,128290,11004,161418,
SD,42,46,1997,730855,382116,11533,2.9,,,,19036,,,16805800,7060,13439,5105,46901,17767,380,430,478,120,220,315,400,600,731,850,1921,484,15,499,585,117,16.5,0,24,46,0.34,13,22,0.37,0.0765,0.3400,0.4000,0.4000,332,2210,3656,3656,0.0765,0.1598,0.2106,0.2106,0.000,,,0,4.75,4.25,13174,2287,125,10762,75444,21945,34608,10716,105113,11264,1025,14336,
TN,43,47,1997,5378433,2639198,146884,5.3,,,,154367,,,127953000,61445,183973,70419,585889,252698,142,185,226,120,220,315,400,362,500,626,19763,484,0,484,574,791,14.3,0,59,40,0.60,18,15,0.55,0.0765,0.3400,0.4000,0.4000,332,2210,3656,3656,0.0765,0.1598,0.2106,0.2106,0.000,,,0,4.75,4.75,171828,28771,1781,141276,1415612,150289,264236,42559,605627,132416,13228,181802,
TX,44,48,1997,19355427,9395537,526713,5.3,,,,610141,,,472178400,149074,573880,208974,2033750,751094,163,188,226,120,220,315,400,383,503,626,56169,484,0,484,574,3297,16.7,0,81,63,0.56,14,17,0.45,0.0765,0.3400,0.4000,0.4000,332,2210,3656,3656,0.0765,0.1598,0.2106,0.2106,0.000,,,0,4.75,3.35,407010,121758,5622,279630,2538655,683583,1345789,181699,2287548,640794,50838,788421,
UT,45,49,1997,2065397,1036156,34067,3.2,,,,57686,,,45125200,100550,33805,12250,98338,37625,342,426,498,120,220,315,400,562,728,864,2176,484,0,484,574,185,8.9,0,20,55,0.27,9,20,0.31,0.0765,0.3400,0.4000,0.4000,332,2210,3656,3656,0.0765,0.1598,0.2106,0.2106,0.000,,,0,4.75,4.75,20304,2161,286,17857,144749,57511,71468,32301,258217,19407,3166,26866,
VT,46,50,1997,588665,315053,12825,3.9,,,,15452,,,14333100,3028,22936,8263,53005,24746,539,639,719,120,220,315,400,713,878,1019,812,484,55,539,613,54,9.3,1,86,61,0.59,17,13,0.57,0.0765,0.3400,0.4000,0.4000,332,2210,3656,3656,0.0765,0.1598,0.2106,0.2106,0.250,,,1,4.75,5.00,12715,1900,118,10697,109283,16133,17538,4626,51209,7420,1043,11960,
VA,47,51,1997,6732878,3314344,131979,3.8,,,,215126,,,186845500,79874,130600,53856,476088,205926,294,354,410,120,220,315,400,514,669,802,17577,484,0,484,574,858,12.7,0,52,47,0.53,19,21,0.48,0.0765,0.3400,0.4000,0.4000,332,2210,3656,3656,0.0765,0.1598,0.2106,0.2106,0.000,,,0,4.75,4.75,130954,26068,1561,103325,595234,129520,238702,48239,633551,118336,12223,162736,
WA,48,53,1997,5604105,2835517,146230,4.9,,,,193770,,,155513900,1062778,254039,93043,444800,198968,440,546,642,120,220,315,400,643,812,965,18663,484,28,512,594,529,9.2,1,34,62,0.35,23,26,0.47,0.0765,0.3400,0.4000,0.4000,332,2210,3656,3656,0.0765,0.1598,0.2106,0.2106,0.000,,,0,4.75,4.90,94487,13250,897,80340,630165,145147,195288,44200,439771,83192,7512,104286,
WV,49,54,1997,1815588,741865,54642,6.9,,,,38808,,,35630200,481207,82746,33639,287035,117129,201,253,312,120,220,315,400,421,568,712,7830,484,0,484,574,286,16.4,0,69,31,0.69,25,9,0.74,0.0765,0.3400,0.4000,0.4000,332,2210,3656,3656,0.0765,0.1598,0.2106,0.2106,0.000,,,0,4.75,4.25,69345,6777,663,61905,359091,55065,100319,19395,209999,58685,7926,88228,
WI,50,55,1997,5200235,2864372,105714,3.6,,,,153425,,,133915200,18554,118270,38874,232103,87361,440,517,617,120,220,315,400,643,792,947,12260,484,84,568,633,422,8.2,0,48,51,0.48,17,16,0.52,0.0765,0.3400,0.4000,0.4000,332,2210,3656,3656,0.0765,0.1598,0.2106,0.2106,0.040,0.140,0.430,1,4.75,4.75,90580,11294,1008,78278,392223,108886,149875,39477,518245,31893,2990,42251,
WY,51,56,1997,480031,241684,12144,4.8,,,,14709,,,11885000,73373,7466,2798,28584,11109,320,360,390,120,220,315,400,540,675,788,832,484,10,494,581,66,13.5,0,13,47,0.22,9,21,0.30,0.0765,0.3400,0.4000,0.4000,332,2210,3656,3656,0.0765,0.1598,0.2106,0.2106,0.000,,,0,4.75,1.60,5760,609,51,5100,48865,12447,17367,5846,55973,5418,722,7496,
AL,1,1,1998,4351037,2042291,93886,4.4,,,,110181,,,99953300,54868,56853,23309,426819,166822,137,164,194,122,224,321,408,361,485,602,11081,494,0,494,583,609,14.5,0,73,32,0.70,22,13,0.63,0.0765,0.3400,0.4000,0.4000,341,2271,3756,3756,0.0765,0.1598,0.2106,0.2106,0.000,,,0,5.15,5.15,163308,31003,1266,131039,539144,117319,268884,45541,541445,115557,10087,145028,
AK,2,2,1998,615205,295823,20047,6.3,,,,24228,,,18114500,12254,30997,10159,42451,14250,821,923,1025,154,283,405,514,1057,1250,1430,1059,494,362,856,952,60,9.4,1,17,22,0.44,6,14,0.30,0.0765,0.3400,0.4000,0.4000,341,2271,3756,3756,0.0765,0.1598,0.2106,0.2106,0.000,,,0,5.15,5.65,7891,1272,116,6503,74508,23829,23479,5552,50113,6063,766,8422,
AZ,3,4,1998,4667277,2284323,102704,4.3,,,,143286,,,118057600,214562,107949,39572,295703,106943,275,347,418,122,224,321,408,499,668,816,12441,494,0,494,583,812,16.6,0,22,38,0.37,12,18,0.40,0.0765,0.3400,0.4000,0.4000,341,2271,3756,3756,0.0765,0.1598,0.2106,0.2106,0.000,,,0,5.15,5.15,77846,13119,916,63811,507668,142000,245062,38568,431371,108266,9231,133077,
AR,4,5,1998,2538202,1177122,64230,5.2,,,,62398,,,55736100,30298,34859,13844,255710,100776,162,204,247,122,224,321,408,386,525,655,5538,494,0,494,583,377,14.7,0,87,12,0.88,28,7,0.80,0.0765,0.3400,0.4000,0.4000,341,2271,3756,3756,0.0765,0.1598,0.2106,0.2106,0.000,,,0,5.15,5.15,89969,16681,1026,72262,424727,82939,155494,25639,309743,89589,8225,118114,
CA,5,6,1998,32682794,15184470,960094,5.9,,,,1147944,,,959949700,1252539,2071482,707023,2259069,865312,456,565,673,122,224,321,408,658,832,994,180755,494,156,650,692,5118,15.4,0,39,41,0.49,23,16,0.59,0.0765,0.3400,0.4000,0.4000,341,2271,3756,3756,0.0765,0.1598,0.2106,0.2106,0.000,,,0,5.15,5.75,1042002,324774,21738,695490,5082175,1216253,1739904,210518,2529592,731322,48649,832849,
CO,6,8,1998,3968967,2227846,83736,3.6,,,,150364,,,123101200,37007,56216,21154,191015,81935,280,356,432,122,224,321,408,504,677,826,5835,494,39,533,610,363,9.2,1,24,41,0.37,15,20,0.43,0.0765,0.3400,0.4000,0.4000,341,2271,3756,3756,0.0765,0.1598,0.2106,0.2106,0.000,,,0,5.15,5.15,56204,9213,563,46428,344916,74679,119540,30729,314459,36513,4469,51221,
CT,7,9,1998,3272563,1682342,59854,3.4,,,,145433,,,127327700,172195,129286,48089,195866,92813,513,636,741,122,224,321,408,698,881,1042,8040,494,253,747,760,310,9.5,0,91,60,0.60,19,17,0.53,0.0765,0.3400,0.4000,0.4000,341,2271,3756,3756,0.0765,0.1598,0.2106,0.2106,0.000,,,0,5.15,5.18,46972,7165,509,39298,381208,60267,99693,16147,247324,38944,2607,47163,
DE,8,10,1998,744066,380250,14639,3.7,,,,37065,,,22502300,9950,20101,7199,45581,16882,270,338,407,122,224,321,408,494,659,808,2488,494,0,494,583,80,10.3,1,14,27,0.34,13,8,0.62,0.0765,0.3400,0.4000,0.4000,341,2271,3756,3756,0.0765,0.1598,0.2106,0.2106,0.000,,,0,5.15,5.15,11796,1448,119,10229,101436,15635,27657,4862,69055,12913,1059,16923,
DC,9,11,1998,521426,267312,24590,8.4,,,,54780,,,21533700,17251,58108,21148,85396,37792,312,379,486,122,224,321,408,536,700,863,2752,494,0,494,583,114,22.3,.,,,,11,1,0.92,0.0765,0.3400,0.4000,0.4000,341,2271,3756,3756,0.0765,0.1598,0.2106,0.2106,0.000,,,0,5.15,6.15,19711,2699,193,16819,166146,16593,42793,1233,46748,15446,304,16098,
FL,10,12,1998,14908230,7196659,324810,4.3,,,,429188,,,415875500,264522,277961,107951,990571,431750,241,303,364,122,224,321,408,465,624,772,40814,494,0,494,583,1923,13.1,1,63,57,0.53,17,23,0.43,0.0765,0.3400,0.4000,0.4000,341,2271,3756,3756,0.0765,0.1598,0.2106,0.2106,0.000,,,0,5.15,5.15,361892,95567,3162,263163,1904591,345150,760052,120759,1291759,327077,24512,393024,
GA,11,13,1998,7636522,3898825,173937,4.3,,,,265322,,,205702400,67036,193725,74836,631720,256429,235,280,330,122,224,321,408,459,601,738,29208,494,0,494,583,1034,13.5,1,114,66,0.63,34,22,0.61,0.0765,0.3400,0.4000,0.4000,341,2271,3756,3756,0.0765,0.1598,0.2106,0.2106,0.000,,,0,5.15,3.25,199408,37634,2435,159339,1221978,232258,481662,80069,1044719,260685,26414,354080,
HI,12,15,1998,1190472,564957,36626,6.1,,,,37622,,,32531100,18458,47401,16844,122027,54248,452,570,687,197,361,517,657,813,1080,1302,2085,494,5,499,696,131,10.9,1,44,7,0.86,23,2,0.92,0.0765,0.3400,0.4000,0.4000,341,2271,3756,3756,0.0765,0.1598,0.2106,0.2106,0.000,,,0,5.15,5.25,19648,7194,163,12291,184614,34098,51582,13613,146932,22528,3434,37963,
ID,13,16,1998,1230923,616282,33153,5.1,,,,31099,,,28573400,93591,4428,1918,62393,23636,276,276,276,122,224,321,408,500,597,684,798,494,48,542,617,165,13.0,0,13,57,0.19,5,30,0.14,0.0765,0.3400,0.4000,0.4000,341,2271,3756,3756,0.0765,0.1598,0.2106,0.2106,0.000,,,0,5.15,5.15,17489,1797,169,15523,123176,31678,50999,17091,139900,17444,2215,24413,
IL,14,17,1998,12069774,6066484,280521,4.4,,,,436649,,,367350200,48999,506580,169735,922927,392747,278,377,414,122,224,321,408,502,698,813,24858,494,0,494,583,1234,10.1,0,54,64,0.46,28,31,0.47,0.0765,0.3400,0.4000,0.4000,341,2271,3756,3756,0.0765,0.1598,0.2106,0.2106,0.000,,,0,5.15,5.15,255099,33343,2396,219360,1363856,237262,558742,66144,1020790,164503,7895,190537,
IN,15,18,1998,5907617,3026444,96716,3.1,,,,184395,,,154850900,25561,114406,40084,313116,129644,229,288,346,122,224,321,408,453,609,754,4730,494,0,494,583,547,9.4,1,45,55,0.45,19,31,0.38,0.0765,0.3400,0.4000,0.4000,341,2271,3756,3756,0.0765,0.1598,0.2106,0.2106,0.000,,,0,5.15,4.25,89541,8015,1074,80452,607293,131099,181824,40366,605364,74768,7540,103131,
IA,16,19,1998,2861025,1552120,43822,2.7,,,,84677,,,73327400,8890,68700,25191,141067,58852,361,426,495,122,224,321,408,585,734,870,4790,494,0,494,583,257,9.1,0,36,64,0.36,22,28,0.44,0.0765,0.3400,0.4000,0.4000,341,2271,3756,3756,0.0765,0.1598,0.2106,0.2106,0.065,,,0,5.15,5.15,40815,5013,873,34929,314936,65885,89597,28969,370754,31290,4674,53930,
KS,17,20,1998,2638667,1366403,49989,3.5,,,,78385,,,69809100,24829,36892,14136,119218,52957,352,429,497,122,224,321,408,576,737,871,4256,494,0,494,583,250,9.6,0,44,80,0.35,13,27,0.33,0.0765,0.3400,0.4000,0.4000,341,2271,3756,3756,0.0765,0.1598,0.2106,0.2106,0.100,,,0,5.15,2.65,36507,4155,390,31962,241933,52896,94060,31747,306673,42741,7497,66021,
KY,18,21,1998,3934310,1844022,88735,4.6,,,,109396,,,89546100,230324,126845,52882,412028,162697,225,262,328,122,224,321,408,449,583,736,15697,494,0,494,583,521,13.5,1,61,37,0.62,20,18,0.53,0.0765,0.3400,0.4000,0.4000,341,2271,3756,3756,0.0765,0.1598,0.2106,0.2106,0.000,,,0,5.15,5.15,172015,21049,1541,149425,644482,122910,225903,43779,498054,126066,14774,176796,
LA,19,22,1998,4362758,1932134,116770,5.7,,,,120338,,,98944000,40135,136421,48228,536834,202047,138,190,234,122,224,321,408,362,511,642,11985,494,0,494,583,821,19.1,0,78,27,0.74,25,14,0.64,0.0765,0.3400,0.4000,0.4000,341,2271,3756,3756,0.0765,0.1598,0.2106,0.2106,0.000,,,0,5.15,5.15,174456,27917,2025,144514,720615,136866,368498,52496,655795,191761,14781,235454,
ME,20,23,1998,1247554,623793,29417,4.5,,,,32159,,,31218400,10600,40758,15408,115099,55599,312,418,526,122,224,321,408,536,729,891,3135,494,10,504,590,131,10.4,0,75,75,0.50,19,15,0.56,0.0765,0.3400,0.4000,0.4000,341,2271,3756,3756,0.0765,0.1598,0.2106,0.2106,0.000,,,0,5.15,5.15,28883,3709,248,24926,170456,25786,41839,10769,105021,15573,2115,24072,
MD,21,24,1998,5130072,2642210,121970,4.4,,,,169965,,,163868000,257882,125163,47388,322653,137369,295,388,455,122,224,321,408,519,708,842,10968,494,0,494,583,359,7.2,1,100,41,0.71,32,15,0.68,0.0765,0.3400,0.4000,0.4000,341,2271,3756,3756,0.0765,0.1598,0.2106,0.2106,0.100,,,0,5.15,5.15,86273,15728,778,69767,561085,92744,180489,30697,382974,73346,5923,88749,
MA,22,25,1998,6144407,3230442,110186,3.3,,,,249236,,,206428200,81219,175751,66490,292997,133522,474,579,651,122,224,321,408,671,842,979,15670,494,129,623,673,528,8.7,0,121,33,0.79,31,8,0.79,0.0765,0.3400,0.4000,0.4000,341,2271,3756,3756,0.0765,0.1598,0.2106,0.2106,0.100,,,1,5.15,5.25,166532,46145,4381,116006,908238,117681,193792,29709,502821,84525,3841,99027,
MI,23,26,1998,9820231,4824324,195438,3.9,,,,312668,,,270151500,55764,359627,123693,771580,329941,371,459,563,122,224,321,408,595,758,917,21556,494,14,508,593,1097,11.0,0,54,56,0.49,16,22,0.42,0.0765,0.3400,0.4000,0.4000,341,2271,3756,3756,0.0765,0.1598,0.2106,0.2106,0.000,,,0,5.15,5.15,212560,20502,1945,190113,1362890,217924,338165,56533,768030,128040,10512,162425,
MN,24,27,1998,4726411,2638721,73063,2.7,,,,166874,,,140486800,113157,143932,48301,219744,97149,437,532,621,122,224,321,408,645,809,958,6939,494,81,575,640,498,10.3,0,69,65,0.51,42,24,0.64,0.0765,0.3400,0.4000,0.4000,341,2271,3756,3756,0.0765,0.1598,0.2106,0.2106,0.250,,,1,5.15,5.15,63674,10247,744,52683,538413,95101,142855,48668,554422,54871,7407,84098,
MS,25,28,1998,2751335,1207745,67045,5.3,,,,60962,,,56601900,23125,60097,23700,329058,129979,96,120,144,122,224,321,408,320,441,552,9596,494,0,494,583,486,17.6,0,85,34,0.71,34,18,0.65,0.0765,0.3400,0.4000,0.4000,341,2271,3756,3756,0.0765,0.1598,0.2106,0.2106,0.000,,,0,5.15,5.15,135036,26013,1326,107697,485767,99097,254640,33660,400683,142299,11247,170699,
MO,26,29,1998,5437562,2794971,121639,4.2,,,,169505,,,141158200,46331,155376,60041,410966,173954,234,292,342,122,224,321,408,458,613,750,14134,494,0,494,583,531,9.8,1,81,76,0.52,19,15,0.56,0.0765,0.3400,0.4000,0.4000,341,2271,3756,3756,0.0765,0.1598,0.2106,0.2106,0.000,,,0,5.15,5.15,111929,14318,1011,96600,734015,128176,225071,45117,579610,106911,11324,148174,
MT,27,30,1998,879533,434868,25526,5.5,,,,20450,,,19182200,73976,18895,6356,62328,25418,349,450,527,122,224,321,408,573,751,892,1069,494,0,494,583,153,16.6,0,33,67,0.33,16,33,0.33,0.0765,0.3400,0.4000,0.4000,341,2271,3756,3756,0.0765,0.1598,0.2106,0.2106,0.000,,,0,5.15,5.15,13853,1463,138,12252,100760,21428,31640,8444,82346,10593,1259,14546,
NE,28,31,1998,1660772,907202,23750,2.6,,,,51917,,,44860800,6035,36372,12960,94944,38755,293,364,435,122,224,321,408,517,685,828,3152,494,8,502,589,211,12.3,1,,,,,,,0.0765,0.3400,0.4000,0.4000,341,2271,3756,3756,0.0765,0.1598,0.2106,0.2106,0.000,,,0,5.15,5.15,21154,2582,243,18329,211188,31770,59780,21413,216118,19311,2843,29947,
NV,29,32,1998,1743772,937387,41350,4.2,,,,65105,,,54281300,238748,26839,10383,71531,32653,289,348,408,122,224,321,408,513,669,809,3343,494,36,530,608,195,10.6,1,21,21,0.50,9,12,0.43,0.0765,0.3400,0.4000,0.4000,341,2271,3756,3756,0.0765,0.1598,0.2106,0.2106,0.000,,,0,5.15,5.15,23366,6592,655,16119,128144,37972,51203,11621,104461,23160,2673,30593,
NH,30,33,1998,1185823,643056,18608,2.8,,,,40567,,,36531600,42327,16576,6857,39578,18240,481,550,613,122,224,321,408,676,821,952,1559,494,27,521,602,119,9.8,1,110,282,0.28,9,15,0.38,0.0765,0.3400,0.4000,0.4000,341,2271,3756,3756,0.0765,0.1598,0.2106,0.2106,0.000,,,0,5.15,5.15,11290,1124,126,10040,93970,18678,21355,7554,98467,7760,1242,15081,
NJ,31,34,1998,8095542,4051531,194886,4.6,,,,319680,,,287244000,211238,198436,76850,424738,185598,322,424,488,122,224,321,408,546,733,865,16782,494,31,525,605,693,8.6,0,27,53,0.34,16,24,0.40,0.0765,0.3400,0.4000,0.4000,341,2271,3756,3756,0.0765,0.1598,0.2106,0.2106,0.000,,,0,5.15,5.05,145159,33941,1076,110142,813251,140732,269972,43692,553852,69383,3773,80655,
NM,32,35,1998,1733535,783831,50723,6.1,,,,50675,,,38361200,25688,68997,22053,174699,64530,310,389,469,122,224,321,408,534,709,852,3248,494,0,494,583,371,20.4,0,46,24,0.66,25,17,0.60,0.0765,0.3400,0.4000,0.4000,341,2271,3756,3756,0.0765,0.1598,0.2106,0.2106,0.000,,,0,5.15,4.25,45631,9149,587,35895,329418,56183,124424,19613,191300,58284,5818,72481,
NY,33,36,1998,18159175,8562174,509640,5.6,,,,744716,,,600601100,1568927,943800,366032,1627170,759177,468,577,687,122,224,321,408,667,840,1004,51145,494,86,580,643,3068,16.7,0,96,54,0.64,26,35,0.43,0.0765,0.3400,0.4000,0.4000,341,2271,3756,3756,0.0765,0.1598,0.2106,0.2106,0.200,,,1,5.15,4.25,608373,141024,3489,463860,3073241,482882,1042941,120840,1735380,373473,26739,453578,
NC,34,37,1998,7545828,3851970,138084,3.5,,,,246929,,,198775200,47785,187797,77961,527790,224235,236,272,297,122,224,321,408,460,593,705,27535,494,0,494,583,1039,14.0,1,68,52,0.57,30,20,0.60,0.0765,0.3400,0.4000,0.4000,341,2271,3756,3756,0.0765,0.1598,0.2106,0.2106,0.000,,,0,5.15,5.15,194304,38349,2237,153718,1167988,197954,349904,75267,798624,184188,21782,248705,
ND,35,38,1998,637808,339414,10091,2.9,,,,16826,,,15105200,96039,8892,3322,33801,14025,333,457,517,122,224,321,408,557,756,885,734,494,0,494,583,97,15.1,0,23,75,0.23,18,29,0.38,0.0765,0.3400,0.4000,0.4000,341,2271,3756,3756,0.0765,0.1598,0.2106,0.2106,0.000,,,0,5.15,5.15,8506,1471,83,6952,62280,15810,21455,7187,83077,6778,906,11565,
OH,36,39,1998,11237752,5460917,246193,4.3,,,,361512,,,299234100,1665662,366439,140286,733565,331614,279,341,421,122,224,321,408,503,662,818,35417,494,0,494,583,1253,11.2,0,41,56,0.42,12,20,0.38,0.0765,0.3400,0.4000,0.4000,341,2271,3756,3756,0.0765,0.1598,0.2106,0.2106,0.000,,,0,5.15,4.25,248540,18991,2338,227211,1290776,250815,365971,69334,964141,142380,9068,172160,
OK,37,40,1998,3339478,1567803,69649,4.3,,,,81208,,,74885400,171483,71439,24462,287837,119291,238,292,380,122,224,321,408,462,613,788,6852,494,53,547,620,458,14.1,0,65,36,0.64,33,15,0.69,0.0765,0.3400,0.4000,0.4000,341,2271,3756,3756,0.0765,0.1598,0.2106,0.2106,0.000,,,0,5.15,5.15,73365,12367,907,60091,402672,109581,183871,39618,365931,95752,11936,128239,
OR,38,41,1998,3282055,1677740,102236,5.7,,,,105143,,,87373700,409039,47917,18242,238446,110933,395,460,565,122,224,321,408,616,758,919,4014,494,2,496,584,503,15.0,1,26,34,0.43,10,20,0.33,0.0765,0.3400,0.4000,0.4000,341,2271,3756,3756,0.0765,0.1598,0.2106,0.2106,0.050,,,0,5.15,6.00,49046,7108,627,41311,511171,91341,114592,27135,262470,61831,6578,82020,
PA,39,42,1998,12002329,5783197,279933,4.6,,,,373708,,,334639500,301117,377611,134975,906735,400170,330,421,514,122,224,321,408,554,731,883,25773,494,27,521,602,1338,11.3,0,100,102,0.50,20,30,0.40,0.0765,0.3400,0.4000,0.4000,341,2271,3756,3756,0.0765,0.1598,0.2106,0.2106,0.000,,,0,5.15,5.15,275662,38846,2603,234213,1523120,246337,387694,75713,1006185,138467,11689,180691,
RI,40,44,1998,987704,508064,24545,4.6,,,,30821,,,28410400,10742,54365,19308,72301,32399,449,554,632,122,224,321,408,654,824,966,2529,494,64,558,628,112,11.6,0,84,16,0.84,42,8,0.84,0.0765,0.3400,0.4000,0.4000,341,2271,3756,3756,0.0765,0.1598,0.2106,0.2106,0.270,,,0,5.15,5.15,26158,4657,238,21263,153130,22768,33030,3908,59286,7841,227,8555,
SC,41,45,1998,3839578,1867808,73392,3.8,,,,103467,,,89936100,124744,66226,25291,333017,135539,159,200,241,122,224,321,408,383,521,649,8673,494,0,494,583,527,13.7,0,54,65,0.45,25,21,0.54,0.0765,0.3400,0.4000,0.4000,341,2271,3756,3756,0.0765,0.1598,0.2106,0.2106,0.000,,,0,5.15,5.15,109792,19763,1673,88356,594962,118556,243201,37280,465688,131112,11612,165763,
SD,42,46,1998,730789,388291,11151,2.8,,,,20217,,,18150100,6598,10093,3837,45173,16896,380,430,478,122,224,321,408,604,737,858,1452,494,15,509,594,77,10.8,0,24,46,0.34,13,22,0.37,0.0765,0.3400,0.4000,0.4000,341,2271,3756,3756,0.0765,0.1598,0.2106,0.2106,0.000,,,0,5.15,5.15,13172,2198,116,10858,79537,20507,34461,10450,104144,11737,1080,15188,
TN,43,47,1998,5432679,2691517,120873,4.3,,,,167440,,,140037000,61506,148540,57372,538467,231724,142,185,226,122,224,321,408,366,506,634,17955,494,0,494,583,749,13.4,0,59,40,0.60,18,15,0.55,0.0765,0.3400,0.4000,0.4000,341,2271,3756,3756,0.0765,0.1598,0.2106,0.2106,0.000,,,0,5.15,5.15,170156,26690,1776,141690,1843661,148692,267084,44586,603934,132918,14022,183111,
TX,44,48,1998,19712389,9603021,492825,4.9,,,,645290,,,514064000,162019,401200,145253,1636175,601968,163,188,226,122,224,321,408,387,509,634,35747,494,0,494,583,2994,15.1,0,81,63,0.56,14,17,0.45,0.0765,0.3400,0.4000,0.4000,341,2271,3756,3756,0.0765,0.1598,0.2106,0.2106,0.000,,,0,5.15,3.35,409087,118767,5598,284722,2324810,691292,1366360,196864,2339519,668296,58703,835853,
UT,45,49,1998,2100562,1060663,40167,3.6,,,,62289,,,48266400,101381,28689,10712,91764,35124,342,426,498,122,224,321,408,566,734,872,,494,0,494,583,190,9.0,0,20,55,0.27,9,20,0.31,0.0765,0.3400,0.4000,0.4000,341,2271,3756,3756,0.0765,0.1598,0.2106,0.2106,0.000,,,0,5.15,5.15,20242,2111,264,17867,215801,57391,72489,31761,261436,20927,3339,28963,
VT,46,50,1998,590579,322398,11334,3.4,,,,16080,,,15410700,3234,20307,7371,45702,21479,539,611,719,122,224,321,408,717,864,1027,807,494,55,549,622,58,9.9,1,86,61,0.59,17,13,0.57,0.0765,0.3400,0.4000,0.4000,341,2271,3756,3756,0.0765,0.1598,0.2106,0.2106,0.250,,,1,5.15,5.25,12683,1788,116,10779,123992,16308,17618,4776,51053,7626,1107,12090,
VA,47,51,1998,6789225,3383752,101345,2.9,,,,231505,,,200071800,81964,104688,43269,396581,170711,294,354,410,122,224,321,408,518,675,810,9874,494,0,494,583,589,8.8,0,52,47,0.53,19,21,0.48,0.0765,0.3400,0.4000,0.4000,341,2271,3756,3756,0.0765,0.1598,0.2106,0.2106,0.000,,,0,5.15,5.15,132658,25415,1537,105706,653236,132317,239623,51448,640602,120032,13509,167279,
WA,48,53,1998,5687832,2904286,146201,4.8,,,,209710,,,170382400,1130266,214701,79392,362215,160603,440,546,642,122,224,321,408,647,818,973,14241,494,7,501,588,512,8.9,1,34,62,0.35,23,26,0.47,0.0765,0.3400,0.4000,0.4000,341,2271,3756,3756,0.0765,0.1598,0.2106,0.2106,0.000,,,0,5.15,4.90,97105,13590,951,82564,712719,144052,195785,45980,446600,84386,8449,107651,
WV,49,54,1998,1811688,742528,52617,6.6,,,,40054,,,37135400,449737,53796,19674,269140,110318,201,253,312,122,224,321,408,425,574,720,,494,0,494,583,312,17.8,0,69,31,0.69,25,9,0.74,0.0765,0.3400,0.4000,0.4000,341,2271,3756,3756,0.0765,0.1598,0.2106,0.2106,0.000,,,0,5.15,5.15,70562,6277,642,63643,342668,53962,96573,19467,202788,56331,8057,85715,
WI,50,55,1998,5222124,2870031,99559,3.4,,,,162617,,,143322200,18846,45706,12777,192887,75321,628,628,628,122,224,321,408,779,876,963,,494,84,578,642,449,8.8,0,48,51,0.48,17,16,0.52,0.0765,0.3400,0.4000,0.4000,341,2271,3756,3756,0.0765,0.1598,0.2106,0.2106,0.040,0.140,0.430,1,5.15,5.15,89575,10764,1023,77788,518595,106352,147889,41223,520066,32732,3415,44505,
WY,51,56,1998,480045,245490,12099,4.7,,,,14884,,,12633100,75552,3064,1249,25452,9928,320,340,390,122,224,321,408,544,661,796,579,494,10,504,590,51,10.6,0,13,47,0.22,9,21,0.30,0.0765,0.3400,0.4000,0.4000,341,2271,3756,3756,0.0765,0.1598,0.2106,0.2106,0.000,,,0,5.15,1.60,5744,591,51,5102,46121,11789,17253,5932,54747,5412,729,7451,
AL,1,1,1999,4369862,2038889,101407,4.7,,,,115833,72,6.0,103453100,54685,47768,20268,405273,159241,137,164,194,125,230,329,419,367,493,613,10307,500,0,500,598,668,15.2,1,71,34,0.68,23,12,0.66,0.0765,0.3400,0.4000,0.4000,347,2312,3816,3816,0.0765,0.1598,0.2106,0.2106,0.000,,,0,5.15,5.15,160208,28584,1217,130407,516011,115172,268635,48228,540810,116927,11153,148291,
AK,2,2,1999,619500,297354,20589,6.5,,,,24779,18,8.6,18675700,12869,25863,8461,41262,13909,821,923,1025,157,287,412,523,1074,1270,1453,1196,500,362,862,973,48,7.6,1,15,25,0.38,5,15,0.25,0.0765,0.3400,0.4000,0.4000,347,2312,3816,3816,0.0765,0.1598,0.2106,0.2106,0.000,,,0,5.15,5.65,8156,1348,124,6684,74095,26131,23305,5950,49882,6299,834,8838,
AZ,3,4,1999,4778332,2363084,109929,4.4,,,,155283,210,14.3,124654400,202819,90140,34108,257362,94906,275,347,418,125,230,329,419,505,676,834,12642,500,0,500,598,616,12.2,0,22,38,0.37,14,16,0.47,0.0765,0.3400,0.4000,0.4000,347,2312,3816,3816,0.0765,0.1598,0.2106,0.2106,0.000,,,0,5.15,5.15,79306,13179,941,65186,455723,142488,247830,42581,443495,108232,10435,135379,
AR,4,5,1999,2551373,1197320,57712,4.6,,,,66791,67,9.4,57973400,31992,29013,11939,252957,100305,162,204,247,125,230,329,419,392,533,666,5737,500,0,500,598,384,14.7,0,86,14,0.86,29,6,0.83,0.0765,0.3400,0.4000,0.4000,347,2312,3816,3816,0.0765,0.1598,0.2106,0.2106,0.000,,,0,5.15,5.15,87686,15453,976,71257,379518,82882,156246,27146,310741,90225,9059,120380,
CA,5,6,1999,33145121,15555278,861322,5.2,,,,1247734,"1,169",11.7,1026419300,1303007,1791291,624096,2027089,745994,456,611,673,125,230,329,419,672,879,1013,198267,500,176,676,721,4733,14.0,1,42,37,0.53,24,15,0.62,0.0765,0.3400,0.4000,0.4000,347,2312,3816,3816,0.0765,0.1598,0.2106,0.2106,0.000,,,0,5.15,5.75,1066486,330386,21983,714117,5063102,1229495,1701802,242364,2537539,722108,59613,840793,
CO,6,8,1999,4056133,2272197,72085,3.1,,,,164132,110,9.0,133020500,38471,38273,14265,173497,75981,280,356,432,125,230,329,419,510,685,844,4525,500,36,536,623,366,8.5,0,24,41,0.37,15,20,0.43,0.0765,0.3400,0.4000,0.4000,347,2312,3816,3816,0.0765,0.1598,0.2106,0.2106,0.085,,,1,5.15,5.15,54588,8990,552,45046,257565,74801,117779,33320,318809,37400,5490,53959,
CT,7,9,1999,3282031,1704134,50431,2.9,,,,152354,42,4.5,134415300,135142,83640,33932,178168,87946,513,636,741,125,230,329,419,712,897,1060,8749,500,247,747,771,246,7.2,0,96,55,0.64,19,17,0.53,0.0765,0.3400,0.4000,0.4000,347,2312,3816,3816,0.0765,0.1598,0.2106,0.2106,0.000,,,0,5.15,5.65,47609,7079,499,40031,349131,58299,102900,17393,258521,40956,2853,50109,
DE,8,10,1999,753538,385190,13593,3.4,,,,40427,16,7.6,24170200,9640,15463,6241,38571,14286,270,338,407,125,230,329,419,500,667,826,2567,500,0,500,598,80,10.4,1,13,28,0.32,13,8,0.62,0.0765,0.3400,0.4000,0.4000,347,2312,3816,3816,0.0765,0.1598,0.2106,0.2106,0.000,,,0,5.15,5.65,11840,1414,116,10310,90378,15274,27256,5307,70267,12409,1223,16834,
DC,9,11,1999,519000,286650,19481,6.4,,,,58751,9,8.2,22559300,16896,51274,19062,84082,37349,312,379,486,125,230,329,419,542,708,882,4926,500,0,500,598,80,14.7,.,,,,11,2,0.85,0.0765,0.3400,0.4000,0.4000,347,2312,3816,3816,0.0765,0.1598,0.2106,0.2106,0.000,,,0,5.15,6.15,20020,2631,195,17194,124335,16406,42018,1934,47255,15993,548,17160,
FL,10,12,1999,15111244,7359460,297699,3.9,,,,456798,404,10.9,436186100,264393,198215,82000,933435,426593,241,303,364,125,230,329,419,471,632,783,35063,500,0,500,598,1937,12.4,0,57,63,0.48,15,24,0.38,0.0765,0.3400,0.4000,0.4000,347,2312,3816,3816,0.0765,0.1598,0.2106,0.2106,0.000,,,0,5.15,5.15,366517,94254,3146,269117,1564230,337559,751458,131082,1307102,330670,28354,404944,
GA,11,13,1999,7788240,3990393,163106,3.9,,,,289447,153,7.0,219456600,68522,155796,61813,616600,251256,235,280,330,125,230,329,419,465,609,749,25066,500,0,500,598,1011,12.8,1,102,78,0.57,33,22,0.60,0.0765,0.3400,0.4000,0.4000,347,2312,3816,3816,0.0765,0.1598,0.2106,0.2106,0.000,,,0,5.15,3.25,196784,35843,2340,158601,930579,224069,478968,86738,1054226,264362,29247,365472,
HI,12,15,1999,1185497,570394,32513,5.4,,,,39247,19,5.2,33657500,18301,44871,15990,125155,56365,452,570,687,197,362,518,658,814,1088,1314,1881,500,5,505,702,133,10.8,1,39,12,0.76,23,2,0.92,0.0765,0.3400,0.4000,0.4000,347,2312,3816,3816,0.0765,0.1598,0.2106,0.2106,0.000,,,0,5.15,5.25,20404,7300,160,12944,166027,34137,52680,14687,145914,22710,3696,38255,
ID,13,16,1999,1251700,619237,31970,4.9,,,,34252,61,16.5,30346200,95225,2754,1380,57201,22536,276,276,276,125,230,329,419,506,605,695,822,500,48,548,631,175,14.1,0,11,59,0.16,4,31,0.11,0.0765,0.3400,0.4000,0.4000,347,2312,3816,3816,0.0765,0.1598,0.2106,0.2106,0.000,,,0,5.15,5.65,17761,1829,172,15760,92048,31543,51968,18212,141624,18459,2558,25949,
IL,14,17,1999,12128370,6186543,281445,4.4,,,,460242,218,6.2,383422700,51477,368249,122775,820034,352018,278,377,414,125,230,329,419,508,706,832,25486,500,0,500,598,1215,9.9,0,60,58,0.51,27,32,0.46,0.0765,0.3400,0.4000,0.4000,347,2312,3816,3816,0.0765,0.1598,0.2106,0.2106,0.000,,,0,5.15,5.15,251112,32841,2361,215910,1361658,241016,556489,71417,1035129,165654,8760,194593,
IN,15,18,1999,5942901,3029834,95017,3.0,,,,192766,76,4.9,161356500,25722,108301,36714,298213,125593,229,288,346,125,230,329,419,459,617,765,4130,500,0,500,598,396,6.7,1,50,50,0.50,19,31,0.38,0.0765,0.3400,0.4000,0.4000,347,2312,3816,3816,0.0765,0.1598,0.2106,0.2106,0.000,,,0,5.15,5.15,88315,7577,1073,79665,542386,128269,181018,42955,613022,75566,8494,106687,
IA,16,19,1999,2869413,1555090,41324,2.6,,,,87796,28,3.7,75330900,10272,59339,21952,128790,54254,361,426,495,125,230,329,419,591,750,888,4987,500,0,500,598,210,7.4,1,46,54,0.46,20,30,0.40,0.0765,0.3400,0.4000,0.4000,347,2312,3816,3816,0.0765,0.1598,0.2106,0.2106,0.065,,,0,5.15,5.15,40450,4716,843,34891,226351,63996,89926,30999,381877,32528,5407,57721,
KS,17,20,1999,2654052,1378867,46732,3.3,,,,81670,67,9.4,72144400,20094,32603,12845,114875,52008,352,429,497,125,230,329,419,582,752,890,4336,500,0,500,598,320,12.3,0,48,77,0.38,13,27,0.33,0.0765,0.3400,0.4000,0.4000,347,2312,3816,3816,0.0765,0.1598,0.2106,0.2106,0.100,,,0,5.15,2.65,36290,3943,383,31964,187037,52345,92182,33019,307285,42389,8201,67189,
KY,18,21,1999,3960825,1870873,88529,4.5,,,,114994,89,9.3,93441300,215365,99138,42637,396440,159347,225,262,328,125,230,329,419,455,591,747,15450,500,0,500,598,467,12.1,1,64,36,0.64,18,20,0.47,0.0765,0.3400,0.4000,0.4000,347,2312,3816,3816,0.0765,0.1598,0.2106,0.2106,0.000,,,0,5.15,5.15,172225,19906,1485,150834,521296,122056,222438,46207,496734,125955,16208,178926,
LA,19,22,1999,4372035,1935457,103588,5.1,,,,125895,232,19.4,101397100,27423,109389,39372,516285,197520,138,190,234,125,230,329,419,368,519,653,12489,500,0,500,598,823,19.2,0,78,27,0.74,28,11,0.72,0.0765,0.3400,0.4000,0.4000,347,2312,3816,3816,0.0765,0.1598,0.2106,0.2106,0.000,,,0,5.15,5.15,167927,26107,1936,139884,620281,135430,363472,54160,652265,191238,16070,238184,
ME,20,23,1999,1253040,642085,26412,4.0,,,,34379,8,2.5,32800700,11456,35329,13473,108749,53719,312,439,526,125,230,329,419,542,759,910,2913,500,10,510,605,134,10.6,0,81,69,0.54,19,15,0.56,0.0765,0.3400,0.4000,0.4000,347,2312,3816,3816,0.0765,0.1598,0.2106,0.2106,0.000,,,0,5.15,5.15,29341,3517,238,25586,162231,24646,40904,11140,105813,15598,2313,24658,
MD,21,24,1999,5171634,2667341,98778,3.6,,,,180191,56,4.5,174048000,241834,88429,34748,264393,117311,295,399,455,125,230,329,419,525,728,860,8470,500,0,500,598,367,7.3,1,99,41,0.71,32,15,0.68,0.0765,0.3400,0.4000,0.4000,347,2312,3816,3816,0.0765,0.1598,0.2106,0.2106,0.100,,,0,5.15,5.15,86684,15644,761,70279,509149,93338,177092,33603,386356,79305,7333,98472,
MA,22,25,1999,6175169,3247012,106853,3.2,,,,265143,83,5.2,220405000,81430,132798,54463,261021,121767,474,579,651,125,230,329,419,685,857,997,17002,500,129,629,688,738,11.8,0,130,29,0.82,32,8,0.80,0.0765,0.3400,0.4000,0.4000,347,2312,3816,3816,0.0765,0.1598,0.2106,0.2106,0.100,,,1,5.15,5.25,167050,46074,4289,116687,900051,115042,195074,30649,520478,87281,4148,103188,
MI,23,26,1999,9863775,4925999,189758,3.7,,,,337835,143,4.7,283993800,55201,260819,95208,682680,297465,371,459,563,125,230,329,419,601,773,936,30899,500,14,514,608,978,9.7,0,58,51,0.53,15,23,0.39,0.0765,0.3400,0.4000,0.4000,347,2312,3816,3816,0.0765,0.1598,0.2106,0.2106,0.000,,,0,5.15,5.15,210022,19950,1939,188133,1071986,215138,332003,60214,780189,129033,11896,167464,
MN,24,27,1999,4775508,2680029,76116,2.8,,,,175156,57,4.1,147753400,111847,123003,42465,208062,94437,437,536,621,125,230,329,419,659,827,976,11168,500,81,581,654,354,7.3,0,70,64,0.52,40,26,0.61,0.0765,0.3400,0.4000,0.4000,347,2312,3816,3816,0.0765,0.1598,0.2106,0.2106,0.250,,,1,5.15,5.15,63626,10122,713,52791,456533,90191,139142,51162,566210,55241,8930,89077,
MS,25,28,1999,2768619,1220702,65800,5.1,,,,63819,80,10.0,58501600,23029,38746,16644,288057,115176,96,120,144,125,230,329,419,326,449,563,8003,500,0,500,598,446,16.2,0,84,36,0.70,34,18,0.65,0.0765,0.3400,0.4000,0.4000,347,2312,3816,3816,0.0765,0.1598,0.2106,0.2106,0.000,,,0,5.15,5.15,131247,24166,1290,105791,432887,96863,251157,36174,400699,141426,12215,171740,
MO,26,29,1999,5468338,2809325,95646,3.3,,,,177748,33,2.2,146923400,51144,131861,50917,408331,172499,234,292,342,125,230,329,419,464,621,761,15111,500,0,500,598,647,11.7,1,85,76,0.53,18,16,0.53,0.0765,0.3400,0.4000,0.4000,347,2312,3816,3816,0.0765,0.1598,0.2106,0.2106,0.000,,,0,5.15,5.15,111003,13391,974,96638,725760,126640,223276,48526,583973,107562,12990,153808,
MT,27,30,1999,882779,439993,24380,5.3,,,,20821,32,12.9,19592200,67362,13991,4828,60898,25334,349,461,527,125,230,329,419,579,774,911,861,500,0,500,598,141,15.8,0,35,65,0.35,18,32,0.36,0.0765,0.3400,0.4000,0.4000,347,2312,3816,3816,0.0765,0.1598,0.2106,0.2106,0.000,,,0,5.15,5.15,13697,1390,127,12180,67979,21346,31176,8534,80974,10982,1450,15449,
NE,28,31,1999,1666028,911444,26115,2.8,,,,53705,36,7.6,46968800,6757,33480,11336,92404,37969,293,364,435,125,230,329,419,523,693,846,2715,500,27,527,617,184,11.0,0,,,,,,,0.0765,0.3400,0.4000,0.4000,347,2312,3816,3816,0.0765,0.1598,0.2106,0.2106,0.000,,,0,5.15,5.15,21036,2450,244,18342,178227,33037,59840,21906,217617,20946,3219,33361,
NV,29,32,1999,1809253,979646,40654,4.0,,,,71445,92,14.6,58607300,128897,20231,8034,61673,28736,289,348,408,125,230,329,419,519,677,827,3248,500,36,536,623,229,11.3,0,25,17,0.60,9,12,0.43,0.0765,0.3400,0.4000,0.4000,347,2312,3816,3816,0.0765,0.1598,0.2106,0.2106,0.000,,,0,5.15,5.15,24303,6840,641,16822,98776,37415,52338,12896,108417,23752,3199,32445,
NH,30,33,1999,1201134,656962,18233,2.7,,,,41873,7,1.9,38959600,26990,15477,6324,37438,17927,481,550,613,125,230,329,419,689,837,971,1666,500,27,527,617,96,7.6,1,147,248,0.37,12,12,0.50,0.0765,0.3400,0.4000,0.4000,347,2312,3816,3816,0.0765,0.1598,0.2106,0.2106,0.000,,,0,5.15,5.15,11404,1055,121,10228,83399,18100,20381,7742,100808,7587,1295,15684,
NJ,31,34,1999,8143412,4094559,193327,4.5,,,,336471,100,4.8,300854600,219365,165489,62241,384888,169941,322,424,488,125,230,329,419,552,749,883,17298,500,31,531,619,646,7.8,0,32,48,0.40,16,24,0.40,0.0765,0.3400,0.4000,0.4000,347,2312,3816,3816,0.0765,0.1598,0.2106,0.2106,0.000,,,0,5.15,5.15,145565,33852,1056,110657,678567,129603,270405,46444,567684,71117,4278,83691,
NM,32,35,1999,1739844,789677,46560,5.6,,,,53082,129,22.2,39275900,24936,79365,25501,178439,65520,310,489,469,125,230,329,419,540,794,870,3799,500,0,500,598,383,20.9,0,42,28,0.60,25,17,0.60,0.0765,0.3400,0.4000,0.4000,347,2312,3816,3816,0.0765,0.1598,0.2106,0.2106,0.000,,,0,5.15,4.25,45861,8989,559,36313,289286,56494,126173,20505,193935,60670,6424,76162,
NY,33,36,1999,18196601,8654586,471981,5.2,,,,792569,356,7.0,635835200,1619614,812005,325547,1540784,747975,468,577,687,125,230,329,419,680,856,1023,58330,500,87,587,659,2676,14.2,0,95,52,0.65,23,36,0.39,0.0765,0.3400,0.4000,0.4000,347,2312,3816,3816,0.0765,0.1598,0.2106,0.2106,0.200,,,1,5.15,4.25,609459,138987,3425,467047,2769306,476563,1049245,128252,1773276,378994,28736,465002,
NC,34,37,1999,7650789,3927179,129827,3.2,,,,264836,160,8.1,208769700,48785,135119,59328,505410,214501,236,272,297,125,230,329,419,466,601,716,26479,500,0,500,598,1069,13.8,1,59,61,0.49,35,15,0.70,0.0765,0.3400,0.4000,0.4000,347,2312,3816,3816,0.0765,0.1598,0.2106,0.2106,0.000,,,0,5.15,5.15,191743,36237,2170,153336,916246,196389,353800,80668,815517,188973,24549,261216,
ND,35,38,1999,633666,332180,11272,3.3,,,,17017,13,8.4,15328800,124394,8269,3098,33442,13936,333,457,517,125,230,329,419,563,772,904,838,500,0,500,598,81,13.1,0,26,71,0.27,18,31,0.37,0.0765,0.3400,0.4000,0.4000,347,2312,3816,3816,0.0765,0.1598,0.2106,0.2106,0.000,,,0,5.15,5.15,8278,1400,80,6798,45066,14930,21270,7495,81979,6972,1003,11771,
OH,36,39,1999,11256654,5508439,246553,4.3,,,,375814,206,6.6,309198700,1672529,275501,108635,639786,293372,279,362,421,125,230,329,419,509,691,836,38022,500,0,500,598,1343,12.0,0,39,60,0.39,12,21,0.36,0.0765,0.3400,0.4000,0.4000,347,2312,3816,3816,0.0765,0.1598,0.2106,0.2106,0.000,,,0,5.15,4.25,242733,18207,2278,222248,1061583,245994,366193,74340,986279,145121,10147,178252,
OK,37,40,1999,3358044,1597894,58311,3.5,,,,84090,84,10.1,76914500,174663,55971,19990,271351,113313,238,292,380,125,230,329,419,468,621,799,6098,500,53,553,635,424,12.8,0,65,36,0.64,33,15,0.69,0.0765,0.3400,0.4000,0.4000,347,2312,3816,3816,0.0765,0.1598,0.2106,0.2106,0.000,,,0,5.15,5.15,72562,11541,879,60142,396518,108485,185845,42122,371286,101287,13569,137821,
OR,38,41,1999,3316154,1694881,98818,5.5,,,,107564,105,11.5,90929600,512303,44326,16870,223978,107458,395,460,565,125,230,329,419,625,774,937,3919,500,2,502,599,432,12.6,1,29,31,0.48,13,17,0.43,0.0765,0.3400,0.4000,0.4000,347,2312,3816,3816,0.0765,0.1598,0.2106,0.2106,0.050,,,0,5.15,6.50,50515,7148,635,42732,385142,92831,116837,29159,266428,65321,7970,90410,
PA,39,42,1999,11994016,5810162,266616,4.4,,,,390499,128,4.3,348920100,268974,298133,105657,834898,373202,330,421,514,125,230,329,419,560,746,902,25463,500,27,527,617,1117,9.3,0,99,104,0.49,20,30,0.40,0.0765,0.3400,0.4000,0.4000,347,2312,3816,3816,0.0765,0.1598,0.2106,0.2106,0.000,,,0,5.15,5.15,278196,37599,2520,238077,1424584,235526,380526,78760,1007162,143775,13150,190336,
RI,40,44,1999,990819,515760,22336,4.2,,,,32284,7,2.6,29751400,10409,49923,17987,76394,34282,449,554,632,125,230,329,419,667,840,984,2599,500,64,564,643,103,10.0,0,84,16,0.84,42,8,0.84,0.0765,0.3400,0.4000,0.4000,347,2312,3816,3816,0.0765,0.1598,0.2106,0.2106,0.265,,,0,5.15,5.65,26897,4692,239,21966,139127,22454,33689,4284,61014,8947,297,9888,
SC,41,45,1999,3885736,1897056,84490,4.3,,,,110096,117,12.2,94554200,130511,43835,18366,308570,126539,159,201,241,125,230,329,419,389,530,660,8590,500,0,500,598,445,11.7,1,52,71,0.42,24,22,0.52,0.0765,0.3400,0.4000,0.4000,347,2312,3816,3816,0.0765,0.1598,0.2106,0.2106,0.000,,,0,5.15,5.15,108093,18364,1640,88089,622906,110850,243433,40264,473096,131484,12914,168105,
SD,42,46,1999,733133,395047,11058,2.7,,,,21046,9,4.4,19005900,6647,8162,3225,44065,16448,380,430,478,125,230,329,419,610,753,876,1541,500,15,515,608,55,7.7,0,22,48,0.31,13,22,0.37,0.0765,0.3400,0.4000,0.4000,347,2312,3816,3816,0.0765,0.1598,0.2106,0.2106,0.000,,,0,5.15,5.15,12735,2105,103,10527,71112,20445,33634,10961,104266,12155,1364,16231,
TN,43,47,1999,5483535,2739189,113256,4.0,,,,176083,55,3.8,145564600,59284,149560,57630,510828,219910,142,185,226,125,230,329,419,372,514,645,16953,500,0,500,598,662,11.9,0,61,38,0.62,18,15,0.55,0.0765,0.3400,0.4000,0.4000,347,2312,3816,3816,0.0765,0.1598,0.2106,0.2106,0.000,,,0,5.15,5.15,166327,24755,1703,139869,1348821,148824,267691,47703,609197,133921,15125,186526,
TX,44,48,1999,20044141,9767851,478006,4.7,,,,680182,925,15.8,541440200,171605,308827,114112,1400526,514786,163,188,226,125,230,329,419,393,517,645,35247,500,0,500,598,3072,15.2,0,82,68,0.55,15,16,0.48,0.0765,0.3400,0.4000,0.4000,347,2312,3816,3816,0.0765,0.1598,0.2106,0.2106,0.000,,,0,5.15,3.35,407872,116874,5657,285341,1891400,707872,1367366,219665,2392448,687723,69330,880771,
UT,45,49,1999,2129836,1081276,39644,3.5,,,,66039,42,5.7,50851400,103240,29231,9801,88163,35206,342,451,498,125,230,329,419,572,767,890,2506,500,0,500,598,126,5.7,0,21,54,0.28,11,18,0.38,0.0765,0.3400,0.4000,0.4000,347,2312,3816,3816,0.0765,0.1598,0.2106,0.2106,0.000,,,0,5.15,5.15,19968,2072,282,17614,131574,59592,73213,32760,266892,21529,3672,30204,
VT,46,50,1999,593740,326979,9967,3.0,,,,17162,7,4.6,16394200,3094,17979,6611,44287,20826,539,611,719,125,230,329,419,730,879,1045,873,500,55,555,636,58,9.6,1,89,57,0.61,17,13,0.57,0.0765,0.3400,0.4000,0.4000,347,2312,3816,3816,0.0765,0.1598,0.2106,0.2106,0.250,,,1,5.15,5.75,12551,1629,125,10797,115209,16051,17250,5083,52048,7874,1327,12947,
VA,47,51,1999,6872912,3443020,97061,2.7,,,,249106,163,9.2,214308700,84777,89380,37022,361581,158842,294,354,410,125,230,329,419,524,683,829,14963,500,0,500,598,537,7.9,0,51,48,0.52,20,20,0.50,0.0765,0.3400,0.4000,0.4000,347,2312,3816,3816,0.0765,0.1598,0.2106,0.2106,0.000,,,0,5.15,5.15,131910,24921,1516,105473,535783,131304,237135,55043,651242,118713,15047,170623,
WA,48,53,1999,5756361,2935202,150342,4.9,,,,230237,84,5.7,181940500,1206736,171701,62640,306654,137341,440,546,642,125,230,329,419,661,834,991,12003,500,27,527,617,545,9.6,1,41,57,0.42,27,22,0.55,0.0765,0.3400,0.4000,0.4000,347,2312,3816,3816,0.0765,0.1598,0.2106,0.2106,0.000,,,0,5.15,5.70,98314,13874,937,83503,692310,141089,194856,50920,457640,85600,10185,112053,
WV,49,54,1999,1806928,752379,51964,6.5,,,,41796,39,10.6,38151700,493457,31762,11447,247249,102925,201,278,312,125,230,329,419,431,607,731,1891,500,0,500,598,272,15.7,0,74,26,0.74,29,5,0.85,0.0765,0.3400,0.4000,0.4000,347,2312,3816,3816,0.0765,0.1598,0.2106,0.2106,0.000,,,0,5.15,5.15,70993,5869,590,64534,266991,52335,95446,21499,204129,55277,8904,85850,
WI,50,55,1999,5250446,2855212,92035,3.1,,,,172329,111,6.9,149420700,19877,46634,19140,182206,71662,628,628,628,125,230,329,419,792,891,981,10946,500,84,584,657,466,8.6,0,46,51,0.47,17,16,0.52,0.0765,0.3400,0.4000,0.4000,347,2312,3816,3816,0.0765,0.1598,0.2106,0.2106,0.040,0.140,0.430,1,5.15,5.15,86544,10229,988,75327,411879,104041,145528,43677,530915,34669,4373,49430,
WY,51,56,1999,479602,250605,12153,4.6,,,,15715,10,7.4,13517800,78538,1717,811,23477,9248,320,340,390,125,230,329,419,550,669,809,448,500,10,510,605,56,11.6,0,17,43,0.28,10,20,0.33,0.0765,0.3400,0.4000,0.4000,347,2312,3816,3816,0.0765,0.1598,0.2106,0.2106,0.000,,,0,5.15,1.60,5784,573,55,5156,35667,11583,16840,6115,53399,5609,833,7908,
AL,1,1,2000,4452173,2035594,97629,4.6,,,,120133,75,6.3,108355100,56936,45708,19083,396057,156105,137,164,194,127,234,335,426,371,499,620,9943,513,0,513,609,583,13.3,1,71,34,0.68,23,12,0.66,0.0765,0.3400,0.4000,0.4000,353,2353,3888,3888,0.0765,0.1598,0.2106,0.2106,0.000,,,0,5.15,5.15,159343,26534,1152,131657,564926,103930,268086,49422,541403,115592,11646,148632,
AK,2,2,2000,627963,299146,20365,6.4,,,,26816,12,6.3,20078700,13660,22367,7347,37524,13208,821,923,1025,158,290,415,528,1077,1273,1458,1199,513,362,875,983,47,7.6,1,15,25,0.38,5,15,0.25,0.0765,0.3400,0.4000,0.4000,353,2353,3888,3888,0.0765,0.1598,0.2106,0.2106,0.000,,,0,5.15,5.65,8636,1453,123,7060,83161,24395,22237,6467,50421,6420,973,9262,
AZ,3,4,2000,5160586,2410581,99302,4.0,,,,164610,174,11.6,135387500,220936,87217,33723,259006,95569,275,347,418,127,234,335,426,509,682,841,14278,513,0,513,609,607,11.7,0,22,38,0.37,14,16,0.47,0.0765,0.3400,0.4000,0.4000,353,2353,3888,3888,0.0765,0.1598,0.2106,0.2106,0.000,,,0,5.15,5.15,81278,13194,959,67125,483993,145544,246213,44106,446697,105416,10816,133627,
AR,4,5,2000,2678588,1204695,53606,4.3,,,,68740,68,9.4,60969900,33219,29313,12354,246572,98764,162,204,247,127,234,335,426,396,539,673,5202,513,0,513,609,436,16.5,0,86,14,0.86,29,6,0.83,0.0765,0.3400,0.4000,0.4000,353,2353,3888,3888,0.0765,0.1598,0.2106,0.2106,0.000,,,0,5.15,5.15,85310,14206,943,70161,392018,82131,156752,27967,311943,91276,9713,123355,
CA,5,6,2000,33987977,16033179,834629,4.9,,,,1366167,937,9.4,1133965400,1412425,1298875,498414,1831698,672198,505,626,746,127,234,335,426,710,896,1071,158503,513,180,693,735,4294,12.7,1,42,37,0.53,24,15,0.62,0.0765,0.3400,0.4000,0.4000,353,2353,3888,3888,0.0765,0.1598,0.2106,0.2106,0.000,,,0,5.15,6.25,1087614,333892,21949,731773,6168816,1219430,1685029,261037,2566924,701083,66292,834512,
CO,6,8,2000,4326921,2294408,65107,2.8,,,,180693,104,8.8,147924900,38792,28837,11154,155948,69951,281,356,432,127,234,335,426,515,691,851,4492,513,36,549,634,425,9.8,0,24,41,0.37,15,20,0.43,0.0765,0.3400,0.4000,0.4000,353,2353,3888,3888,0.0765,0.1598,0.2106,0.2106,0.100,,,1,5.15,5.15,53694,8985,553,44156,278969,71967,117010,33192,320778,37930,5698,55516,
CT,7,9,2000,3411777,1721913,42213,2.4,,,,165822,32,3.7,147054800,119885,66407,28095,165059,84016,513,636,741,127,234,335,426,716,903,1067,7816,513,235,748,773,258,7.7,0,96,55,0.64,19,17,0.53,0.0765,0.3400,0.4000,0.4000,353,2353,3888,3888,0.0765,0.1598,0.2106,0.2106,0.000,,,0,5.15,6.15,48731,7115,510,41106,353855,50867,102959,18681,265095,38987,3185,48433,
DE,8,10,2000,786373,398027,15473,3.7,,,,43516,5,2.4,26663800,9876,12849,6058,32218,13463,270,338,407,127,234,335,426,504,673,833,2770,513,0,513,609,65,8.4,1,13,28,0.32,13,8,0.62,0.0765,0.3400,0.4000,0.4000,353,2353,3888,3888,0.0765,0.1598,0.2106,0.2106,0.000,,,0,5.15,6.15,11961,1387,117,10457,97618,15844,27298,5466,71546,12314,1205,17003,
DC,9,11,2000,572046,293086,17383,5.6,,,,61033,6,4.9,24794500,17213,46528,17439,80803,36194,298,379,463,127,234,335,426,532,714,873,5219,513,0,513,609,84,15.2,.,,,,11,2,0.85,0.0765,0.3400,0.4000,0.4000,353,2353,3888,3888,0.0765,0.1598,0.2106,0.2106,0.100,,,1,5.15,6.15,20073,2524,190,17359,127279,15060,41609,1808,47203,16805,614,18360,
FL,10,12,2000,16047515,7565981,290914,3.7,,,,488466,419,10.6,472238600,264347,150636,67355,882341,415788,241,303,364,127,234,335,426,475,638,790,37400,513,0,513,609,1754,11.0,0,57,63,0.48,15,24,0.38,0.0765,0.3400,0.4000,0.4000,353,2353,3888,3888,0.0765,0.1598,0.2106,0.2106,0.000,,,0,5.15,5.15,376555,94038,3109,279408,1717152,296298,744641,137606,1322452,330980,31898,415223,
GA,11,13,2000,8227303,4071557,150696,3.6,,,,306020,161,6.9,237444900,70987,128607,52928,559468,229500,235,280,330,127,234,335,426,469,615,756,23640,513,0,513,609,982,12.1,1,102,78,0.57,33,22,0.60,0.0765,0.3400,0.4000,0.4000,353,2353,3888,3888,0.0765,0.1598,0.2106,0.2106,0.000,,,0,5.15,3.25,196780,34112,2264,160404,886542,216319,471354,93080,1065362,258931,31696,367309,
HI,12,15,2000,1213519,580214,25733,4.2,,,,41520,11,3.5,35682000,18893,47136,14438,118041,54212,452,570,687,199,365,523,664,817,1093,1320,2119,513,5,518,717,106,8.9,1,39,12,0.76,23,2,0.92,0.0765,0.3400,0.4000,0.4000,353,2353,3888,3888,0.0765,0.1598,0.2106,0.2106,0.000,,,0,5.15,5.25,21009,7047,168,13794,152410,32080,51578,14659,143108,22065,3763,37982,
ID,13,16,2000,1299430,628844,30980,4.7,,,,38131,39,9.8,32791100,88130,2309,1275,58191,23174,293,293,293,127,234,335,426,527,628,719,879,513,53,566,646,162,12.5,0,11,59,0.16,4,31,0.11,0.0765,0.3400,0.4000,0.4000,353,2353,3888,3888,0.0765,0.1598,0.2106,0.2106,0.000,,,0,5.15,6.15,18347,1839,182,16326,114331,31286,52213,18584,142779,18499,2779,26333,
IL,14,17,2000,12434161,6211404,282062,4.3,,,,486766,168,5.1,412423100,56511,254238,83917,760472,329280,278,377,414,127,234,335,426,512,712,839,23402,513,0,513,609,1307,10.7,0,60,58,0.51,27,32,0.46,0.0765,0.3400,0.4000,0.4000,353,2353,3888,3888,0.0765,0.1598,0.2106,0.2106,0.050,,,0,5.15,5.15,248833,32541,2374,213918,1427064,120648,574503,69087,1057807,171201,8921,202572,
IN,15,18,2000,6091866,3029073,97306,3.1,,,,203357,99,6.2,171989700,25915,99073,35872,300314,127875,229,288,346,127,234,335,426,463,623,772,3342,513,0,513,609,513,8.5,1,50,50,0.50,19,31,0.38,0.0765,0.3400,0.4000,0.4000,353,2353,3888,3888,0.0765,0.1598,0.2106,0.2106,0.000,,,0,5.15,5.15,88017,7309,1045,79663,603128,60793,182061,48688,622399,76493,9992,110528,
IA,16,19,2000,2929067,1548636,41817,2.6,,,,93190,38,5.0,80442400,10647,53267,20025,123322,52548,361,426,495,127,234,335,426,595,756,895,7703,513,0,513,609,237,8.3,1,46,54,0.46,20,30,0.40,0.0765,0.3400,0.4000,0.4000,353,2353,3888,3888,0.0765,0.1598,0.2106,0.2106,0.065,,,0,5.15,5.15,40298,4477,827,34994,229162,31286,89116,31264,382630,35014,6318,64365,
KS,17,20,2000,2693681,1356147,50433,3.6,,,,85821,44,6.2,76079400,17304,31620,12585,116511,53346,352,429,497,127,234,335,426,586,758,897,4466,513,0,513,609,213,8.0,0,48,77,0.38,13,27,0.33,0.0765,0.3400,0.4000,0.4000,353,2353,3888,3888,0.0765,0.1598,0.2106,0.2106,0.100,,,0,5.15,2.65,36277,3784,376,32117,194921,52773,92362,34032,308414,43250,9019,69447,
KY,18,21,2000,4049021,1883714,81974,4.2,,,,114099,48,4.6,100796500,147018,88747,38542,403479,167971,225,262,328,127,234,335,426,459,597,754,15265,513,0,513,609,502,12.6,1,64,36,0.64,18,20,0.47,0.0765,0.3400,0.4000,0.4000,353,2353,3888,3888,0.0765,0.1598,0.2106,0.2106,0.000,,,0,5.15,5.15,174346,18753,1442,154151,571565,112182,220001,47961,499368,126810,17602,184173,
LA,19,22,2000,4471885,1929056,108019,5.3,,,,132710,139,10.8,107072500,30377,74888,27820,499851,191891,138,190,234,127,234,335,426,372,525,660,11924,513,0,513,609,750,17.2,0,78,27,0.74,28,11,0.72,0.0765,0.3400,0.4000,0.4000,353,2353,3888,3888,0.0765,0.1598,0.2106,0.2106,0.000,,,0,5.15,5.15,165525,24563,1894,139068,660837,130042,360758,53368,646083,191526,16038,239418,
ME,20,23,2000,1277072,655349,22815,3.4,,,,36841,12,4.1,35226300,11693,28191,10864,101598,51711,345,461,581,127,234,335,426,579,780,955,2392,513,10,523,616,128,10.1,0,81,69,0.54,19,15,0.56,0.0765,0.3400,0.4000,0.4000,353,2353,3888,3888,0.0765,0.1598,0.2106,0.2106,0.050,,,0,5.15,5.15,29705,3298,234,26173,166119,22073,39502,11174,106983,16005,2642,26589,
MD,21,24,2000,5311034,2703284,100401,3.6,,,,192020,58,4.0,189505400,250743,72147,29313,219180,101048,328,417,503,127,234,335,426,562,750,901,10196,513,0,513,609,386,7.4,1,99,41,0.71,32,15,0.68,0.0765,0.3400,0.4000,0.4000,353,2353,3888,3888,0.0765,0.1598,0.2106,0.2106,0.150,,,0,5.15,5.15,88073,15726,745,71602,549454,94194,172785,36155,392414,76184,8286,98423,
MA,22,25,2000,6361104,3240245,89932,2.7,,,,289653,39,2.6,245253200,87412,101452,44189,231829,110234,486,579,668,127,234,335,426,697,863,1016,15477,513,129,642,699,618,9.8,0,130,29,0.82,32,8,0.80,0.0765,0.3400,0.4000,0.4000,353,2353,3888,3888,0.0765,0.1598,0.2106,0.2106,0.100,,,1,5.15,6.00,167784,45959,4251,117574,925181,113842,189189,32024,528225,87583,5273,107427,
MI,23,26,2000,9952450,4976322,186452,3.6,,,,351641,66,2.5,302644200,60125,207010,74231,602857,269430,371,459,563,127,234,335,426,605,779,943,23623,513,14,527,619,967,9.9,0,58,51,0.53,15,23,0.39,0.0765,0.3400,0.4000,0.4000,353,2353,3888,3888,0.0765,0.1598,0.2106,0.2106,0.000,,,0,5.15,5.15,209608,19413,1892,188303,1066052,213049,336607,63079,802805,128544,12590,169914,
MN,24,27,2000,4933692,2724118,88829,3.2,,,,190894,30,2.3,160084300,111050,115749,39040,196050,91099,437,532,621,127,234,335,426,663,830,983,8229,513,81,594,666,276,5.7,0,70,64,0.52,40,26,0.61,0.0765,0.3400,0.4000,0.4000,353,2353,3888,3888,0.0765,0.1598,0.2106,0.2106,0.330,,,1,5.15,5.15,64084,10152,721,53211,464534,90093,134331,50662,562471,55486,10765,99395,
MS,25,28,2000,2848353,1248240,71026,5.4,,,,65600,36,4.5,61638200,24101,33801,14970,275856,108993,146,170,194,127,234,335,426,380,505,620,8228,513,0,513,609,418,14.9,1,84,36,0.70,34,18,0.65,0.0765,0.3400,0.4000,0.4000,353,2353,3888,3888,0.0765,0.1598,0.2106,0.2106,0.000,,,0,5.15,5.15,128791,22440,1257,105094,479328,95836,250303,36194,397111,141323,12621,171967,
MO,26,29,2000,5607285,2853891,106055,3.6,,,,186785,51,3.4,157009200,55125,124763,46776,423320,182254,234,292,342,127,234,335,426,468,627,768,12307,513,0,513,609,505,9.2,1,85,76,0.53,18,16,0.53,0.0765,0.3400,0.4000,0.4000,353,2353,3888,3888,0.0765,0.1598,0.2106,0.2106,0.000,,,0,5.15,5.15,112230,12877,987,98366,790328,123738,222317,50591,586760,109495,14303,159531,
MT,27,30,2000,903773,444137,23156,5.0,,,,21878,25,10.5,20871900,71419,12948,4555,59466,25280,374,469,564,127,234,335,426,608,786,944,917,513,0,513,609,126,14.1,0,35,65,0.35,18,32,0.36,0.0765,0.3400,0.4000,0.4000,353,2353,3888,3888,0.0765,0.1598,0.2106,0.2106,0.000,,,0,5.15,5.15,13845,1342,125,12378,70063,21288,30533,8505,79000,10616,1413,15020,
NE,28,31,2000,1713820,918370,26603,2.8,,,,56541,15,3.2,49735600,7349,24037,9538,82414,35130,293,364,435,127,234,335,426,527,699,853,2971,513,7,520,614,145,8.6,0,,,,,,,0.0765,0.3400,0.4000,0.4000,353,2353,3888,3888,0.0765,0.1598,0.2106,0.2106,0.000,,,0,5.15,5.15,21221,2382,239,18600,188298,32793,60063,22247,220042,22387,3668,36572,
NV,29,32,2000,2018741,1022462,44560,4.2,,,,76654,55,9.7,64339600,21444,15906,6274,60905,28291,289,348,407,127,234,335,426,523,683,833,1137,513,36,549,634,180,8.8,0,25,17,0.60,9,12,0.43,0.0765,0.3400,0.4000,0.4000,353,2353,3888,3888,0.0765,0.1598,0.2106,0.2106,0.000,,,0,5.15,5.15,25405,6972,644,17789,100565,38781,54894,13658,113726,24720,3588,34565,
NH,30,33,2000,1239882,669621,18287,2.7,,,,45223,8,2.5,43867200,10651,14035,5841,36266,18095,506,575,638,127,234,335,426,711,860,995,1650,513,27,540,628,56,4.5,1,147,248,0.37,12,12,0.50,0.0765,0.3400,0.4000,0.4000,353,2353,3888,3888,0.0765,0.1598,0.2106,0.2106,0.000,,,0,5.15,5.15,11577,1006,119,10452,82031,17049,20955,6542,103961,7907,1079,16437,
NJ,31,34,2000,8430621,4123717,158352,3.7,,,,361845,87,4.2,330957200,232319,130317,51630,344677,152358,322,424,488,127,234,335,426,556,755,890,18572,513,31,544,631,612,7.3,0,32,48,0.40,16,24,0.40,0.0765,0.3400,0.4000,0.4000,353,2353,3888,3888,0.0765,0.1598,0.2106,0.2106,0.100,,,0,5.15,5.15,146350,34048,1080,111222,689106,127013,268676,49363,585571,70875,5466,86998,
NM,32,35,2000,1821204,804103,41652,4.9,,,,55240,72,13.7,42319500,26053,72343,23655,169343,63534,360,439,519,127,234,335,426,594,765,912,4694,513,0,513,609,312,17.5,0,42,28,0.60,25,17,0.60,0.0765,0.3400,0.4000,0.4000,353,2353,3888,3888,0.0765,0.1598,0.2106,0.2106,0.000,,,0,5.15,4.25,46662,8930,566,37166,311748,57802,124776,20853,192374,60809,6827,77587,
NY,33,36,2000,19001780,8718749,415120,4.5,,,,836202,254,5.2,684590100,1764121,723793,258702,1438568,720035,468,577,687,127,234,335,426,684,862,1030,58324,513,87,600,670,2604,13.9,0,95,52,0.65,23,36,0.39,0.0765,0.3400,0.4000,0.4000,353,2353,3888,3888,0.0765,0.1598,0.2106,0.2106,0.225,,,1,5.15,5.15,617167,138971,3370,474826,2753674,466818,1036623,133741,1789676,370653,30655,465215,
NC,34,37,2000,8081614,3986151,152039,3.7,,,,277994,140,6.6,222564900,52525,99553,45725,488247,209232,236,272,297,127,234,335,426,470,607,723,22876,513,0,513,609,1000,12.5,1,59,61,0.49,35,15,0.70,0.0765,0.3400,0.4000,0.4000,353,2353,3888,3888,0.0765,0.1598,0.2106,0.2106,0.000,,,0,5.15,5.15,191053,33990,2093,154970,954384,190258,355088,83831,821586,186923,26769,268436,
ND,35,38,2000,642023,332407,10161,3.0,,,,18014,8,5.5,16663900,119829,7524,2901,31824,13604,363,457,549,127,234,335,426,597,778,933,871,513,0,513,609,65,10.4,0,26,71,0.27,18,31,0.37,0.0765,0.3400,0.4000,0.4000,353,2353,3888,3888,0.0765,0.1598,0.2106,0.2106,0.000,,,0,5.15,5.15,8167,1351,80,6736,45141,14303,20932,7595,80367,7300,1191,12743,
OH,36,39,2000,11363543,5556757,230586,4.0,,,,391321,162,5.6,325803000,1725851,245085,97969,609717,279174,305,373,461,127,234,335,426,539,708,871,37227,513,0,513,609,1117,10.0,0,39,60,0.39,12,21,0.36,0.0765,0.3400,0.4000,0.4000,353,2353,3888,3888,0.0765,0.1598,0.2106,0.2106,0.000,,,0,5.15,4.25,239911,17526,2248,220137,1076549,242921,359477,77328,995968,147127,11427,184866,
OK,37,40,2000,3454365,1610099,50429,3.0,,,,90893,118,12.7,83238000,174384,35472,14316,253287,107098,225,292,361,127,234,335,426,459,627,787,5860,513,53,566,646,503,14.9,0,65,36,0.64,33,15,0.69,0.0765,0.3400,0.4000,0.4000,353,2353,3888,3888,0.0765,0.1598,0.2106,0.2106,0.000,,,0,5.15,5.15,72140,10782,866,60492,436887,108239,184951,43786,374309,103987,15250,145155,
OR,38,41,2000,3429708,1725744,92815,5.1,,,,117291,54,6.0,97954600,595295,39031,17058,234387,114368,395,460,565,127,234,335,426,629,780,944,6738,513,2,515,610,371,10.9,1,29,31,0.48,13,17,0.43,0.0765,0.3400,0.4000,0.4000,353,2353,3888,3888,0.0765,0.1598,0.2106,0.2106,0.050,,,0,5.15,6.50,51936,7238,634,44064,392480,86061,116434,30182,266059,66682,9238,97546,
PA,39,42,2000,12284173,5854551,252341,4.1,,,,408203,107,3.6,373357100,249837,249721,89899,777112,352491,330,421,514,127,234,335,426,564,752,909,28243,513,27,540,628,1033,8.6,0,99,104,0.49,20,30,0.40,0.0765,0.3400,0.4000,0.4000,353,2353,3888,3888,0.0765,0.1598,0.2106,0.2106,0.000,,,0,5.15,5.15,283969,36547,2457,244965,1446323,230914,371290,80303,1013043,138296,13509,187166,
RI,40,44,2000,1050268,521313,22248,4.1,,,,34521,6,2.5,32048900,10873,45161,16324,74256,33422,449,554,634,127,234,335,426,671,846,993,2658,513,64,577,654,106,10.2,0,84,16,0.84,42,8,0.84,0.0765,0.3400,0.4000,0.4000,353,2353,3888,3888,0.0765,0.1598,0.2106,0.2106,0.260,,,0,5.15,5.65,27778,4606,226,22946,156340,21783,34009,4427,63304,10706,457,12221,
SC,41,45,2000,4024223,1918583,74979,3.8,,,,115177,42,3.9,101217400,140801,41324,17502,295335,121945,162,204,245,127,234,335,426,396,539,671,8459,513,0,513,609,441,11.1,1,52,71,0.42,24,22,0.52,0.0765,0.3400,0.4000,0.4000,353,2353,3888,3888,0.0765,0.1598,0.2106,0.2106,0.000,,,0,5.15,5.15,107469,17162,1583,88724,661503,108204,242208,40509,470932,129840,13004,167196,
SD,42,46,2000,755844,398618,10040,2.5,,,,22669,13,6.3,20280900,7061,6755,2802,42887,16425,380,430,478,127,234,335,426,614,759,883,1527,513,15,528,619,79,10.7,0,22,48,0.31,13,22,0.37,0.0765,0.3400,0.4000,0.4000,353,2353,3888,3888,0.0765,0.1598,0.2106,0.2106,0.000,,,0,5.15,5.15,12642,1999,110,10533,76155,20409,33146,10788,104646,13016,1566,17868,
TN,43,47,2000,5703719,2733281,109788,3.9,,,,182089,46,3.1,154419500,61616,145473,56148,496031,215336,142,185,226,127,234,335,426,376,520,652,27044,513,0,513,609,759,13.5,0,61,38,0.62,18,15,0.55,0.0765,0.3400,0.4000,0.4000,353,2353,3888,3888,0.0765,0.1598,0.2106,0.2106,0.000,,,0,5.15,5.15,164202,23118,1663,139421,1346184,148662,272893,51514,621630,135591,16925,192065,
TX,44,48,2000,20944499,9929387,444666,4.3,,,,738804,"1,036",16.3,589275400,186009,342383,127880,1332785,489303,174,201,241,127,234,335,426,408,536,667,43399,513,0,513,609,3204,15.5,0,82,68,0.55,15,16,0.48,0.0765,0.3400,0.4000,0.4000,353,2353,3888,3888,0.0765,0.1598,0.2106,0.2106,0.000,,,0,5.15,3.35,409162,115402,5725,288035,1925885,737206,1399965,229727,2450504,728512,76419,945887,
UT,45,49,2000,2244502,1103807,38237,3.3,,,,70384,37,4.9,54465500,130208,22151,8410,81917,32616,362,451,528,127,234,335,426,596,773,918,2539,513,0,513,609,170,7.6,0,21,54,0.28,11,18,0.38,0.0765,0.3400,0.4000,0.4000,353,2353,3888,3888,0.0765,0.1598,0.2106,0.2106,0.000,,,0,5.15,5.15,20130,2096,270,17764,131404,57549,74162,32844,269491,22594,4073,32383,
VT,46,50,2000,609618,322129,9275,2.8,,,,18313,3,2.0,17745600,3415,16170,6043,40831,19649,604,708,792,127,234,335,426,780,953,1103,910,513,58,571,649,60,10.0,1,89,57,0.61,17,13,0.57,0.0765,0.3400,0.4000,0.4000,353,2353,3888,3888,0.0765,0.1598,0.2106,0.2106,0.320,,,1,5.15,5.75,12525,1567,115,10843,120425,16401,16322,5073,51970,8205,1407,14050,
VA,47,51,2000,7105817,3522865,82946,2.3,,,,267618,95,5.1,232313700,88933,72573,31864,336080,150452,294,354,410,127,234,335,426,528,689,836,12801,513,0,513,609,577,8.3,0,51,48,0.52,20,20,0.50,0.0765,0.3400,0.4000,0.4000,353,2353,3888,3888,0.0765,0.1598,0.2106,0.2106,0.000,,,0,5.15,5.15,131942,24530,1455,105957,519345,128163,231718,58756,665276,116060,16340,172300,
WA,48,53,2000,5910512,2901492,157847,5.2,,,,238137,85,5.3,194509900,1311034,153057,57008,295061,133481,440,546,642,127,234,335,426,665,840,998,15550,513,27,540,628,634,10.8,1,41,57,0.42,27,22,0.55,0.0765,0.3400,0.4000,0.4000,353,2353,3888,3888,0.0765,0.1598,0.2106,0.2106,0.000,,,0,5.15,6.50,100761,14148,949,85664,781637,145850,193884,53253,465968,84790,11442,114375,
WV,49,54,2000,1807021,764711,44352,5.5,,,,42577,35,8.4,40353000,544289,32257,12146,226897,96097,276,328,387,127,234,335,426,510,663,813,3729,513,0,513,609,261,14.7,0,74,26,0.74,29,5,0.85,0.0765,0.3400,0.4000,0.4000,353,2353,3888,3888,0.0765,0.1598,0.2106,0.2106,0.000,,,0,5.15,5.15,71420,5527,589,65304,258641,50996,92309,21491,201588,53970,9387,85944,
WI,50,55,2000,5373999,2868382,104839,3.5,,,,180616,34,2.5,159326000,21543,38056,16719,193021,76633,628,628,628,127,234,335,426,796,897,988,11174,513,84,597,668,493,9.3,0,46,51,0.47,17,16,0.52,0.0765,0.3400,0.4000,0.4000,353,2353,3888,3888,0.0765,0.1598,0.2106,0.2106,0.040,0.140,0.430,1,5.15,5.15,84887,9771,969,74147,494453,100574,143808,45371,536099,37521,5254,56314,
WY,51,56,2000,494300,256414,10394,3.9,,,,17192,11,8.1,14591300,87821,1183,604,22447,8952,320,340,340,127,234,335,426,554,675,766,394,513,10,523,616,52,10.8,0,17,43,0.28,10,20,0.33,0.0765,0.3400,0.4000,0.4000,353,2353,3888,3888,0.0765,0.1598,0.2106,0.2106,0.000,,,0,5.15,1.60,5798,559,53,5186,36897,10757,16083,6157,51688,5680,951,8330,
AL,1,1,2001,4467634,2006884,108517,5.1,25.21760,15.96774,4.32368,123035,68,5.7,112154900,64242,43555,18368,411292,161372,137,164,194,130,238,341,434,375,505,628,9501,531,0,531,632,696,15.9,1,69,36,0.66,24,11,0.69,0.0765,0.3400,0.4000,0.4000,364,2428,4008,4008,0.0765,0.1598,0.2106,0.2106,0.000,,,0,5.15,5.15,161522,24500,1115,135907,674008,111049,269669,50396,542346,119762,11965,153415,
AK,2,2,2001,633714,300731,20662,6.4,23.42779,12.38385,2.55782,28455,12,6.2,21240400,14779,16997,5847,37897,13184,821,923,1025,160,294,421,535,1100,1299,1484,1082,531,362,893,1017,54,8.5,1,14,26,0.35,6,14,0.30,0.0765,0.3400,0.4000,0.4000,364,2428,4008,4008,0.0765,0.1598,0.2106,0.2106,0.000,,,0,5.15,5.65,9123,1483,124,7516,87961,23628,22325,6858,52310,6775,1043,9797,
AZ,3,4,2001,5273477,2461498,123786,4.8,25.59117,16.33736,4.89664,171481,221,13.7,141344500,256701,82595,33194,291372,107799,275,347,418,130,238,341,434,513,688,852,15123,531,0,531,632,778,14.6,0,22,38,0.37,15,15,0.50,0.0765,0.3400,0.4000,0.4000,364,2428,4008,4008,0.0765,0.1598,0.2106,0.2106,0.000,,,0,5.15,5.15,84796,13186,967,70643,584155,147285,254757,49234,470420,110355,12150,142406,
AR,4,5,2001,2691571,1191273,62183,5.0,32.56033,17.82938,4.64104,70680,58,7.9,64168100,35036,27722,11607,256441,102633,162,204,247,130,238,341,434,400,545,681,5133,531,0,531,632,472,17.8,0,74,23,0.76,27,8,0.77,0.0765,0.3400,0.4000,0.4000,364,2428,4008,4008,0.0765,0.1598,0.2106,0.2106,0.000,,,0,5.15,5.15,85088,13075,954,71059,442376,79826,158839,28763,312901,91435,10007,123930,
CA,5,6,2001,34479458,16197671,930759,5.4,24.11772,15.05919,3.90529,1387552,878,8.5,1173768800,1687726,1185399,468747,1668352,622602,505,645,746,130,238,341,434,722,923,1086,171722,531,181,712,759,4321,12.6,1,47,32,0.59,26,14,0.65,0.0765,0.3400,0.4000,0.4000,364,2428,4008,4008,0.0765,0.1598,0.2106,0.2106,0.000,,,0,5.15,6.25,1106294,335458,21896,748940,6747559,1243509,1661756,291420,2613904,690361,77211,846227,
CO,6,8,2001,4425687,2300113,90935,3.8,17.77427,8.85520,2.46316,187546,97,7.8,154999800,231364,27132,10639,153952,69408,281,356,432,130,238,341,434,519,697,866,4519,531,37,568,658,383,8.7,0,25,40,0.38,18,17,0.51,0.0765,0.3400,0.4000,0.4000,364,2428,4008,4008,0.0765,0.1598,0.2106,0.2106,0.100,,,1,5.15,5.15,53466,8772,551,44143,300006,72124,115434,33634,321516,38204,6194,57466,
CT,7,9,2001,3432835,1704774,55055,3.1,14.26429,6.61154,1.74789,172835,32,3.8,155243100,125360,59860,25943,157031,81857,513,636,741,130,238,341,434,727,916,1083,8778,531,217,748,784,249,7.3,0,96,55,0.64,21,15,0.58,0.0765,0.3400,0.4000,0.4000,364,2428,4008,4008,0.0765,0.1598,0.2106,0.2106,0.000,,,0,5.15,6.40,49586,6973,510,42103,369713,49252,102738,19438,272008,39285,3414,49353,
DE,8,10,2001,795699,407033,14753,3.5,15.98709,8.11227,2.10227,46556,10,4.8,29402400,11471,12234,5376,31886,13602,270,338,407,130,238,341,434,508,679,841,2508,531,0,531,632,53,6.7,1,15,26,0.37,13,8,0.62,0.0765,0.3400,0.4000,0.4000,364,2428,4008,4008,0.0765,0.1598,0.2106,0.2106,0.000,,,0,5.15,6.15,12197,1323,122,10752,106125,16568,26659,5747,71670,12132,1309,17305,
DC,9,11,2001,574504,290811,19704,6.3,21.63022,12.18502,2.28514,65518,6,5.3,25677500,18965,43013,16241,73494,33344,298,379,463,130,238,341,434,536,720,888,4843,531,0,531,632,101,18.2,.,,,,11,2,0.85,0.0765,0.3400,0.4000,0.4000,364,2428,4008,4008,0.0765,0.1598,0.2106,0.2106,0.250,,,1,5.15,6.15,19973,2356,195,17422,125484,15204,44724,2027,50990,18451,707,20265,
FL,10,12,2001,16356966,7669117,374597,4.7,21.34198,13.89738,4.05794,516559,435,10.6,496337200,265523,124586,58849,887256,425955,241,303,364,130,238,341,434,479,644,798,35774,531,0,531,632,2077,12.7,0,47,73,0.39,15,25,0.38,0.0765,0.3400,0.4000,0.4000,364,2428,4008,4008,0.0765,0.1598,0.2106,0.2106,0.000,,,0,5.15,5.15,386334,93118,3198,290018,1920479,316758,747375,145530,1342800,338381,36109,434777,
GA,11,13,2001,8377038,4089559,172482,4.0,26.54601,15.46521,4.63889,317271,203,8.5,249221100,80406,120501,50531,573537,235633,235,280,330,130,238,341,434,473,621,764,24024,531,0,531,632,1069,12.9,1,102,78,0.57,32,24,0.57,0.0765,0.3400,0.4000,0.4000,364,2428,4008,4008,0.0765,0.1598,0.2106,0.2106,0.000,,,0,5.15,5.15,198063,32433,2233,163397,932349,226365,481018,98362,1083434,264338,34130,378799,
HI,12,15,2001,1225948,583187,27443,4.5,25.84970,14.11821,5.07187,42983,14,4.3,37204000,20867,41478,12852,108313,50983,452,570,687,199,366,524,665,818,1094,1340,2194,531,5,536,735,138,11.4,1,38,12,0.76,22,3,0.88,0.0765,0.3400,0.4000,0.4000,364,2428,4008,4008,0.0765,0.1598,0.2106,0.2106,0.000,,,0,5.15,5.25,21303,6812,180,14311,151029,32467,49865,14679,140739,21807,3902,39069,
ID,13,16,2001,1319962,643280,34385,5.1,23.98096,14.21700,3.72860,37494,37,9.2,34062200,96734,2246,1290,59667,24034,293,293,293,130,238,341,434,531,634,727,938,531,53,584,669,151,11.5,0,12,58,0.17,3,31,0.09,0.0765,0.3400,0.4000,0.4000,364,2428,4008,4008,0.0765,0.1598,0.2106,0.2106,0.000,,,0,5.15,6.15,18840,1843,204,16793,138410,32641,52297,19537,143895,20108,3141,28987,
IL,14,17,2001,12488445,6113677,344245,5.3,17.40292,8.80965,2.04601,501156,176,5.4,427473300,65753,182673,62030,825295,363570,278,377,414,130,238,341,434,516,718,848,22565,531,0,531,632,1249,10.1,0,62,56,0.53,27,32,0.46,0.0765,0.3400,0.4000,0.4000,364,2428,4008,4008,0.0765,0.1598,0.2106,0.2106,0.050,,,0,5.15,5.15,249004,31980,2405,214619,1473912,117880,571563,77818,1071930,170498,10354,205350,
IN,15,18,2001,6127760,3007507,133392,4.2,18.25863,11.41580,3.23713,204706,93,6.1,175850800,35619,115543,41299,346551,146509,229,288,346,130,238,341,434,467,629,780,9090,531,0,531,632,511,8.5,1,53,47,0.53,18,32,0.36,0.0765,0.3400,0.4000,0.4000,364,2428,4008,4008,0.0765,0.1598,0.2106,0.2106,0.000,,,0,5.15,5.15,89118,6889,1060,81169,667896,60664,186154,53528,630733,79038,11121,115312,
IA,16,19,2001,2931997,1559241,53723,3.3,17.82021,9.07394,2.60264,94973,15,2.0,82725100,11010,54071,20195,126494,54437,361,426,495,130,238,341,434,599,767,911,8027,531,0,531,632,212,7.4,1,44,56,0.44,20,30,0.40,0.0765,0.3400,0.4000,0.4000,364,2428,4008,4008,0.0765,0.1598,0.2106,0.2106,0.065,,,0,5.15,5.15,40716,4283,798,35635,253150,32641,87376,31929,380864,34785,6624,65743,
KS,17,20,2001,2702162,1332034,58586,4.2,22.14318,11.47287,3.27035,88595,27,4.0,78574400,16701,32967,13035,124285,56500,352,429,497,130,238,341,434,590,770,912,4436,531,0,531,632,267,10.1,0,48,77,0.38,10,30,0.25,0.0765,0.3400,0.4000,0.4000,364,2428,4008,4008,0.0765,0.1598,0.2106,0.2106,0.100,,,0,5.15,2.65,36600,3663,370,32567,206562,53260,94906,34406,312712,47419,9176,74523,
KY,18,21,2001,4068132,1857238,101171,5.2,19.38709,10.36362,2.47828,117336,69,6.6,104181500,153494,81809,36127,412680,173102,225,262,328,130,238,341,434,463,603,762,15505,531,0,531,632,503,12.6,1,64,35,0.65,18,20,0.47,0.0765,0.3400,0.4000,0.4000,364,2428,4008,4008,0.0765,0.1598,0.2106,0.2106,0.000,,,0,5.15,5.15,175925,17700,1409,156816,607865,111004,218265,48923,499733,126670,18455,187195,
LA,19,22,2001,4477875,1911818,116484,5.7,28.37463,18.17722,3.69616,137848,111,8.6,114459000,33631,65505,25176,518384,198152,138,240,234,130,238,341,434,376,581,668,11802,531,0,531,632,709,16.2,0,75,30,0.71,25,14,0.64,0.0765,0.3400,0.4000,0.4000,364,2428,4008,4008,0.0765,0.1598,0.2106,0.2106,0.000,,,0,5.15,5.15,166181,23191,1865,141125,735971,125916,349192,54945,634852,187556,16908,237091,
ME,20,23,2001,1285692,648545,25774,3.8,16.91855,9.23899,2.73100,38499,7,2.6,37137500,12914,26134,9661,104383,53151,345,461,581,130,238,341,434,583,794,971,2352,531,10,541,639,132,10.3,0,81,69,0.54,17,16,0.52,0.0765,0.3400,0.4000,0.4000,364,2428,4008,4008,0.0765,0.1598,0.2106,0.2106,0.050,,,0,5.15,5.15,30138,3154,231,26753,228105,20962,37695,11228,107012,16004,2861,27689,
MD,21,24,2001,5374691,2724184,113801,4.0,15.34526,8.83613,2.90957,205567,68,4.5,199706800,249271,68221,27915,208426,97026,328,439,503,130,238,341,434,566,779,916,9681,531,0,531,632,385,7.2,1,106,35,0.75,33,14,0.70,0.0765,0.3400,0.4000,0.4000,364,2428,4008,4008,0.0765,0.1598,0.2106,0.2106,0.160,,,0,5.15,5.15,89180,15601,742,72837,590803,93829,171053,39836,403446,81012,11321,113173,
MA,22,25,2001,6397634,3255134,126153,3.7,11.28391,6.67654,2.06862,297918,29,2.0,255085100,94051,100300,42570,219223,104838,486,633,668,130,238,341,434,708,914,1032,15601,531,129,660,722,561,8.9,0,128,29,0.82,32,6,0.84,0.0765,0.3400,0.4000,0.4000,364,2428,4008,4008,0.0765,0.1598,0.2106,0.2106,0.150,,,1,5.15,6.75,166874,45470,4160,117244,960863,112623,183484,33894,538639,89615,5902,112278,
MI,23,26,2001,9991120,4854630,265326,5.2,19.25067,8.65768,2.59993,348643,125,4.9,307686900,69223,193211,70725,641269,285277,371,459,563,130,238,341,434,609,793,958,24349,531,14,545,642,927,9.4,0,52,58,0.47,15,23,0.39,0.0765,0.3400,0.4000,0.4000,364,2428,4008,4008,0.0765,0.1598,0.2106,0.2106,0.000,,,0,5.15,5.15,210492,18768,1861,189863,1141272,214951,339883,63496,816753,138032,12913,182077,
MN,24,27,2001,4982796,2737961,107242,3.8,13.25046,6.92667,1.89281,195282,29,2.4,166694600,120415,112688,38558,197727,93086,437,536,621,130,238,341,434,674,846,999,8608,531,81,612,689,361,7.4,0,63,70,0.47,39,27,0.59,0.0765,0.3400,0.4000,0.4000,364,2428,4008,4008,0.0765,0.1598,0.2106,0.2106,0.330,,,1,5.15,5.15,65538,10081,728,54729,508240,96192,134750,50730,570852,56544,11381,103985,
MS,25,28,2001,2852994,1222500,71634,5.5,29.66774,17.46075,4.24160,67137,68,8.3,64992900,26530,35710,15657,297805,115994,146,170,194,130,238,341,434,384,511,628,7977,531,0,531,632,539,19.3,1,86,33,0.72,34,18,0.65,0.0765,0.3400,0.4000,0.4000,364,2428,4008,4008,0.0765,0.1598,0.2106,0.2106,0.000,,,0,5.15,5.15,128449,20739,1212,106498,560393,98874,251861,36982,398519,143828,12902,175380,
MO,26,29,2001,5641142,2862838,138627,4.6,18.98388,10.57319,3.30234,190571,41,2.7,161989200,62466,121364,45556,454427,195480,234,292,342,130,238,341,434,472,633,776,11792,531,0,531,632,537,9.7,1,86,76,0.53,14,18,0.44,0.0765,0.3400,0.4000,0.4000,364,2428,4008,4008,0.0765,0.1598,0.2106,0.2106,0.000,,,0,5.15,5.15,113258,12007,984,100267,877030,125144,224885,53142,591502,109254,15251,161922,
MT,27,30,2001,906961,444909,21154,4.5,22.38853,13.95225,3.71611,22793,19,8.0,21753400,78242,14004,4934,61957,26481,374,494,564,130,238,341,434,612,817,959,1013,531,0,531,632,119,13.3,0,41,59,0.41,19,31,0.38,0.0765,0.3400,0.4000,0.4000,364,2428,4008,4008,0.0765,0.1598,0.2106,0.2106,0.000,,,0,5.15,5.15,14206,1304,130,12772,75276,21413,29832,8562,77912,11122,1569,15949,
NE,28,31,2001,1719836,921003,29761,3.1,18.93541,10.56851,2.72742,59598,17,3.7,51961900,8120,23802,9486,80652,34729,293,364,435,130,238,341,434,531,705,869,3249,531,7,538,637,158,9.4,0,,,,,,,0.0765,0.3400,0.4000,0.4000,364,2428,4008,4008,0.0765,0.1598,0.2106,0.2106,0.000,,,0,5.15,5.15,21471,2307,246,18918,201838,34427,59733,22774,219261,23059,4077,37578,
NV,29,32,2001,2098399,1054262,57817,5.2,18.47065,10.32043,4.06976,80380,51,8.4,67862400,25413,19461,7439,69825,32102,289,348,407,130,238,341,434,527,689,841,2629,531,36,567,657,152,7.1,0,28,14,0.67,9,12,0.43,0.0765,0.3400,0.4000,0.4000,364,2428,4008,4008,0.0765,0.1598,0.2106,0.2106,0.000,,,0,5.15,5.15,27161,7263,680,19218,108567,40646,58091,14949,120947,25491,3890,36065,
NH,30,33,2001,1255517,673778,23982,3.4,15.12732,6.67564,1.45582,46626,16,5.2,46193600,12768,13495,5659,35554,17951,506,600,638,130,238,341,434,722,891,1011,1680,531,27,558,651,81,6.5,1,153,244,0.39,11,13,0.46,0.0765,0.3400,0.4000,0.4000,364,2428,4008,4008,0.0765,0.1598,0.2106,0.2106,0.000,,,0,5.15,5.15,11942,944,126,10872,83111,16507,18901,7584,105864,7259,1381,16500,
NJ,31,34,2001,8492671,4106225,182601,4.3,16.98324,8.06830,2.02311,373600,128,6.5,342304100,269659,113481,45325,317579,144067,322,424,488,130,238,341,434,560,765,906,16701,531,31,562,654,683,8.1,0,32,48,0.40,20,20,0.50,0.0765,0.3400,0.4000,0.4000,364,2428,4008,4008,0.0765,0.1598,0.2106,0.2106,0.150,,,1,5.15,5.15,147747,34101,1067,112579,779095,128577,261522,51523,588152,71287,6199,89532,
NM,32,35,2001,1831690,815642,42307,4.9,28.50069,15.63893,3.74766,55970,45,8.6,45312300,27232,55143,19322,163245,62484,360,439,519,130,238,341,434,598,779,928,4115,531,0,531,632,323,18.0,0,40,30,0.57,24,18,0.57,0.0765,0.3400,0.4000,0.4000,364,2428,4008,4008,0.0765,0.1598,0.2106,0.2106,0.000,,,0,5.15,4.25,47579,8814,554,38211,333567,59464,125627,22075,195228,63442,7825,82774,
NY,33,36,2001,19082838,8709897,441848,4.8,17.78580,9.99315,2.49086,873781,237,5.0,709767300,1759150,613353,226921,1353542,683969,468,577,687,130,238,341,434,696,875,1045,62521,531,87,618,693,2664,14.2,0,98,52,0.65,25,36,0.41,0.0765,0.3400,0.4000,0.4000,364,2428,4008,4008,0.0765,0.1598,0.2106,0.2106,0.250,,,1,5.15,5.15,622764,137622,3271,481871,2872866,460252,997096,141134,1777983,358685,33268,460464,
NC,34,37,2001,8210122,3966798,231540,5.5,24.46256,14.02479,3.65727,288185,143,6.5,228880000,61802,93366,43497,493672,213420,236,272,297,130,238,341,434,474,613,731,22579,531,0,531,632,1013,12.5,1,66,54,0.55,35,15,0.70,0.0765,0.3400,0.4000,0.4000,364,2428,4008,4008,0.0765,0.1598,0.2106,0.2106,0.000,,,0,5.15,5.15,191630,31916,2068,157646,1056331,200678,362013,87526,834328,183427,27730,275418,
ND,35,38,2001,639062,331820,9996,2.9,15.66896,8.89690,2.13556,18961,7,5.4,16963500,67356,7784,2999,37755,15921,363,457,549,130,238,341,434,601,791,949,812,531,0,531,632,86,13.8,0,34,63,0.35,17,32,0.35,0.0765,0.3400,0.4000,0.4000,364,2428,4008,4008,0.0765,0.1598,0.2106,0.2106,0.000,,,0,5.15,5.15,8129,1277,86,6766,46620,14053,20194,7611,79384,7385,1321,13333,
OH,36,39,2001,11387404,5567130,249702,4.3,19.14348,12.09992,3.69199,395710,122,4.4,334533600,1842374,199352,85005,640503,292221,305,373,461,130,238,341,434,543,714,887,38127,531,0,531,632,1174,10.5,0,39,59,0.40,11,21,0.34,0.0765,0.3400,0.4000,0.4000,364,2428,4008,4008,0.0765,0.1598,0.2106,0.2106,0.000,,,0,5.15,4.25,241763,16929,2193,222641,1257154,247092,357850,79597,999069,148641,12977,191024,
OK,37,40,2001,3467100,1614572,61363,3.7,24.84171,14.23488,4.48059,96760,106,11.5,88286900,178096,34810,13934,271001,113374,225,292,361,130,238,341,434,463,633,795,6357,531,53,584,669,508,15.1,0,61,40,0.60,30,18,0.63,0.0765,0.3400,0.4000,0.4000,364,2428,4008,4008,0.0765,0.1598,0.2106,0.2106,0.000,,,0,5.15,5.15,72756,10072,844,61840,463563,105907,183038,44794,373613,103471,16531,148221,
OR,38,41,2001,3467937,1706904,117012,6.4,27.21316,16.80641,6.37981,117295,71,7.9,100698400,473138,36623,16270,283705,137199,395,460,565,130,238,341,434,633,793,960,7258,531,2,533,633,408,11.8,1,25,35,0.42,14,16,0.47,0.0765,0.3400,0.4000,0.4000,364,2428,4008,4008,0.0765,0.1598,0.2106,0.2106,0.050,,,0,5.15,6.50,54099,7440,635,46024,421574,93246,118299,31244,266988,68266,10029,100783,
PA,39,42,2001,12298970,5881688,296929,4.8,18.17418,9.33886,1.77581,424773,159,5.5,388047100,252810,216186,82644,748074,342814,330,403,514,130,238,341,434,568,744,924,28038,531,27,558,651,1158,9.6,0,100,103,0.49,21,29,0.42,0.0765,0.3400,0.4000,0.4000,364,2428,4008,4008,0.0765,0.1598,0.2106,0.2106,0.000,,,0,5.15,5.15,294467,35239,2441,256787,1364246,226434,366739,83386,1024563,140186,14953,193688,
RI,40,44,2001,1057142,519044,24818,4.6,17.89213,10.82708,1.86374,35982,10,4.0,33733600,11657,41623,15228,71272,32632,449,554,634,130,238,341,434,683,859,1008,2790,531,64,595,677,100,9.6,0,85,12,0.88,43,7,0.86,0.0765,0.3400,0.4000,0.4000,364,2428,4008,4008,0.0765,0.1598,0.2106,0.2106,0.255,,,0,5.15,6.15,28623,4511,216,23896,164688,21925,33444,4760,64589,12785,763,15251,
SC,41,45,2001,4064995,1847939,101746,5.2,21.48047,11.76792,3.44699,119290,57,5.3,104660800,162365,45051,18643,315718,130055,162,203,245,130,238,341,434,400,544,679,8076,531,0,531,632,603,15.1,1,57,67,0.46,21,25,0.46,0.0765,0.3400,0.4000,0.4000,364,2428,4008,4008,0.0765,0.1598,0.2106,0.2106,0.000,,,0,5.15,5.15,106881,15949,1574,89358,754885,111408,240199,42098,468866,129411,13584,168072,
SD,42,46,2001,757972,400031,12747,3.1,19.14867,9.73291,1.22257,23406,8,4.3,20948100,7847,6365,2713,44594,17160,380,430,478,130,238,341,434,618,771,899,1548,531,15,546,642,62,8.4,0,19,51,0.27,11,24,0.31,0.0765,0.3400,0.4000,0.4000,364,2428,4008,4008,0.0765,0.1598,0.2106,0.2106,0.000,,,0,5.15,5.15,12698,1921,100,10677,83903,20505,32077,10882,104717,12938,1735,18272,
TN,43,47,2001,5750789,2730988,130355,4.6,21.80886,13.74651,4.26148,185855,60,4.1,158356800,71620,154905,59369,521510,226224,142,185,226,130,238,341,434,380,526,660,28564,531,0,531,632,802,14.1,0,61,38,0.62,18,15,0.55,0.0765,0.3400,0.4000,0.4000,364,2428,4008,4008,0.0765,0.1598,0.2106,0.2106,0.000,,,0,5.15,5.15,162920,21487,1677,139756,1456628,149490,274123,53967,621187,136443,18152,194881,
TX,44,48,2001,21319622,10011046,521686,5.0,27.47383,16.06700,3.96157,772909,934,14.3,625492900,213607,349279,130893,1360642,500129,174,201,241,130,238,341,434,412,542,675,46097,531,0,531,632,3129,14.9,0,78,71,0.52,15,15,0.50,0.0765,0.3400,0.4000,0.4000,364,2428,4008,4008,0.0765,0.1598,0.2106,0.2106,0.000,,,0,5.15,5.15,418235,113587,5868,298780,2027517,750122,1443247,220606,2494054,774123,78287,1011086,
UT,45,49,2001,2283715,1112607,51470,4.4,29.89852,16.49582,4.62262,73392,47,6.1,56933200,168953,19184,7487,79716,32647,362,451,528,130,238,341,434,600,787,934,2474,531,0,531,632,238,10.5,0,21,54,0.28,9,20,0.31,0.0765,0.3400,0.4000,0.4000,364,2428,4008,4008,0.0765,0.1598,0.2106,0.2106,0.000,,,0,5.15,5.15,20545,2096,255,18194,138487,58928,76181,33376,273112,24612,4422,35206,
VT,46,50,2001,612223,325889,11176,3.3,17.55219,10.03315,2.78151,19272,2,1.5,18821900,4108,14604,5524,38874,19090,604,708,792,130,238,341,434,791,967,1119,896,531,59,590,673,59,9.7,1,77,67,0.53,16,13,0.55,0.0765,0.3400,0.4000,0.4000,364,2428,4008,4008,0.0765,0.1598,0.2106,0.2106,0.320,,,1,5.15,6.25,12554,1464,116,10974,124548,15966,15568,5155,52724,8050,1554,14576,
VA,47,51,2001,7198362,3551375,118762,3.2,13.08924,7.98208,1.01832,284397,67,3.6,244410700,103073,65051,29271,332312,149595,294,354,410,130,238,341,434,532,695,844,12427,531,0,531,632,564,8.0,0,47,52,0.47,18,22,0.45,0.0765,0.3400,0.4000,0.4000,364,2428,4008,4008,0.0765,0.1598,0.2106,0.2106,0.000,,,0,5.15,5.15,132808,23834,1439,107535,525606,130094,226651,60937,669890,114813,17557,175984,
WA,48,53,2001,5985722,2847875,191492,6.3,22.27640,13.01137,3.53588,239763,112,7.0,199204100,1376709,141397,54160,308589,141387,440,546,642,130,238,341,434,676,853,1014,16801,531,26,557,650,634,10.7,1,49,49,0.50,25,24,0.51,0.0765,0.3400,0.4000,0.4000,364,2428,4008,4008,0.0765,0.1598,0.2106,0.2106,0.000,,,0,5.15,6.72,104700,14303,975,89422,789415,150138,193279,56220,473725,86517,13155,119746,
WV,49,54,2001,1801481,768661,40467,5.0,17.23496,9.64939,2.27822,43983,21,5.1,42783800,862522,39039,14732,221361,94794,276,453,387,130,238,341,434,514,788,821,4361,531,0,531,632,291,16.4,1,75,25,0.75,28,6,0.82,0.0765,0.3400,0.4000,0.4000,364,2428,4008,4008,0.0765,0.1598,0.2106,0.2106,0.000,,,0,5.15,5.15,72953,5232,595,67126,260399,50064,88127,21960,196138,51599,9499,83063,
WI,50,55,2001,5406835,2875585,136118,4.5,16.79344,9.43500,2.83312,187974,43,3.2,167133300,25530,40030,17680,215786,86588,628,628,628,130,238,341,434,808,911,1004,11661,531,84,615,691,423,7.9,0,44,55,0.44,18,15,0.55,0.0765,0.3400,0.4000,0.4000,364,2428,4008,4008,0.0765,0.1598,0.2106,0.2106,0.040,0.140,0.430,1,5.15,5.15,85333,9310,957,75066,531438,100128,145915,46742,545827,38247,5889,59488,
WY,51,56,2001,494657,259089,10270,3.8,19.21444,8.31927,3.33833,18691,8,6.6,15414200,95597,987,524,22539,9129,320,340,340,130,238,341,434,558,681,774,364,531,10,541,639,42,8.7,0,17,43,0.28,10,20,0.33,0.0765,0.3400,0.4000,0.4000,364,2428,4008,4008,0.0765,0.1598,0.2106,0.2106,0.000,,,0,5.15,5.15,5790,525,52,5213,41026,11103,15474,6025,49806,5795,1061,8778,
AL,1,1,2002,4480089,1981919,124242,5.9,21.67676,11.74605,2.34932,128117,80,6.9,115191800,71790,42754,18037,443547,173295,137,164,194,135,248,356,452,385,520,646,9106,545,0,545,663,640,14.5,1,69,36,0.66,24,11,0.69,0.0765,0.3400,0.4000,0.4000,376,2506,4140,4140,0.0765,0.1598,0.2106,0.2106,0.000,,,0,5.15,5.15,163740,22729,1073,139938,737091,118616,278204,50288,545747,125335,12334,159950,
AK,2,2,2002,642337,302580,23821,7.3,24.00327,13.88186,4.25411,29633,11,5.5,22246500,16836,17623,6034,46165,16138,821,923,1025,167,307,440,559,1120,1325,1515,1121,545,362,907,1040,56,8.8,1,14,26,0.35,6,14,0.30,0.0765,0.3400,0.4000,0.4000,376,2506,4140,4140,0.0765,0.1598,0.2106,0.2106,0.000,,,0,5.15,7.15,9658,1568,114,7976,92345,25094,22467,6986,52807,7365,1222,10937,
AZ,3,4,2002,5396255,2516006,163415,6.1,23.09518,14.64864,2.71421,179476,149,9.7,146505200,290093,94279,40097,378722,143826,275,347,418,135,248,356,452,523,703,870,17471,545,0,545,663,735,13.5,0,22,38,0.37,15,15,0.50,0.0765,0.3400,0.4000,0.4000,376,2506,4140,4140,0.0765,0.1598,0.2106,0.2106,0.000,,,0,5.15,5.15,88054,13248,933,73873,803956,151186,269945,51110,489637,116340,13346,151245,
AR,4,5,2002,2705927,1201422,69575,5.5,30.53581,17.29477,4.48660,73987,47,6.7,65661600,38560,27731,12004,283909,113238,162,204,247,135,248,356,452,410,560,699,5082,545,0,545,663,532,19.8,0,74,23,0.76,27,8,0.77,0.0765,0.3400,0.4000,0.4000,376,2506,4140,4140,0.0765,0.1598,0.2106,0.2106,0.000,,,0,5.15,5.15,85107,12108,926,72073,492159,84153,165126,28773,315263,95151,9898,127027,
CA,5,6,2002,34871843,16108685,1148412,6.7,22.48236,13.61722,3.79214,1439342,812,8.1,1193118000,2282444,1160882,462328,1710306,647661,505,679,746,135,248,356,452,748,978,1121,174873,545,205,750,806,4605,13.1,1,47,32,0.59,26,14,0.65,0.0765,0.3400,0.4000,0.4000,376,2506,4140,4140,0.0765,0.1598,0.2106,0.2106,0.000,,,0,5.15,6.75,1135834,342142,21995,771697,7474860,1266542,1662651,314223,2659390,684363,83862,854210,
CO,6,8,2002,4490406,2307685,135307,5.5,16.01033,9.43054,3.02350,191062,105,8.8,155404100,436091,31491,12086,178490,78902,281,356,432,135,248,356,452,529,712,884,4579,545,37,582,689,436,9.8,0,25,40,0.38,18,17,0.51,0.0765,0.3400,0.4000,0.4000,376,2506,4140,4140,0.0765,0.1598,0.2106,0.2106,0.000,,,0,5.15,5.15,53689,8663,550,44476,329958,77501,122495,33259,325715,41237,6288,61666,
CT,7,9,2002,3458749,1697127,77025,4.3,15.76302,9.95732,3.12284,176192,32,3.5,155347900,96701,53158,23749,168591,87963,513,636,741,135,248,356,452,754,948,1117,8456,545,202,747,804,279,8.3,0,96,55,0.64,21,15,0.58,0.0765,0.3400,0.4000,0.4000,376,2506,4140,4140,0.0765,0.1598,0.2106,0.2106,0.000,,,0,5.15,6.70,50368,6960,494,42914,407546,51329,105039,20720,280212,39886,3463,50266,
DE,8,10,2002,806169,400019,16764,4.0,14.64690,10.02786,2.66294,45828,7,3.7,30386800,12349,12357,5469,39628,16483,270,338,407,135,248,356,452,518,694,859,2537,545,0,545,663,73,9.1,1,15,26,0.37,13,8,0.62,0.0765,0.3400,0.4000,0.4000,376,2506,4140,4140,0.0765,0.1598,0.2106,0.2106,0.000,,,0,5.15,6.15,12565,1327,113,11125,115296,17241,28107,5519,73803,12843,1336,18560,
DC,9,11,2002,573158,286496,19603,6.4,17.32318,11.60605,1.59157,70073,8,6.9,25869800,21640,42159,16157,74271,34554,298,379,463,135,248,356,452,546,735,915,5543,545,0,545,663,97,17.0,.,,,,11,2,0.85,0.0765,0.3400,0.4000,0.4000,376,2506,4140,4140,0.0765,0.1598,0.2106,0.2106,0.250,,,1,5.15,6.15,20221,2281,190,17750,129808,15117,40877,2463,50350,17441,825,20088,
FL,10,12,2002,16689370,7656349,458060,5.6,22.34460,12.86271,3.11758,548398,335,8.3,512812500,281290,123247,59013,985130,472697,241,303,364,135,248,356,452,489,659,816,35351,545,0,545,663,2058,12.6,0,47,73,0.39,15,25,0.38,0.0765,0.3400,0.4000,0.4000,376,2506,4140,4140,0.0765,0.1598,0.2106,0.2106,0.000,,,0,5.15,5.15,396976,95691,3237,298048,2072089,340954,777272,148856,1369013,351510,38871,456331,
GA,11,13,2002,8508256,4110874,216817,5.0,24.09832,13.98419,1.53032,326670,152,6.5,256188800,90639,128177,53678,645633,263076,235,280,330,135,248,356,452,483,636,782,24585,545,0,545,663,939,11.2,1,102,78,0.57,32,24,0.57,0.0765,0.3400,0.4000,0.4000,376,2506,4140,4140,0.0765,0.1598,0.2106,0.2106,0.000,,,0,5.15,5.15,198599,30900,2192,165507,1087780,237124,507130,101732,1112375,279557,35507,397774,
HI,12,15,2002,1239613,575594,25330,4.2,22.35218,15.39933,3.58087,45450,12,3.5,38954800,24869,30466,11127,106370,50981,452,570,687,204,374,536,680,826,1106,1361,2219,545,5,550,754,138,11.3,1,38,12,0.76,22,3,0.88,0.0765,0.3400,0.4000,0.4000,376,2506,4140,4140,0.0765,0.1598,0.2106,0.2106,0.000,,,0,5.15,5.75,21566,6597,190,14779,158600,32986,50528,15300,135219,21009,3880,37616,
ID,13,16,2002,1340372,646549,38042,5.6,25.90324,15.75410,3.75497,38820,33,8.5,35180400,111033,2374,1369,69998,28006,293,293,293,135,248,356,452,541,649,745,982,545,52,597,699,147,11.3,0,12,58,0.17,3,31,0.09,0.0765,0.3400,0.4000,0.4000,376,2506,4140,4140,0.0765,0.1598,0.2106,0.2106,0.000,,,0,5.15,5.15,19394,1782,200,17412,152198,33448,55834,18834,147115,21760,3439,31378,
IL,14,17,2002,12525556,5933897,415342,6.5,16.28155,8.54955,2.04451,513612,217,6.3,432412000,76256,133708,48091,886344,392909,278,377,414,135,248,356,452,526,733,866,21256,545,0,545,663,1594,12.8,0,62,56,0.53,27,32,0.46,0.0765,0.3400,0.4000,0.4000,376,2506,4140,4140,0.0765,0.1598,0.2106,0.2106,0.050,,,0,5.15,5.15,252200,31450,2418,218332,1646484,124162,588518,79835,1090023,176113,11047,213617,
IN,15,18,2002,6155967,3006811,164357,5.2,15.27971,8.36078,2.16908,212439,108,6.4,178418200,39418,138885,49265,410884,171329,229,288,346,135,248,356,452,477,644,798,9900,545,0,545,663,552,9.1,1,53,47,0.53,18,32,0.36,0.0765,0.3400,0.4000,0.4000,376,2506,4140,4140,0.0765,0.1598,0.2106,0.2106,0.000,,,0,5.15,5.15,90893,6596,1031,83266,723166,63010,202986,55074,643464,85632,11688,123417,
IA,16,19,2002,2934234,1572560,65349,4.0,19.29329,12.01773,3.44174,99123,30,3.9,84646800,12129,53434,20154,140729,60549,361,426,495,135,248,356,452,609,782,945,5047,545,0,545,663,267,9.2,1,44,56,0.44,20,30,0.40,0.0765,0.3400,0.4000,0.4000,376,2506,4140,4140,0.0765,0.1598,0.2106,0.2106,0.065,,,0,5.15,5.15,41596,4058,812,36726,271034,33448,90422,32393,380099,37270,7121,69747,
KS,17,20,2002,2713535,1341603,71411,5.1,23.14266,13.37539,4.59383,91050,42,5.7,79239800,17898,35808,13958,140403,62896,352,429,497,135,248,356,452,600,785,946,4470,545,0,545,663,269,10.1,0,48,77,0.38,10,30,0.25,0.0765,0.3400,0.4000,0.4000,376,2506,4140,4140,0.0765,0.1598,0.2106,0.2106,0.150,,,0,5.15,2.65,37063,3566,383,33114,215194,57898,99554,34956,316260,53692,10511,84201,
KY,18,21,2002,4089875,1833535,110485,5.7,22.61435,13.14222,3.21497,122216,67,6.6,106570500,156269,77658,34904,450102,187471,225,262,328,135,248,356,452,473,618,780,15673,545,0,545,663,571,14.2,1,64,35,0.65,18,20,0.47,0.0765,0.3400,0.4000,0.4000,376,2506,4140,4140,0.0765,0.1598,0.2106,0.2106,0.000,,,0,5.15,5.15,176768,16635,1374,158759,620790,113112,226898,49006,508526,132905,18846,196011,
LA,19,22,2002,4497267,1881146,123076,6.1,23.78431,13.98777,2.80575,139567,96,7.8,117698500,38992,60704,23700,588458,224450,138,240,234,135,248,356,452,386,596,686,11660,545,0,545,663,777,17.5,0,75,30,0.71,25,14,0.64,0.0765,0.3400,0.4000,0.4000,376,2506,4140,4140,0.0765,0.1598,0.2106,0.2106,0.000,,,0,5.15,5.15,166884,21945,1832,143107,827767,129200,350441,54597,632139,184393,16723,234251,
ME,20,23,2002,1295960,645935,29297,4.3,16.92490,9.26088,1.61966,40186,14,5.0,38414100,14722,26039,9692,111147,56376,345,485,581,135,248,356,452,593,841,1005,2342,545,10,555,670,170,13.4,0,81,69,0.54,17,16,0.52,0.0765,0.3400,0.4000,0.4000,376,2506,4140,4140,0.0765,0.1598,0.2106,0.2106,0.050,,,0,5.15,5.75,30935,2987,230,27718,307490,21470,38495,11021,107618,16469,2897,28275,
MD,21,24,2002,5440389,2742501,127453,4.4,16.12741,8.20477,3.48063,218327,53,3.7,207659100,256891,64850,27132,228329,104795,328,472,503,135,248,356,452,576,828,951,9235,545,0,545,663,400,7.4,1,106,35,0.75,33,14,0.70,0.0765,0.3400,0.4000,0.4000,376,2506,4140,4140,0.0765,0.1598,0.2106,0.2106,0.160,,,0,5.15,5.15,89705,15542,725,73438,625751,96153,177698,43563,426838,84829,14038,127774,
MA,22,25,2002,6417206,3250085,180997,5.3,9.90601,6.58371,1.53915,303990,34,2.2,254408800,100710,108068,47264,242542,114859,486,618,668,135,248,356,452,734,935,1066,17547,545,129,674,753,648,10.0,0,128,29,0.82,32,6,0.84,0.0765,0.3400,0.4000,0.4000,376,2506,4140,4140,0.0765,0.1598,0.2106,0.2106,0.150,,,1,5.15,6.75,167027,45024,4059,117944,1001939,113176,186321,34034,541981,91309,6660,116119,
MI,23,26,2002,10015710,4702399,314742,6.3,22.74452,12.69207,3.40647,362311,92,3.4,307192500,70889,201695,74338,750037,327853,371,459,563,135,248,356,452,619,815,993,25136,545,14,559,673,1152,11.6,0,52,58,0.47,15,23,0.39,0.0765,0.3400,0.4000,0.4000,376,2506,4140,4140,0.0765,0.1598,0.2106,0.2106,0.000,,,0,5.15,5.15,213568,18173,1835,193560,1226963,215989,351559,67656,826252,159597,14658,211056,
MN,24,27,2002,5018935,2731080,128522,4.5,14.13228,8.43561,2.41413,202854,56,4.2,170300800,124646,94584,35859,216960,101820,437,532,621,135,248,356,452,685,875,1033,9164,545,81,626,720,325,6.5,0,63,70,0.47,39,27,0.59,0.0765,0.3400,0.4000,0.4000,376,2506,4140,4140,0.0765,0.1598,0.2106,0.2106,0.330,,,1,5.15,5.15,67011,9903,719,56389,519480,102008,141172,50597,576121,61278,12787,118090,
MS,25,28,2002,2858681,1201191,85045,6.6,28.69888,17.30410,4.52974,69043,69,8.6,66139100,28481,40434,17607,324852,126389,146,170,194,135,248,356,452,394,526,646,7915,545,0,545,663,513,18.4,1,86,33,0.72,34,18,0.65,0.0765,0.3400,0.4000,0.4000,376,2506,4140,4140,0.0765,0.1598,0.2106,0.2106,0.000,,,0,5.15,5.15,127123,19134,1159,106830,582246,102272,257340,33146,397076,147232,11673,177700,
MO,26,29,2002,5674825,2839467,161441,5.4,22.15988,13.45534,3.56461,196765,42,2.9,165665500,74538,118753,45001,515006,220639,234,292,342,135,248,356,452,482,648,794,11651,545,0,545,663,551,9.9,1,86,76,0.53,14,18,0.44,0.0765,0.3400,0.4000,0.4000,376,2506,4140,4140,0.0765,0.1598,0.2106,0.2106,0.000,,,0,5.15,5.15,114127,11271,973,101883,942395,128029,245937,55278,622416,120660,16385,177667,
MT,27,30,2002,911667,446640,20563,4.4,20.36746,12.01503,3.41615,23868,18,7.8,22359900,90821,16440,5828,63347,26865,374,494,564,135,248,356,452,622,848,993,1378,545,0,545,663,122,13.5,0,41,59,0.41,19,31,0.38,0.0765,0.3400,0.4000,0.4000,376,2506,4140,4140,0.0765,0.1598,0.2106,0.2106,0.000,,,0,5.15,5.15,14220,1206,134,12826,79086,21402,29328,8632,77649,11800,1788,17443,
NE,28,31,2002,1728292,919401,34823,3.6,21.68701,13.72117,3.47646,61622,14,3.0,52767700,8073,25500,10335,88459,37570,293,364,435,135,248,356,452,541,720,887,3343,545,8,553,669,181,10.6,0,,,,,,,0.0765,0.3400,0.4000,0.4000,376,2506,4140,4140,0.0765,0.1598,0.2106,0.2106,0.000,,,0,5.15,5.15,21659,2265,241,19153,216508,37074,63141,22859,221491,23859,4134,38698,
NV,29,32,2002,2173791,1066121,63547,5.6,21.00184,11.90238,4.20854,84786,79,13.2,69626700,29756,27640,11015,97035,43556,289,348,407,135,248,356,452,537,704,859,4087,545,36,581,688,188,8.9,0,28,14,0.67,9,12,0.43,0.0765,0.3400,0.4000,0.4000,376,2506,4140,4140,0.0765,0.1598,0.2106,0.2106,0.000,,,0,5.15,5.15,29154,7569,698,20887,142380,41297,67039,15028,130314,27838,3815,38500,
NH,30,33,2002,1269089,670880,31400,4.5,15.11663,7.92375,2.51861,48692,8,2.4,47054400,14118,14465,6040,41053,20452,506,600,638,135,248,356,452,749,922,1045,1739,545,27,572,682,73,5.8,1,153,244,0.39,11,13,0.46,0.0765,0.3400,0.4000,0.4000,376,2506,4140,4140,0.0765,0.1598,0.2106,0.2106,0.000,,,0,5.15,5.15,12316,958,129,11229,87807,16894,19830,7751,107514,7691,1472,17222,
NJ,31,34,2002,8552643,4095174,251063,5.8,16.19553,10.09201,3.49760,388278,103,4.6,347456800,290319,103123,41986,319799,147077,322,424,488,135,248,356,452,570,780,940,16478,545,31,576,685,681,7.9,1,32,48,0.40,20,20,0.50,0.0765,0.3400,0.4000,0.4000,376,2506,4140,4140,0.0765,0.1598,0.2106,0.2106,0.175,,,1,5.15,5.15,148115,33957,1040,113118,819494,133946,265330,52582,599548,67474,6359,86333,
NM,32,35,2002,1855309,826086,48410,5.5,30.33680,18.11895,4.90617,58034,55,10.5,47090000,30008,47338,17015,170457,65875,360,439,519,135,248,356,452,608,795,962,4684,545,0,545,663,328,17.9,0,40,30,0.57,24,18,0.57,0.0765,0.3400,0.4000,0.4000,376,2506,4140,4140,0.0765,0.1598,0.2106,0.2106,0.000,,,0,5.15,4.25,48790,8761,536,39493,380722,59914,127924,22520,198166,65428,8200,86377,
NY,33,36,2002,19137800,8705352,570163,6.1,18.29921,11.15341,3.25838,884104,236,4.8,708251700,1739830,412530,170430,1346644,685572,468,577,687,135,248,356,452,716,906,1079,63316,545,87,632,724,2690,14.0,0,98,52,0.65,25,36,0.41,0.0765,0.3400,0.4000,0.4000,376,2506,4140,4140,0.0765,0.1598,0.2106,0.2106,0.275,,,1,5.15,5.15,625234,136363,3194,485677,3364337,454577,990129,148385,1792586,352685,34814,458921,
NC,34,37,2002,8326201,3906570,278143,6.6,23.83931,13.86683,4.81260,297907,181,8.6,232267300,71700,91084,42872,574369,244907,236,272,297,135,248,356,452,484,628,749,22445,545,0,545,663,1165,14.3,1,66,54,0.55,35,15,0.70,0.0765,0.3400,0.4000,0.4000,376,2506,4140,4140,0.0765,0.1598,0.2106,0.2106,0.000,,,0,5.15,5.15,192595,30031,2009,160555,1104646,208377,383333,86391,843699,207354,29979,299698,
ND,35,38,2002,638168,327957,12674,3.7,12.39362,7.04221,0.53668,20229,8,4.9,17347800,53521,8344,3232,36781,15899,363,477,549,135,248,356,452,611,833,983,846,545,0,545,663,73,11.6,0,34,63,0.35,17,32,0.35,0.0765,0.3400,0.4000,0.4000,376,2506,4140,4140,0.0765,0.1598,0.2106,0.2106,0.000,,,0,5.15,5.15,8090,1203,83,6804,54160,13823,20278,7085,77833,7679,1308,13965,
OH,36,39,2002,11407889,5516645,336340,5.7,20.82148,11.43224,3.40314,411148,114,3.7,339645300,1961494,190998,84031,734679,330844,305,373,461,135,248,356,452,553,729,913,39115,545,0,545,663,1099,9.8,0,39,59,0.40,11,21,0.34,0.0765,0.3400,0.4000,0.4000,376,2506,4140,4140,0.0765,0.1598,0.2106,0.2106,0.000,,,0,5.15,4.25,241476,16383,2142,222951,1410736,253923,379683,79984,1012719,152414,13143,195701,
OK,37,40,2002,3489080,1608106,78462,4.7,28.25858,16.45338,6.10094,99151,61,6.7,90204400,134580,36923,14801,316684,129934,225,292,361,135,248,356,452,473,648,813,6432,545,53,598,700,489,14.1,0,61,40,0.60,30,18,0.63,0.0765,0.3400,0.4000,0.4000,376,2506,4140,4140,0.0765,0.1598,0.2106,0.2106,0.050,,,1,5.15,5.15,73630,9520,812,63298,495743,109391,188085,44567,377268,105866,16814,152299,
OR,38,41,2002,3513424,1697237,138088,7.5,25.45516,14.66403,3.96171,121201,76,8.6,101954300,444744,40916,17946,359138,177291,395,460,565,135,248,356,452,643,816,994,7656,545,2,547,664,380,10.9,1,25,35,0.42,14,16,0.47,0.0765,0.3400,0.4000,0.4000,376,2506,4140,4140,0.0765,0.1598,0.2106,0.2106,0.050,,,0,5.15,6.50,56218,7580,633,48005,453337,97058,125981,30097,267595,72231,10176,105602,
PA,39,42,2002,12331031,5868607,350036,5.6,20.67732,11.89992,2.73481,436474,202,6.7,395409400,261715,210528,80587,766615,350838,330,421,514,135,248,356,452,578,777,958,28166,545,27,572,682,1152,9.5,1,100,103,0.49,21,29,0.42,0.0765,0.3400,0.4000,0.4000,376,2506,4140,4140,0.0765,0.1598,0.2106,0.2106,0.000,,,0,5.15,5.15,301981,34156,2374,265451,1420971,222879,376273,84700,1041177,146487,16103,205515,
RI,40,44,2002,1065995,522832,27424,5.0,16.88231,9.99373,2.51389,38111,3,1.3,35133400,12065,38957,14405,71933,33370,449,554,634,135,248,356,452,697,890,1042,2877,545,64,609,708,116,11.0,0,85,12,0.88,43,7,0.86,0.0765,0.3400,0.4000,0.4000,376,2506,4140,4140,0.0765,0.1598,0.2106,0.2106,0.250,,,0,5.15,6.15,28747,4349,204,24194,172773,22451,35508,5099,68802,13934,941,17102,
SC,41,45,2002,4107795,1835823,113312,5.8,23.13064,14.90605,3.97648,124178,60,5.8,107536400,188267,53255,21545,379310,154584,162,205,245,135,248,356,452,410,561,697,8781,545,0,545,663,568,14.3,1,57,67,0.46,21,25,0.46,0.0765,0.3400,0.4000,0.4000,376,2506,4140,4140,0.0765,0.1598,0.2106,0.2106,0.000,,,0,5.15,5.15,105888,14860,1535,89493,794119,109575,249817,41492,469483,133783,13648,171948,
SD,42,46,2002,760020,404239,13278,3.2,17.26429,10.62757,2.12139,26165,9,4.2,20939800,9046,6603,2851,47663,18474,380,469,478,135,248,356,452,628,825,930,1638,545,15,560,673,85,11.5,0,19,51,0.27,10,24,0.29,0.0765,0.3400,0.4000,0.4000,376,2506,4140,4140,0.0765,0.1598,0.2106,0.2106,0.000,,,0,5.15,5.15,12666,1852,105,10709,90019,20278,32115,10526,103480,13204,1757,18915,
TN,43,47,2002,5795918,2756086,150505,5.2,17.07846,10.06663,2.39776,195332,77,5.3,162839300,78552,164631,63036,598012,255900,142,185,226,135,248,356,452,390,541,678,18635,545,0,545,663,839,14.8,0,61,38,0.62,18,15,0.55,0.0765,0.3400,0.4000,0.4000,376,2506,4140,4140,0.0765,0.1598,0.2106,0.2106,0.000,,,0,5.15,5.15,161673,20160,1660,139853,1447887,153212,292924,55628,636692,147072,18863,206933,
TX,44,48,2002,21690325,10065870,682940,6.4,30.42543,19.11395,4.92124,787720,956,15.3,633035700,251007,331363,129937,1554428,570337,174,201,241,135,248,356,452,422,557,693,50607,545,0,545,663,3362,15.6,0,78,71,0.52,15,15,0.50,0.0765,0.3400,0.4000,0.4000,376,2506,4140,4140,0.0765,0.1598,0.2106,0.2106,0.000,,,0,5.15,5.15,435844,112708,6044,317092,2372631,786530,1528626,226386,2582461,831263,81825,1082011,
UT,45,49,2002,2324815,1116067,68684,5.8,30.78135,18.47619,3.84592,76159,47,5.9,58604800,201837,19887,7757,89899,36005,362,474,528,135,248,356,452,610,830,968,2450,545,0,545,663,228,9.9,0,21,54,0.28,9,20,0.31,0.0765,0.3400,0.4000,0.4000,376,2506,4140,4140,0.0765,0.1598,0.2106,0.2106,0.000,,,0,5.15,5.15,21003,2124,261,18618,153529,61445,82358,34049,278500,26649,4669,37786,
VT,46,50,2002,615442,329427,13712,4.0,18.37764,8.68360,2.43635,20162,3,2.1,19226800,4557,13407,5113,39914,19809,604,709,792,135,248,356,452,817,999,1153,949,545,59,604,704,61,9.9,1,77,67,0.53,16,13,0.55,0.0765,0.3400,0.4000,0.4000,376,2506,4140,4140,0.0765,0.1598,0.2106,0.2106,0.320,,,1,5.15,6.25,12711,1416,109,11186,128007,15903,15765,5220,53713,8292,1637,15179,
VA,47,51,2002,7286873,3569570,156898,4.2,14.52973,8.11300,2.35172,293399,102,5.4,251068300,117702,67262,30051,352172,157703,294,389,410,135,248,356,452,542,745,862,12224,545,0,545,663,702,9.9,1,47,52,0.47,18,22,0.45,0.0765,0.3400,0.4000,0.4000,376,2506,4140,4140,0.0765,0.1598,0.2106,0.2106,0.000,,,0,5.15,5.15,132176,22984,1396,107796,546259,129103,232925,61503,678369,116295,17676,178359,
WA,48,53,2002,6052349,2854762,228077,7.4,20.22586,13.81834,4.80878,248153,71,4.3,202618000,1438795,137755,54188,350373,163313,440,546,642,135,248,356,452,688,885,1048,18261,545,26,571,681,657,11.0,1,49,49,0.50,25,24,0.51,0.0765,0.3400,0.4000,0.4000,376,2506,4140,4140,0.0765,0.1598,0.2106,0.2106,0.000,,,0,5.15,6.90,105520,14074,937,90509,887850,152055,203961,59309,488215,91340,14444,126924,
WV,49,54,2002,1805414,752548,47450,5.9,17.13266,8.59259,2.02054,45434,24,5.7,44239100,1147664,41643,15855,235736,100359,276,453,387,135,248,356,452,524,809,839,4667,545,0,545,663,293,16.8,1,75,25,0.75,28,6,0.82,0.0765,0.3400,0.4000,0.4000,376,2506,4140,4140,0.0765,0.1598,0.2106,0.2106,0.000,,,0,5.15,5.15,74022,4952,593,68477,277117,50265,87531,22312,195950,51912,9926,85033,
WI,50,55,2002,5445162,2861621,162698,5.4,17.01812,9.22993,3.71490,194845,41,2.9,171578100,30202,45231,18955,262310,105747,628,628,628,135,248,356,452,834,942,1038,10693,545,84,629,722,467,8.6,0,44,55,0.44,18,15,0.55,0.0765,0.3400,0.4000,0.4000,376,2506,4140,4140,0.0765,0.1598,0.2106,0.2106,0.040,0.140,0.430,1,5.15,5.15,87128,9089,965,77074,601783,102776,153791,47598,552561,40337,6417,63583,
WY,51,56,2002,500017,258650,10896,4.0,21.17670,12.80993,5.33644,19150,10,7.8,15773700,102453,826,453,23530,9545,320,340,340,135,248,356,452,568,696,792,322,545,10,555,670,44,9.0,0,17,43,0.28,10,20,0.33,0.0765,0.3400,0.4000,0.4000,376,2506,4140,4140,0.0765,0.1598,0.2106,0.2106,0.000,,,0,5.15,5.15,5663,525,53,5085,50538,11353,15314,6148,49889,5989,1182,9544,
AL,1,1,2003,4503491,1992732,127493,6.0,19.87682,13.81505,3.19612,133969,62,5.4,120211100,70635,44704,18844,472066,185028,190,215,245,139,256,366,465,446,581,710,9157,552,0,552,676,663,15.0,0,64,41,0.61,25,10,0.71,0.0765,0.3400,0.4000,0.4000,382,2547,4204,4204,0.0765,0.1598,0.2106,0.2106,0.000,,,0,5.15,5.15,163760,21010,1029,141721,747859,120377,285471,50037,549241,130793,12539,166848,
AK,2,2,2003,648414,305723,25946,7.8,19.47017,10.53248,3.80023,31790,10,5.1,23239600,16012,15190,5334,50687,17797,821,923,1025,169,309,443,563,1128,1334,1525,1182,552,362,914,1053,62,9.6,0,13,27,0.33,8,12,0.40,0.0765,0.3400,0.4000,0.4000,382,2547,4204,4204,0.0765,0.1598,0.2106,0.2106,0.000,,,0,5.15,7.15,10639,2230,107,8302,97075,25512,23369,6867,52962,7910,1337,11802,
AZ,3,4,2003,5510364,2578854,157146,5.7,20.54067,11.12701,2.93437,192765,164,10.3,155175000,307824,112952,47792,466153,181146,275,347,418,139,256,366,465,531,713,883,19138,552,0,552,676,749,13.5,1,21,39,0.35,13,17,0.43,0.0765,0.3400,0.4000,0.4000,382,2547,4204,4204,0.0765,0.1598,0.2106,0.2106,0.000,,,0,5.15,5.15,91655,13211,924,77520,968206,156353,293709,52526,517837,125707,15017,166184,
AR,4,5,2003,2724816,1196299,75397,5.9,27.81233,15.79666,3.90756,78306,37,5.2,69547400,40011,25425,11162,310359,124288,162,204,247,139,256,366,465,418,570,712,4873,552,0,552,676,474,17.8,0,72,28,0.72,27,8,0.77,0.0765,0.3400,0.4000,0.4000,382,2547,4204,4204,0.0765,0.1598,0.2106,0.2106,0.000,,,0,5.15,5.15,86542,11177,873,74492,565499,85607,167707,30419,317843,94860,10560,127348,
CA,5,6,2003,35253159,16102840,1174778,6.8,23.88811,15.16255,3.26970,1530560,787,7.9,1248506500,2988327,1111558,449650,1708354,661219,548,679,809,139,256,366,465,790,992,1182,185002,552,205,757,819,4634,13.1,1,48,32,0.60,25,15,0.63,0.0765,0.3400,0.4000,0.4000,382,2547,4204,4204,0.0765,0.1598,0.2106,0.2106,0.000,,,0,5.15,6.75,1162725,345911,21951,794863,7897701,1274489,1702334,339588,2732303,699371,95310,885880,
CO,6,8,2003,4528732,2338207,148022,6.0,19.56337,11.76005,2.79281,196769,99,8.2,158210900,485344,35391,13534,208053,90096,280,356,432,139,256,366,465,536,722,897,4822,552,37,589,702,436,9.7,0,28,37,0.43,17,18,0.49,0.0765,0.3400,0.4000,0.4000,382,2547,4204,4204,0.0765,0.1598,0.2106,0.2106,0.000,,,0,5.15,5.15,53988,8537,555,44896,361912,81196,132430,31955,327775,45270,6395,66496,
CT,7,9,2003,3484336,1687924,96336,5.4,15.47488,9.10709,2.88082,181230,34,3.8,157679400,66986,44964,21014,180512,94147,513,636,741,139,256,366,465,765,962,1134,8259,552,183,735,804,278,8.1,0,94,57,0.62,21,15,0.58,0.0765,0.3400,0.4000,0.4000,382,2547,4204,4204,0.0765,0.1598,0.2106,0.2106,0.000,,,0,5.15,6.90,51151,6937,505,43709,429743,51721,108683,21233,283625,39939,3441,50645,
DE,8,10,2003,818003,397472,17688,4.3,11.57393,6.22178,1.34058,47731,8,3.7,31094600,13437,12697,5597,46027,19141,270,338,407,139,256,366,465,526,704,872,2559,552,0,552,676,60,7.3,1,12,29,0.29,13,8,0.62,0.0765,0.3400,0.4000,0.4000,382,2547,4204,4204,0.0765,0.1598,0.2106,0.2106,0.000,,,0,5.15,6.15,12930,1304,115,11511,124528,17839,29770,5615,75377,13425,1442,19724,
DC,9,11,2003,568502,285454,20968,6.8,23.89933,11.25674,3.57317,74178,6,5.9,26177800,21143,42342,16589,81777,39104,298,379,463,139,256,366,465,554,745,928,6169,552,0,552,676,92,16.8,.,,,,11,2,0.85,0.0765,0.3400,0.4000,0.4000,382,2547,4204,4204,0.0765,0.1598,0.2106,0.2106,0.250,,,1,5.15,6.15,20403,2154,175,18074,134911,15572,38327,2677,47961,16257,1006,19048,
FL,10,12,2003,17004085,7783148,427548,5.2,20.34394,12.62742,4.39093,583447,413,10.0,539102800,281594,120013,58118,1041315,502669,241,303,364,139,256,366,465,497,669,829,35051,552,0,552,676,2148,12.7,0,39,81,0.33,14,25,0.36,0.0765,0.3400,0.4000,0.4000,382,2547,4204,4204,0.0765,0.1598,0.2106,0.2106,0.000,,,0,5.15,5.15,409400,95566,3166,310668,2165042,354568,802573,154490,1397558,368917,43068,495428,
GA,11,13,2003,8622793,4182521,211916,4.8,20.18409,12.46996,3.90473,340627,209,8.7,265611900,91947,133772,55922,750208,314687,235,280,330,139,256,366,465,491,646,795,24706,552,0,552,676,1014,11.9,0,107,72,0.60,26,30,0.46,0.0765,0.3400,0.4000,0.4000,382,2547,4204,4204,0.0765,0.1598,0.2106,0.2106,0.000,,,0,5.15,5.15,199733,29689,2175,167869,1262263,246296,523228,108539,1129503,286339,38569,410840,
HI,12,15,2003,1251154,578323,24799,4.1,15.35647,7.24353,1.90261,48923,8,2.6,40791000,25296,25715,9776,100382,48766,452,570,687,212,389,557,707,841,1127,1393,2287,552,0,552,764,117,9.3,0,36,15,0.71,20,5,0.80,0.0765,0.3400,0.4000,0.4000,382,2547,4204,4204,0.0765,0.1598,0.2106,0.2106,0.000,,,0,5.15,6.25,21753,6532,189,15032,172664,32788,48864,15729,131954,20643,4209,37978,
ID,13,16,2003,1363380,651335,38670,5.6,25.50842,16.24417,3.27196,40418,31,8.0,36402600,124095,3124,1681,81524,32428,309,309,309,139,256,366,465,565,675,774,1095,552,52,604,712,138,10.2,0,16,54,0.23,7,28,0.20,0.0765,0.3400,0.4000,0.4000,382,2547,4204,4204,0.0765,0.1598,0.2106,0.2106,0.000,,,0,5.15,5.15,20258,1716,216,18326,163086,34754,58877,19149,148798,23659,3782,34618,
IL,14,17,2003,12556006,5874608,425613,6.8,15.58185,9.35000,2.84047,530143,225,6.6,439954700,77210,98049,37895,953929,422487,292,396,435,139,256,366,465,548,762,900,20091,552,0,552,676,1592,12.6,1,66,52,0.56,26,32,0.45,0.0765,0.3400,0.4000,0.4000,382,2547,4204,4204,0.0765,0.1598,0.2106,0.2106,0.050,,,0,5.15,5.15,255445,30895,2426,222124,1797165,266975,592876,83525,1097467,179526,11932,219069,
IN,15,18,2003,6196638,3014655,168333,5.3,19.68070,12.57732,3.55423,223500,85,5.1,182652300,37492,140302,52686,470182,196688,229,288,346,139,256,366,465,485,654,811,18599,552,0,552,676,610,9.9,1,51,49,0.51,18,32,0.36,0.0765,0.3400,0.4000,0.4000,382,2547,4204,4204,0.0765,0.1598,0.2106,0.2106,0.060,,,0,5.15,5.15,93963,6311,999,86653,742272,124683,219787,57815,663592,93363,12462,133081,
IA,16,19,2003,2941999,1534489,72309,4.5,21.75138,12.18136,2.91276,105020,40,5.3,86452000,11852,52170,19969,153816,66436,361,426,495,139,256,366,465,617,792,960,5117,552,0,552,676,260,8.9,1,45,54,0.45,21,29,0.42,0.0765,0.3400,0.4000,0.4000,382,2547,4204,4204,0.0765,0.1598,0.2106,0.2106,0.065,,,0,5.15,5.15,41869,3837,792,37240,290964,64585,95970,32261,380864,39131,7056,71061,
KS,17,20,2003,2723004,1357867,79160,5.5,25.60533,14.63592,5.35137,94630,33,4.5,81485800,17614,39745,15300,160705,70845,352,429,497,139,256,366,465,608,795,962,4497,552,0,552,676,288,10.8,1,45,80,0.36,10,30,0.25,0.0765,0.3400,0.4000,0.4000,382,2547,4204,4204,0.0765,0.1598,0.2106,0.2106,0.150,,,0,5.15,2.65,37805,3475,376,33954,246324,61229,105678,35432,317481,50154,9565,77185,
KY,18,21,2003,4117170,1839873,120172,6.1,25.82595,13.56971,4.06634,127174,90,8.6,109617300,146379,76963,34923,502677,209532,225,262,328,139,256,366,465,481,628,793,16019,552,0,552,676,589,14.4,1,65,35,0.65,16,22,0.42,0.0765,0.3400,0.4000,0.4000,382,2547,4204,4204,0.0765,0.1598,0.2106,0.2106,0.000,,,0,5.15,5.15,178900,15733,1358,161809,657597,113109,231831,48495,511470,132853,18346,194483,
LA,19,22,2003,4521042,1888974,129350,6.4,23.75134,10.18409,1.42626,154449,102,8.1,121132000,38063,57775,22834,655300,250388,188,240,284,139,256,366,465,444,606,749,11570,552,0,552,676,750,17.0,0,70,34,0.67,23,15,0.61,0.0765,0.3400,0.4000,0.4000,382,2547,4204,4204,0.0765,0.1598,0.2106,0.2106,0.000,,,0,5.15,5.15,167800,20708,1785,145307,903261,133403,351425,53113,626152,185903,17091,237832,
ME,20,23,2003,1306513,649571,33964,5.0,17.25252,11.25099,3.18337,41842,6,1.9,40289300,14660,26504,9150,132582,65760,363,485,611,139,256,366,465,619,851,1043,2133,552,10,562,683,149,11.6,1,80,67,0.54,18,17,0.51,0.0765,0.3400,0.4000,0.4000,382,2547,4204,4204,0.0765,0.1598,0.2106,0.2106,0.049,,,0,5.15,6.25,31403,2746,223,28434,240741,21743,37624,10694,103840,16271,2956,27707,
MD,21,24,2003,5496269,2754523,127696,4.4,14.70264,7.44617,1.80348,228734,52,3.6,217235000,323024,61168,26134,252294,114927,373,473,572,139,256,366,465,629,839,1016,9008,552,0,552,676,472,8.6,0,98,43,0.70,33,14,0.70,0.0765,0.3400,0.4000,0.4000,382,2547,4204,4204,0.0765,0.1598,0.2106,0.2106,0.180,,,0,5.15,5.15,90962,15532,711,74719,676479,101283,179200,45015,435790,80467,13892,123835,
MA,22,25,2003,6422565,3226981,195428,5.7,11.84808,6.81080,2.38016,315958,71,4.6,259978800,98703,109093,49377,292200,135195,518,618,713,139,256,366,465,769,949,1114,18041,552,129,681,766,652,10.3,0,135,23,0.85,34,6,0.85,0.0765,0.3400,0.4000,0.4000,382,2547,4204,4204,0.0765,0.1598,0.2106,0.2106,0.150,,,1,5.15,6.75,168171,44813,4038,119320,939406,113957,185572,35851,541767,90510,7133,115936,
MI,23,26,2003,10041152,4667103,360756,7.2,19.51721,10.40976,3.32079,372966,71,2.7,314558600,72966,200557,75111,837629,364166,371,459,563,139,256,366,465,627,825,1009,25805,552,14,566,686,1125,11.4,1,62,47,0.57,16,22,0.42,0.0765,0.3400,0.4000,0.4000,382,2547,4204,4204,0.0765,0.1598,0.2106,0.2106,0.000,,,0,5.15,5.15,216727,17629,1818,197280,1297794,216684,365342,70476,842678,161378,15306,216046,
MN,24,27,2003,5053572,2734287,140376,4.9,15.77530,7.87180,1.82959,214847,39,3.0,178203400,113653,94605,36500,234631,110088,437,532,621,139,256,366,465,693,889,1050,9588,552,81,633,732,376,7.4,0,53,80,0.40,35,31,0.53,0.0765,0.3400,0.4000,0.4000,382,2547,4204,4204,0.0765,0.1598,0.2106,0.2106,0.330,,,1,5.15,5.15,68971,9804,722,58445,561290,110117,146962,50539,577652,61303,13112,117540,
MS,25,28,2003,2868312,1219145,82105,6.3,26.41291,13.45779,2.90581,73587,65,8.2,68806600,27769,45743,19823,355783,142641,146,170,194,139,256,366,465,402,536,659,8038,552,0,552,676,456,16.0,1,81,38,0.68,31,21,0.60,0.0765,0.3400,0.4000,0.4000,382,2547,4204,4204,0.0765,0.1598,0.2106,0.2106,0.000,,,0,5.15,5.15,126301,17538,1133,107630,602348,103244,256422,33596,395089,145947,11747,176453,
MO,26,29,2003,5709403,2850987,169834,5.6,19.21379,10.54553,2.87610,205194,51,3.5,171751100,81471,101893,40845,591532,248540,234,292,342,139,256,366,465,490,658,807,11496,552,0,552,676,602,10.7,1,73,90,0.45,14,20,0.41,0.0765,0.3400,0.4000,0.4000,382,2547,4204,4204,0.0765,0.1598,0.2106,0.2106,0.000,,,0,5.15,5.15,115069,10606,970,103493,986646,129961,245725,53876,603434,120724,16328,177878,
MT,27,30,2003,919630,449266,22223,4.7,20.17084,12.62900,3.04593,25647,28,12.3,23980900,112383,17294,6169,71320,30208,403,507,611,139,256,366,465,659,871,1043,1588,552,0,552,676,139,15.1,0,41,53,0.44,21,29,0.42,0.0765,0.3400,0.4000,0.4000,382,2547,4204,4204,0.0765,0.1598,0.2106,0.2106,0.000,,,0,5.15,5.15,14356,1209,132,13015,82190,21320,29747,8184,77464,12223,1779,18130,
NE,28,31,2003,1738643,926315,37943,3.9,19.64675,11.69667,3.95065,66402,19,4.1,56024400,8160,26876,10945,99243,42507,293,364,435,139,256,366,465,549,730,900,3475,552,11,563,683,168,9.8,0,,,,,,,0.0765,0.3400,0.4000,0.4000,382,2547,4204,4204,0.0765,0.1598,0.2106,0.2106,0.000,,,0,5.15,5.15,21875,2186,243,19446,195964,38286,66384,22526,222865,24292,4078,39787,
NV,29,32,2003,2248850,1088787,58249,5.1,19.14029,11.39940,3.51559,90368,67,11.0,74202200,30540,25256,10636,111352,49214,289,348,407,139,256,366,465,545,714,872,4937,552,36,588,701,244,10.9,0,23,19,0.55,9,12,0.43,0.0765,0.3400,0.4000,0.4000,382,2547,4204,4204,0.0765,0.1598,0.2106,0.2106,0.000,,,0,5.15,5.15,30815,7883,708,22224,169689,44551,72416,15735,136856,29292,3987,40646,
NH,30,33,2003,1279840,677030,30494,4.3,13.42501,6.73244,2.31392,51378,4,1.2,48040700,13856,14152,6079,44783,22150,556,625,688,139,256,366,465,796,954,1097,1816,552,27,579,695,73,5.8,0,117,282,0.29,6,18,0.25,0.0765,0.3400,0.4000,0.4000,382,2547,4204,4204,0.0765,0.1598,0.2106,0.2106,0.000,,,0,5.15,5.15,12709,926,139,11644,100445,16701,21433,7430,109815,8495,1480,18650,
NJ,31,34,2003,8601402,4093686,253468,5.8,14.97566,9.99239,3.88675,404967,138,6.0,356314900,309912,102564,42418,339047,157874,322,424,488,139,256,366,465,578,790,953,17038,552,31,583,697,741,8.6,1,43,35,0.55,20,20,0.50,0.0765,0.3400,0.4000,0.4000,382,2547,4204,4204,0.0765,0.1598,0.2106,0.2106,0.200,,,1,5.15,5.15,149580,33670,1015,114895,809080,136272,255303,59340,604595,69057,8102,91843,
NM,32,35,2003,1877574,837667,52063,5.9,30.70134,18.60077,5.18226,62865,54,10.4,49197200,29321,44081,16638,194795,74645,310,389,469,139,256,366,465,566,755,934,4916,552,0,552,676,338,18.1,1,42,28,0.60,24,18,0.57,0.0765,0.3400,0.4000,0.4000,382,2547,4204,4204,0.0765,0.1598,0.2106,0.2106,0.000,,,0,5.15,5.15,50169,8710,519,40940,408806,62253,130351,22441,201272,69263,9013,92926,
NY,33,36,2003,19175939,8672909,590492,6.4,21.17767,13.19067,3.49604,902544,241,5.0,718318700,1788773,338668,148803,1434936,723371,468,577,687,139,256,366,465,724,920,1096,63306,552,87,639,737,2707,14.3,0,103,47,0.69,25,37,0.40,0.0765,0.3400,0.4000,0.4000,382,2547,4204,4204,0.0765,0.1598,0.2106,0.2106,0.300,,,1,5.15,5.15,624565,134095,3131,487339,3723583,458177,984956,153371,1788136,349609,36224,459919,
NC,34,37,2003,8422501,3984596,271035,6.4,26.91923,16.74934,4.51393,309351,157,7.3,241625800,72754,84214,40432,649426,276321,236,272,297,139,256,366,465,492,638,762,21983,552,0,552,676,1289,15.7,1,60,60,0.50,28,22,0.56,0.0765,0.3400,0.4000,0.4000,382,2547,4204,4204,0.0765,0.1598,0.2106,0.2106,0.000,,,0,5.15,5.15,194424,28237,1958,164229,1163739,211574,409524,87445,863716,216184,29312,307729,
ND,35,38,2003,638817,331852,12824,3.7,13.99323,6.46948,2.32594,22073,9,5.8,18863800,79328,8677,3376,39663,17273,378,477,573,139,256,366,465,634,843,1016,761,552,0,552,676,61,9.7,0,28,66,0.30,16,31,0.34,0.0765,0.3400,0.4000,0.4000,382,2547,4204,4204,0.0765,0.1598,0.2106,0.2106,0.000,,,0,5.15,5.15,8092,1144,80,6868,57450,13969,20158,6842,77230,8005,1377,14769,
OH,36,39,2003,11434788,5505858,366514,6.2,21.29725,13.21754,3.12457,424427,161,5.3,349608900,2001622,187557,84292,855401,379354,305,373,461,139,256,366,465,561,739,926,40264,552,0,552,676,1226,10.9,0,38,61,0.38,11,22,0.33,0.0765,0.3400,0.4000,0.4000,382,2547,4204,4204,0.0765,0.1598,0.2106,0.2106,0.000,,,0,5.15,4.25,243584,15934,2092,225558,1577331,256095,397451,80995,1028227,164540,14129,211637,
OK,37,40,2003,3504892,1593521,92051,5.5,24.03623,13.52150,4.62576,105130,92,10.1,94319800,189340,36830,15049,380299,152860,225,292,361,139,256,366,465,481,658,826,6490,552,53,605,713,440,12.8,1,53,48,0.52,27,20,0.57,0.0765,0.3400,0.4000,0.4000,382,2547,4204,4204,0.0765,0.1598,0.2106,0.2106,0.050,,,1,5.15,5.15,75202,8938,812,65452,510299,111688,198605,43752,382577,112347,16715,158675,
OR,38,41,2003,3547376,1695906,149638,8.1,25.05666,14.67454,5.21399,127154,60,7.0,105567700,520974,42722,18708,398377,199205,395,460,565,139,256,366,465,651,826,1011,7978,552,2,554,677,446,12.5,1,58,35,0.62,15,15,0.50,0.0765,0.3400,0.4000,0.4000,382,2547,4204,4204,0.0765,0.1598,0.2106,0.2106,0.050,,,0,5.15,6.90,57436,7570,649,49217,413194,96457,134196,31441,275713,80957,11120,115617,
PA,39,42,2003,12374658,5821711,348648,5.7,17.75973,9.93728,2.39253,454517,157,5.2,408889700,276896,210409,80857,822696,373597,330,421,514,139,256,366,465,586,787,975,27539,552,27,579,695,1279,10.5,1,94,108,0.47,21,28,0.43,0.0765,0.3400,0.4000,0.4000,382,2547,4204,4204,0.0765,0.1598,0.2106,0.2106,0.000,,,0,5.15,5.15,310617,32895,2368,275354,1488465,229628,380760,89142,1057774,150945,17470,213773,
RI,40,44,2003,1071342,530567,29916,5.3,18.36044,11.62662,2.95654,40250,6,2.4,36974000,12090,35514,13348,74068,34121,449,554,634,139,256,366,465,705,904,1059,2947,552,57,609,716,121,11.5,0,63,11,0.85,32,6,0.84,0.0765,0.3400,0.4000,0.4000,382,2547,4204,4204,0.0765,0.1598,0.2106,0.2106,0.050,,,1,5.15,6.15,29196,4155,198,24843,179036,22739,41099,6897,82161,16325,1444,21131,
SC,41,45,2003,4150297,1859765,138212,6.9,26.13731,14.80495,3.52761,130314,53,4.8,111169900,210522,52976,21589,450556,184771,163,205,248,139,256,366,465,419,571,713,9295,552,0,552,676,516,12.7,0,50,73,0.41,21,24,0.47,0.0765,0.3400,0.4000,0.4000,382,2547,4204,4204,0.0765,0.1598,0.2106,0.2106,0.000,,,0,5.15,5.15,105621,13864,1482,90275,870624,104967,254200,42396,466847,135966,14097,175244,
SD,42,46,2003,763729,408088,14947,3.5,19.47392,10.57715,2.19089,27197,8,3.7,22890600,11865,6285,2791,51176,20018,432,483,533,139,256,366,465,688,849,988,1667,552,15,567,686,95,12.7,0,21,49,0.30,9,26,0.26,0.0765,0.3400,0.4000,0.4000,382,2547,4204,4204,0.0765,0.1598,0.2106,0.2106,0.000,,,0,5.15,5.15,12577,1777,99,10701,94895,20631,32942,10326,103592,13527,1864,19458,
TN,43,47,2003,5847812,2748140,164047,5.6,21.49130,11.91988,2.90156,203328,105,7.2,169454800,75506,180940,68660,728305,314792,142,185,226,139,256,366,465,398,551,691,17675,552,0,552,676,829,14.0,1,54,45,0.55,18,15,0.55,0.0765,0.3400,0.4000,0.4000,382,2547,4204,4204,0.0765,0.1598,0.2106,0.2106,0.000,,,0,5.15,5.15,161246,18843,1604,140799,1340032,152828,302652,55114,635613,150674,18568,209513,
TX,44,48,2003,22030931,10185312,729352,6.7,29.41112,17.80338,4.08819,829723,943,14.3,655908000,498492,334406,133239,1872473,717238,174,201,241,139,256,366,465,430,567,706,58548,552,0,552,676,3705,17.0,0,62,88,0.41,12,19,0.39,0.0765,0.3400,0.4000,0.4000,382,2547,4204,4204,0.0765,0.1598,0.2106,0.2106,0.000,,,0,5.15,5.15,454857,111225,6219,337413,2755254,824449,1619135,233586,2671975,892346,86346,1152222,
UT,45,49,2003,2360137,1132554,67682,5.6,27.26235,16.12589,5.72064,79138,49,6.2,60748700,220256,21812,8537,105630,41282,380,474,555,139,256,366,465,636,840,1004,2654,552,0,552,676,213,9.1,0,19,56,0.25,7,22,0.24,0.0765,0.3400,0.4000,0.4000,382,2547,4204,4204,0.0765,0.1598,0.2106,0.2106,0.000,,,0,5.15,5.15,21357,2131,266,18960,188732,64070,88811,34477,283627,29199,4870,41005,
VT,46,50,2003,617858,331122,14849,4.3,15.85158,10.00677,4.34830,21124,3,2.2,19983700,4682,12701,4907,41333,20519,604,709,795,139,256,366,465,829,1013,1172,974,552,52,604,712,52,8.5,0,69,74,0.48,19,11,0.63,0.0765,0.3400,0.4000,0.4000,382,2547,4204,4204,0.0765,0.1598,0.2106,0.2106,0.320,,,1,5.15,6.25,12841,1308,102,11431,128253,16201,16654,5248,54356,9397,1812,16854,
VA,47,51,2003,7366977,3599264,154439,4.1,18.19388,12.61469,3.02314,310133,78,4.2,266236500,117102,58198,25245,393911,174196,323,389,451,139,256,366,465,579,755,916,9027,552,0,552,676,740,10.0,1,34,64,0.35,17,23,0.43,0.0765,0.3400,0.4000,0.4000,382,2547,4204,4204,0.0765,0.1598,0.2106,0.2106,0.000,,,0,5.15,5.15,133607,22155,1356,110096,608630,125205,241660,64165,687945,116906,17893,177544,
WA,48,53,2003,6104115,2895863,231541,7.4,20.93293,11.93437,3.24712,257830,75,4.8,210856500,1521260,135893,54699,403992,192735,440,546,642,139,256,366,465,696,899,1065,19403,552,26,578,694,766,12.6,1,52,46,0.53,24,25,0.49,0.0765,0.3400,0.4000,0.4000,382,2547,4204,4204,0.0765,0.1598,0.2106,0.2106,0.000,,,0,5.15,7.01,108977,14179,954,93844,929928,152520,212993,61468,495468,94225,15556,132046,
WV,49,54,2003,1812295,738990,47562,6.0,17.79006,9.56023,2.69985,46748,21,5.1,44869800,864597,40699,15822,246890,105365,401,453,512,139,256,366,465,657,819,974,4962,552,0,552,676,310,17.4,1,68,32,0.68,24,10,0.71,0.0765,0.3400,0.4000,0.4000,382,2547,4204,4204,0.0765,0.1598,0.2106,0.2106,0.000,,,0,5.15,5.15,75227,4694,598,69935,294271,49837,92772,23314,204626,53630,10036,86827,
WI,50,55,2003,5479203,2879779,173863,5.7,18.02529,11.58835,2.56772,203049,65,4.6,176274500,29335,49019,20460,296719,119455,628,628,628,139,256,366,465,846,956,1055,10997,552,84,636,735,528,9.8,1,40,58,0.41,13,18,0.42,0.0765,0.3400,0.4000,0.4000,382,2547,4204,4204,0.0765,0.1598,0.2106,0.2106,0.040,0.140,0.430,1,5.15,5.15,88736,8818,965,78953,738591,105702,162018,48599,561150,43338,6987,68557,
WY,51,56,2003,503453,261970,11650,4.3,25.72639,13.13928,3.41097,21058,7,5.2,16712000,109927,733,408,25306,10205,320,340,340,139,256,366,465,576,706,805,310,552,10,562,683,48,9.8,1,15,45,0.25,10,20,0.33,0.0765,0.3400,0.4000,0.4000,382,2547,4204,4204,0.0765,0.1598,0.2106,0.2106,0.000,,,0,5.15,5.15,5660,482,49,5129,57371,12037,15984,5928,49485,6316,1237,10050,
AL,1,1,2004,4530729,2014889,121569,5.7,21.66319,12.48137,2.38454,146887,40,3.5,128739900,70321,45377,19154,497591,197237,190,215,245,141,259,371,471,449,586,716,9099,564,0,564,689,763,16.9,0,64,41,0.61,25,10,0.71,0.0765,0.3400,0.4000,0.4000,390,2604,4300,4300,0.0765,0.1598,0.2106,0.2106,0.000,,,0,5.15,5.15,163002,19218,1000,142782,782251,120310,290940,50786,558455,135726,13533,175875,
AK,2,2,2004,659286,311643,25100,7.5,25.87737,14.46217,4.56011,34988,12,6.4,24338300,16156,13768,4926,49323,17696,823,925,1028,167,307,439,558,1130,1336,1528,1181,564,362,926,1065,59,9.2,0,13,27,0.33,8,12,0.40,0.0765,0.3400,0.4000,0.4000,390,2604,4300,4300,0.0765,0.1598,0.2106,0.2106,0.000,,,0,5.15,7.15,10781,2170,100,8511,98155,26616,24013,7037,52069,8356,1491,12405,
AZ,3,4,2004,5652404,2655428,140841,5.0,28.08923,16.79010,3.05194,205391,156,9.7,169638700,385849,114970,49559,529556,207849,275,347,418,141,259,371,471,534,718,889,20110,564,0,564,689,830,14.4,1,21,39,0.35,13,17,0.43,0.0765,0.3400,0.4000,0.4000,390,2604,4300,4300,0.0765,0.1598,0.2106,0.2106,0.000,,,0,5.15,5.15,94400,13169,933,80298,1016843,176223,313254,55275,545033,133456,16503,178799,
AR,4,5,2004,2749686,1226123,74195,5.7,24.66622,13.10969,5.67603,84557,25,3.5,74033000,40126,22360,10023,346441,140269,162,204,247,141,259,371,471,421,575,718,4640,564,0,564,689,412,15.1,0,72,28,0.72,27,8,0.77,0.0765,0.3400,0.4000,0.4000,390,2604,4300,4300,0.0765,0.1598,0.2106,0.2106,0.000,,,0,5.15,5.15,87928,10390,822,76716,580294,89113,172402,31257,322753,97757,11307,132314,
CA,5,6,2004,35574576,16303996,1079635,6.2,23.50333,14.64272,3.88993,1632429,797,7.9,1329404000,3507711,1103152,456666,1859486,732239,568,704,839,141,259,371,471,810,1017,1212,206208,564,226,790,848,4743,13.3,0,48,32,0.60,25,15,0.63,0.0765,0.3400,0.4000,0.4000,390,2604,4300,4300,0.0765,0.1598,0.2106,0.2106,0.000,,,0,5.15,6.75,1183002,348333,21765,812904,7947657,1292737,1742453,355347,2798852,735004,105064,939884,
CO,6,8,2004,4575013,2393559,138802,5.5,21.91096,13.66276,3.19944,204375,120,9.9,164106000,526211,38162,14623,241780,103574,280,356,432,141,259,371,471,539,727,903,5166,564,37,601,715,450,10.0,0,28,37,0.43,17,18,0.49,0.0765,0.3400,0.4000,0.4000,390,2604,4300,4300,0.0765,0.1598,0.2106,0.2106,0.000,,,0,5.15,5.15,54131,8371,537,45223,394407,83409,143112,31629,335266,51833,6946,74332,
CT,7,9,2004,3496094,1686213,87980,5.0,15.29469,8.11571,1.63482,198282,17,2.0,166262000,65580,42782,20720,195980,102175,513,636,741,141,259,371,471,772,970,1143,8606,564,183,747,818,348,10.0,0,94,57,0.62,21,15,0.58,0.0765,0.3400,0.4000,0.4000,390,2604,4300,4300,0.0765,0.1598,0.2106,0.2106,0.000,,,0,5.15,7.10,51536,6767,477,44292,438065,52130,110758,22401,291886,41298,3730,52369,
DE,8,10,2004,830803,403599,16785,4.0,17.71437,9.06498,2.18138,51338,13,6.2,32376700,14940,12723,5643,55642,23292,270,338,407,141,259,371,471,529,709,878,2590,564,0,564,689,75,9.1,1,12,29,0.29,13,8,0.62,0.0765,0.3400,0.4000,0.4000,390,2604,4300,4300,0.0765,0.1598,0.2106,0.2106,0.000,,,0,5.15,6.15,13452,1293,110,12049,133892,18353,30625,5952,78045,14489,1749,22559,
DC,9,11,2004,567754,287683,24344,7.8,22.19218,14.05298,3.83834,80557,5,4.5,28501700,23034,43610,17177,88655,43132,298,379,463,141,259,371,471,557,750,934,6349,564,0,564,689,91,16.7,.,,,,11,2,0.85,0.0765,0.3400,0.4000,0.4000,390,2604,4300,4300,0.0765,0.1598,0.2106,0.2106,0.250,,,1,5.15,6.15,20856,2048,164,18644,139240,16019,35647,2528,46536,14948,967,18072,
FL,10,12,2004,17415318,8049908,390520,4.6,20.37880,11.61895,3.25643,636088,363,8.6,586785000,334278,116208,57457,1202227,579945,241,303,364,141,259,371,471,500,674,835,35966,564,0,564,689,2026,11.6,0,39,81,0.33,14,26,0.35,0.0765,0.3400,0.4000,0.4000,390,2604,4300,4300,0.0765,0.1598,0.2106,0.2106,0.000,,,0,5.15,5.15,412970,94688,3042,315240,2157536,373214,846079,160071,1463971,387142,48758,532972,
GA,11,13,2004,8769252,4239065,212735,4.8,24.16942,12.28806,3.95691,364229,179,7.4,280262000,99904,124239,53215,867148,353040,235,280,330,141,259,371,471,494,651,801,25014,564,0,564,689,1139,13.1,0,107,72,0.60,26,30,0.46,0.0765,0.3400,0.4000,0.4000,390,2604,4300,4300,0.0765,0.1598,0.2106,0.2106,0.000,,,0,5.15,5.15,199898,28209,2080,169609,1315285,259992,555834,110016,1170116,307136,41351,443512,
HI,12,15,2004,1273569,590156,20756,3.4,17.29643,8.41544,2.24562,53761,3,0.9,43977400,27325,22908,8864,98589,48600,452,570,687,210,386,553,702,838,1123,1389,2290,564,0,564,774,105,8.4,0,36,15,0.71,20,5,0.80,0.0765,0.3400,0.4000,0.4000,390,2604,4300,4300,0.0765,0.1598,0.2106,0.2106,0.000,,,0,5.15,6.25,22251,6510,191,15550,181636,33221,45581,14542,123721,20865,4250,38578,
ID,13,16,2004,1391802,668441,34621,4.9,25.98125,16.82572,3.36722,43866,22,5.4,39244700,130728,3405,1848,91395,36083,309,309,309,141,259,371,471,568,680,780,1219,564,52,616,726,136,9.9,0,16,54,0.23,7,28,0.20,0.0765,0.3400,0.4000,0.4000,390,2604,4300,4300,0.0765,0.1598,0.2106,0.2106,0.000,,,0,5.15,5.15,20993,1723,213,19057,173034,36279,61883,19757,152570,27938,4762,42050,
IL,14,17,2004,12589773,5933127,392320,6.2,18.63915,12.13819,3.47396,561037,227,6.7,457435400,83202,89018,35660,1069596,476050,292,396,435,141,259,371,471,551,767,906,19657,564,0,564,689,1534,12.2,1,66,52,0.56,26,32,0.45,0.0765,0.3400,0.4000,0.4000,390,2604,4300,4300,0.0765,0.1598,0.2106,0.2106,0.050,,,1,5.15,5.50,255624,30522,2382,222720,1908366,275833,593801,82136,1079949,176977,11839,215446,
IN,15,18,2004,6233007,2998068,169729,5.4,20.18076,11.57047,4.19708,236921,93,5.5,191298300,37105,131125,50589,526324,224454,229,288,346,141,259,371,471,488,659,817,20553,564,0,564,689,712,11.6,1,51,49,0.51,18,32,0.36,0.0765,0.3400,0.4000,0.4000,390,2604,4300,4300,0.0765,0.1598,0.2106,0.2106,0.060,,,1,5.15,5.15,96191,6106,958,89127,782518,131485,234912,58961,679283,100275,12950,141338,
IA,16,19,2004,2953635,1529761,72027,4.5,22.19321,9.58779,2.20626,116834,36,5.0,93511300,12514,44753,18286,179179,76909,361,426,495,141,259,371,471,620,797,966,5128,564,0,564,689,314,10.8,1,45,54,0.45,21,29,0.42,0.0765,0.3400,0.4000,0.4000,390,2604,4300,4300,0.0765,0.1598,0.2106,0.2106,0.065,,,0,5.15,5.15,42618,3694,791,38133,308857,66188,101205,32605,385111,40421,7234,72656,
KS,17,20,2004,2734373,1383867,79840,5.5,22.40256,12.39643,4.81655,98014,34,4.8,83847100,17426,43640,16747,169528,74193,352,429,497,141,259,371,471,611,800,968,4633,564,0,564,689,304,11.4,1,45,80,0.36,10,30,0.25,0.0765,0.3400,0.4000,0.4000,390,2604,4300,4300,0.0765,0.1598,0.2106,0.2106,0.150,,,1,5.15,2.65,38476,3393,372,34711,259224,63987,111725,36058,323008,50423,9967,78355,
KY,18,21,2004,4146101,1857816,106059,5.4,23.33741,13.58994,2.67539,134191,66,6.5,116046700,138636,78174,35629,544744,230679,253,289,325,141,259,371,471,512,660,796,16480,564,0,564,689,719,17.7,0,65,35,0.65,16,22,0.42,0.0765,0.3400,0.4000,0.4000,390,2604,4300,4300,0.0765,0.1598,0.2106,0.2106,0.000,,,0,5.15,5.15,179438,14872,1480,163086,676877,117201,242781,49129,528271,141480,19044,206666,
LA,19,22,2004,4552238,1916536,120640,5.9,22.27821,13.84142,2.95748,169836,77,6.4,126295600,40121,45506,18777,705700,274130,188,240,284,141,259,371,471,447,611,755,10700,564,0,564,689,737,16.7,1,70,34,0.67,24,15,0.62,0.0765,0.3400,0.4000,0.4000,390,2604,4300,4300,0.0765,0.1598,0.2106,0.2106,0.000,,,0,5.15,5.15,169549,19604,1738,148207,957556,141661,360252,51769,629519,193707,17176,245984,
ME,20,23,2004,1313688,654161,31839,4.6,20.14735,11.91627,4.13246,44526,7,2.4,42373900,15140,26651,9713,141929,72197,363,485,611,141,259,371,471,622,856,1052,2361,564,10,574,696,150,11.6,1,80,67,0.54,18,17,0.51,0.0765,0.3400,0.4000,0.4000,390,2604,4300,4300,0.0765,0.1598,0.2106,0.2106,0.049,,,0,5.15,6.35,31641,2589,216,28836,258051,22916,39123,10458,106064,17195,2946,29070,
MD,21,24,2004,5546935,2766475,122849,4.3,19.82911,11.01928,3.59221,246682,69,4.8,232208400,389634,60611,25430,273872,124108,376,477,577,141,259,371,471,635,848,1029,8972,564,0,564,689,545,9.8,0,98,43,0.70,33,14,0.70,0.0765,0.3400,0.4000,0.4000,390,2604,4300,4300,0.0765,0.1598,0.2106,0.2106,0.200,,,1,5.15,5.15,92776,15379,688,76709,694272,107542,171881,45429,426182,74266,14003,118701,
MA,22,25,2004,6412281,3220838,174673,5.1,16.00199,9.09990,2.65112,330937,37,2.3,273462500,100319,107630,49753,334939,154543,518,618,713,141,259,371,471,775,957,1124,18158,564,129,693,780,586,9.2,0,135,23,0.85,34,6,0.85,0.0765,0.3400,0.4000,0.4000,390,2604,4300,4300,0.0765,0.1598,0.2106,0.2106,0.150,,,1,5.15,6.75,169205,44272,3952,120981,963577,115657,191048,35348,548522,90995,7352,117222,
MI,23,26,2004,10055315,4705591,356785,7.0,21.24042,13.60339,4.24571,381443,112,4.2,323431800,72462,212182,79432,943713,412666,371,459,563,141,259,371,471,630,830,1019,26382,564,14,578,699,1320,13.3,1,62,47,0.57,16,22,0.42,0.0765,0.3400,0.4000,0.4000,390,2604,4300,4300,0.0765,0.1598,0.2106,0.2106,0.000,,,0,5.15,5.15,219337,17131,1788,200418,1441452,222077,378314,73659,858209,165974,16411,222716,
MN,24,27,2004,5087713,2745615,134813,4.7,13.87142,6.77569,2.70621,230245,50,3.8,189289400,108502,88302,34340,247465,116873,437,532,621,141,259,371,471,696,897,1059,9225,564,81,645,746,358,7.0,0,53,80,0.40,35,31,0.53,0.0765,0.3400,0.4000,0.4000,390,2604,4300,4300,0.0765,0.1598,0.2106,0.2106,0.330,,,1,5.15,5.15,70745,9865,719,60161,573575,116677,154599,50397,583455,67547,15065,121495,
MS,25,28,2004,2889010,1232187,80915,6.2,32.18729,20.26577,4.38715,77298,71,8.8,72778600,28142,42459,18795,376864,151678,146,170,194,141,259,371,471,405,541,665,7940,564,0,564,689,532,18.6,0,81,38,0.68,30,22,0.58,0.0765,0.3400,0.4000,0.4000,390,2604,4300,4300,0.0765,0.1598,0.2106,0.2106,0.000,,,0,5.15,5.15,125180,16341,1082,107757,656801,102738,259263,35740,399474,148194,13048,180878,
MO,26,29,2004,5747741,2838872,176778,5.9,23.48336,12.10001,3.59419,215413,62,4.2,180801700,87186,99613,40979,699616,281193,234,292,342,141,259,371,471,493,663,813,11741,564,0,564,689,687,12.2,1,73,90,0.45,14,20,0.41,0.0765,0.3400,0.4000,0.4000,390,2604,4300,4300,0.0765,0.1598,0.2106,0.2106,0.000,,,0,5.15,5.15,116131,10006,932,105193,1015318,132763,256304,54090,610807,125109,16976,183651,
MT,27,30,2004,930009,457423,22858,4.8,23.57367,12.73467,5.31474,27895,19,8.4,25967900,122991,14284,5256,77478,32984,298,375,452,141,259,371,471,557,746,923,1571,564,0,564,689,128,14.1,0,41,53,0.44,21,29,0.42,0.0765,0.3400,0.4000,0.4000,390,2604,4300,4300,0.0765,0.1598,0.2106,0.2106,0.000,,,0,5.15,5.15,14558,1173,134,13251,85414,21302,30343,8455,78651,12970,1948,19491,
NE,28,31,2004,1749370,932515,37466,3.9,18.74028,11.76121,4.16554,70320,17,3.8,58602400,8259,26749,10901,113900,48078,293,364,435,141,259,371,471,552,735,906,3566,564,12,576,698,163,9.4,0,,,,,,,0.0765,0.3400,0.4000,0.4000,390,2604,4300,4300,0.0765,0.1598,0.2106,0.2106,0.000,,,0,5.15,5.15,22100,2090,246,19764,203984,39668,68723,23168,225506,25627,4404,42223,
NV,29,32,2004,2346222,1126943,50691,4.3,14.61831,8.48216,2.02541,103446,62,9.7,82501200,32056,20956,8844,120275,53516,289,348,407,141,259,371,471,548,719,878,4300,564,36,600,715,259,10.9,0,23,19,0.55,9,12,0.43,0.0765,0.3400,0.4000,0.4000,390,2604,4300,4300,0.0765,0.1598,0.2106,0.2106,0.000,,,0,5.15,5.15,32129,8159,693,23277,186959,46355,78424,15883,145963,32395,4191,44825,
NH,30,33,2004,1290121,689150,27036,3.8,13.34347,6.02024,1.94316,54126,8,2.4,50939800,14248,14032,6049,48449,23625,556,625,688,141,259,371,471,802,962,1106,1836,564,27,591,708,70,5.4,0,117,282,0.29,6,18,0.25,0.0765,0.3400,0.4000,0.4000,390,2604,4300,4300,0.0765,0.1598,0.2106,0.2106,0.000,,,0,5.15,5.15,13029,903,137,11989,104974,16722,22509,7746,111863,8752,1515,19632,
NJ,31,34,2004,8634561,4138830,210341,4.8,14.55926,8.44548,2.30283,422633,89,3.9,373078600,330366,107703,44739,368695,172641,322,424,488,141,259,371,471,581,795,959,17318,564,31,595,711,692,8.0,1,43,35,0.55,22,18,0.55,0.0765,0.3400,0.4000,0.4000,390,2604,4300,4300,0.0765,0.1598,0.2106,0.2106,0.200,,,1,5.15,5.15,150151,33447,1016,115688,822297,143341,255916,59898,616759,73926,9127,100849,
NM,32,35,2004,1903808,852612,49653,5.5,30.66035,18.25074,5.49742,69697,42,8.2,52264400,31639,45926,17590,222716,85459,310,389,469,141,259,371,471,569,760,940,5309,564,0,564,689,313,16.5,1,42,28,0.60,24,18,0.57,0.0765,0.3400,0.4000,0.4000,390,2604,4300,4300,0.0765,0.1598,0.2106,0.2106,0.000,,,0,5.15,5.15,51656,8605,494,42557,427892,63530,134832,22778,208483,73610,9883,99797,
NY,33,36,2004,19171567,8812618,543335,5.8,19.89431,11.21036,2.83267,952282,173,3.6,751244800,1867909,336236,147050,1598143,802051,501,691,825,141,259,371,471,760,1008,1202,63281,564,87,651,750,2844,15.0,0,103,47,0.69,25,37,0.40,0.0765,0.3400,0.4000,0.4000,390,2604,4300,4300,0.0765,0.1598,0.2106,0.2106,0.300,,,1,5.15,5.15,626593,131604,3079,491910,3987225,473058,978316,161282,1803687,367017,39711,493618,
NC,34,37,2004,8553152,4019809,233317,5.5,23.24448,15.17091,4.79520,327276,147,6.5,261640200,80621,77119,37651,747274,315782,236,272,297,141,259,371,471,495,643,768,21297,564,0,564,689,1226,14.6,1,60,60,0.50,28,22,0.56,0.0765,0.3400,0.4000,0.4000,390,2604,4300,4300,0.0765,0.1598,0.2106,0.2106,0.000,,,0,5.15,5.15,195654,26557,1882,167215,1207974,218930,433013,87812,886274,230241,30419,326889,
ND,35,38,2004,644705,340403,12063,3.4,14.03299,6.45625,1.84356,23152,10,6.4,19234400,126745,7871,3064,41421,18373,378,477,573,141,259,371,471,637,848,1026,684,564,0,564,689,61,9.7,0,28,66,0.30,16,31,0.34,0.0765,0.3400,0.4000,0.4000,390,2604,4300,4300,0.0765,0.1598,0.2106,0.2106,0.000,,,0,5.15,5.15,7966,1048,81,6837,53578,14117,20137,6854,77924,8125,1465,15243,
OH,36,39,2004,11452251,5502444,368035,6.3,24.64686,14.14167,3.30937,445410,167,5.6,362916300,1977814,186272,84574,945435,419271,305,373,461,141,259,371,471,564,744,932,42326,564,0,564,689,1310,11.6,0,38,61,0.38,11,22,0.33,0.0765,0.3400,0.4000,0.4000,390,2604,4300,4300,0.0765,0.1598,0.2106,0.2106,0.000,,,0,5.15,4.25,245401,15421,1963,228017,1610926,267300,417665,82451,1046400,180576,16275,237425,
OK,37,40,2004,3525233,1607421,82187,4.9,29.99801,19.38078,6.59515,112872,82,9.1,101746700,320192,34229,14199,411840,165402,225,292,361,141,259,371,471,484,663,832,6516,564,50,614,724,372,10.8,1,53,48,0.52,28,20,0.58,0.0765,0.3400,0.4000,0.4000,390,2604,4300,4300,0.0765,0.1598,0.2106,0.2106,0.050,,,1,5.15,5.15,77100,8431,820,67849,526919,116145,206545,44589,389245,118212,17463,166193,
OR,38,41,2004,3569463,1703703,134409,7.3,23.36018,14.04543,4.53409,136304,58,6.5,111503100,591936,42362,18525,419736,212132,395,460,565,141,259,371,471,654,831,1020,8390,564,2,566,691,419,11.7,1,58,35,0.62,14,15,0.48,0.0765,0.3400,0.4000,0.4000,390,2604,4300,4300,0.0765,0.1598,0.2106,0.2106,0.050,,,0,5.15,7.05,58842,7565,661,50616,423241,100135,143165,31881,284467,86040,11833,123014,
PA,39,42,2004,12410722,5876997,336781,5.4,22.55404,12.75379,3.41814,480811,163,5.5,432741600,313545,231260,88128,960941,431664,330,421,514,141,259,371,471,589,792,984,27422,564,27,591,708,1374,11.3,1,94,108,0.47,21,29,0.42,0.0765,0.3400,0.4000,0.4000,390,2604,4300,4300,0.0765,0.1598,0.2106,0.2106,0.000,,,0,5.15,5.15,316917,31745,2307,282865,1587720,240836,398337,91204,1086661,158048,18403,225111,
RI,40,44,2004,1074579,529893,28795,5.2,19.79793,13.22094,4.15039,43218,12,4.5,38907800,12792,31929,12295,77528,35232,449,554,634,141,259,371,471,708,912,1068,2956,564,57,621,729,121,11.5,0,63,11,0.85,32,6,0.84,0.0765,0.3400,0.4000,0.4000,390,2604,4300,4300,0.0765,0.1598,0.2106,0.2106,0.050,,,1,5.15,6.75,29703,4015,204,25484,184350,22780,41433,7084,83188,16292,1522,21536,
SC,41,45,2004,4210921,1894141,139169,6.8,26.51125,15.22755,4.60114,135143,67,6.2,117509600,247013,38567,16676,497218,206987,163,205,248,141,259,371,471,422,576,719,8014,564,0,564,689,614,14.9,0,50,73,0.41,20,25,0.44,0.0765,0.3400,0.4000,0.4000,390,2604,4300,4300,0.0765,0.1598,0.2106,0.2106,0.000,,,0,5.15,5.15,105223,12880,1434,90909,852244,106784,262067,41756,473208,144808,14949,187967,
SD,42,46,2004,770396,411762,15902,3.7,19.84368,10.11895,2.89707,29031,8,3.9,24579000,15938,6001,2745,53459,21113,441,493,544,141,259,371,471,700,864,1005,1759,564,15,579,700,101,13.4,0,21,49,0.30,9,25,0.26,0.0765,0.3400,0.4000,0.4000,390,2604,4300,4300,0.0765,0.1598,0.2106,0.2106,0.000,,,0,5.15,5.15,12469,1727,101,10641,96885,21608,33684,10001,103809,14370,1843,20696,
TN,43,47,2004,5910809,2725108,153628,5.3,24.12870,15.89178,4.47288,217939,81,5.5,179482400,77175,190132,72069,806490,351781,142,185,226,141,259,371,471,401,556,697,18089,564,0,564,689,929,15.9,1,54,45,0.55,18,15,0.55,0.0765,0.3400,0.4000,0.4000,390,2604,4300,4300,0.0765,0.1598,0.2106,0.2106,0.000,,,0,5.15,5.15,160521,17482,1589,141450,1377394,155394,317057,55495,648215,159739,19223,221099,
TX,44,48,2004,22394023,10338484,653875,5.9,31.00629,20.10827,5.73776,907476,889,13.5,687220200,622836,249634,105197,2258951,864342,188,217,261,141,259,371,471,447,588,732,56239,564,0,564,689,3674,16.5,0,62,88,0.41,12,19,0.39,0.0765,0.3400,0.4000,0.4000,390,2604,4300,4300,0.0765,0.1598,0.2106,0.2106,0.000,,,0,5.15,5.15,472347,109119,6345,356883,2887142,867586,1683945,252468,2776775,950675,97488,1239152,
UT,45,49,2004,2401580,1169795,61365,5.0,33.04146,18.24438,5.10744,85783,46,5.7,64803400,227865,23012,9041,123411,48366,380,474,555,141,259,371,471,639,845,1013,2804,564,0,564,689,236,9.9,0,19,56,0.25,7,22,0.24,0.0765,0.3400,0.4000,0.4000,390,2604,4300,4300,0.0765,0.1598,0.2106,0.2106,0.000,,,0,5.15,5.15,21646,2147,261,19238,202586,66848,94300,35265,289402,31300,5023,43808,
VT,46,50,2004,619920,334899,12774,3.7,18.25153,8.51328,3.27292,22658,3,1.8,21147300,5194,12257,4831,42862,21393,604,709,795,141,259,371,471,835,1021,1181,1000,564,52,616,726,48,7.9,0,69,74,0.48,19,11,0.63,0.0765,0.3400,0.4000,0.4000,390,2604,4300,4300,0.0765,0.1598,0.2106,0.2106,0.320,,,1,5.15,6.75,12915,1219,103,11593,127730,16290,16997,5506,54808,9720,2004,17757,
VA,47,51,2004,7475575,3650269,144977,3.8,15.32203,7.83452,2.68594,332669,65,3.4,285300600,117802,26883,9430,485877,209859,323,389,451,141,259,371,471,582,760,922,0,564,0,564,689,689,9.3,1,34,64,0.35,16,24,0.40,0.0765,0.3400,0.4000,0.4000,390,2604,4300,4300,0.0765,0.1598,0.2106,0.2106,0.000,,,0,5.15,5.15,134531,21275,1320,111936,667312,131832,249714,64283,705401,116976,17432,178798,
WA,48,53,2004,6178645,2996795,200300,6.3,23.35228,14.44769,4.03344,269983,65,4.1,226359600,1567090,136747,55858,453497,219415,440,546,642,141,259,371,471,699,907,1074,20556,564,26,590,708,701,11.5,1,52,46,0.53,24,25,0.49,0.0765,0.3400,0.4000,0.4000,390,2604,4300,4300,0.0765,0.1598,0.2106,0.2106,0.000,,,0,5.15,7.16,111895,14275,937,96683,905536,159233,222448,62413,505999,97772,16130,137396,
WV,49,54,2004,1816438,741890,41768,5.3,16.89948,8.76901,2.29166,49281,29,7.2,46477000,335658,34156,14401,255936,110092,401,453,512,141,259,371,471,660,824,983,5384,564,0,564,689,254,14.2,1,68,32,0.68,24,10,0.71,0.0765,0.3400,0.4000,0.4000,390,2604,4300,4300,0.0765,0.1598,0.2106,0.2106,0.000,,,0,5.15,5.15,75982,4481,583,70918,299180,50436,91684,22513,201002,53957,10029,87987,
WI,50,55,2004,5514026,2882064,152517,5.0,17.13208,10.30384,1.83246,215017,64,4.7,184282800,30158,54314,22493,324047,131738,628,628,628,141,259,371,471,852,964,1064,11247,564,84,648,748,673,12.3,1,40,58,0.41,15,18,0.45,0.0765,0.3400,0.4000,0.4000,390,2604,4300,4300,0.0765,0.1598,0.2106,0.2106,0.040,0.140,0.430,1,5.15,5.15,90026,8564,939,80523,796005,110186,168025,49124,569642,46605,7669,74279,
WY,51,56,2004,509106,264321,10473,3.8,22.42048,10.71201,2.94401,23220,5,4.1,17879700,117606,633,352,25648,10382,320,340,340,141,259,371,471,579,711,811,275,564,10,574,696,49,9.9,1,15,45,0.25,10,20,0.33,0.0765,0.3400,0.4000,0.4000,390,2604,4300,4300,0.0765,0.1598,0.2106,0.2106,0.000,,,0,5.15,5.15,5645,439,48,5158,57896,12381,16100,6045,49449,6649,1342,10610,
AL,1,1,2005,4569805,2049791,96234,4.5,23.52675,12.13142,3.12924,156403,37,3.3,136327300,79528,47388,20040,558596,222132,190,215,245,149,274,393,499,464,608,744,9215,579,0,579,711,750,16.7,0,62,40,0.61,25,10,0.71,0.0765,0.3400,0.4000,0.4000,399,2662,4400,4400,0.0765,0.1598,0.2106,0.2106,0.000,,,0,5.15,5.15,163709,17872,971,144866,808525,118751,295806,51186,565932,138406,14419,181030,
AK,2,2,2005,666946,320811,23748,6.9,25.50606,14.75666,5.03918,39789,7,3.4,25956900,17938,12048,4381,55567,20224,821,923,1025,177,324,465,590,1145,1366,1562,1120,579,362,941,1090,66,10.0,0,14,26,0.35,8,12,0.40,0.0765,0.3400,0.4000,0.4000,399,2662,4400,4400,0.0765,0.1598,0.2106,0.2106,0.000,,,0,5.15,7.15,11027,2158,98,8771,99445,26840,26016,6719,52091,8995,1478,12930,
AZ,3,4,2005,5839077,2748372,134854,4.7,26.59381,13.73099,4.11508,228233,212,12.6,188136500,457146,98894,43338,550291,220498,275,347,418,149,274,393,499,549,740,917,19128,579,0,579,711,917,15.2,1,22,38,0.37,12,18,0.40,0.0765,0.3400,0.4000,0.4000,399,2662,4400,4400,0.0765,0.1598,0.2106,0.2106,0.000,,,0,5.15,5.15,97703,13448,901,83354,1096553,177538,334277,57937,579435,142227,17645,191857,
AR,4,5,2005,2781097,1275448,70465,5.2,25.75651,14.29247,4.85508,89643,49,6.9,78000300,43104,18759,8642,373764,152916,162,204,247,149,274,393,499,436,597,746,4440,579,0,579,711,382,13.8,0,72,28,0.72,27,8,0.77,0.0765,0.3400,0.4000,0.4000,399,2662,4400,4400,0.0765,0.1598,0.2106,0.2106,0.000,,,0,5.15,5.15,91043,9782,797,80464,613167,88463,182705,32742,335891,102059,12032,138431,
CA,5,6,2005,35827943,16582651,947413,5.4,20.17754,11.75541,3.44978,1752649,854,8.5,1407285500,3435488,1087862,463569,1992024,785682,584,723,862,149,274,393,499,839,1056,1259,221805,579,226,805,869,4716,13.2,0,48,32,0.60,25,15,0.63,0.0765,0.3400,0.4000,0.4000,399,2662,4400,4400,0.0765,0.1598,0.2106,0.2106,0.000,,,0,5.15,6.75,1212069,356224,21752,834093,8058939,1309413,1776803,364433,2866246,750894,110085,969942,
CO,6,8,2005,4631888,2435082,128818,5.0,18.72313,12.21996,4.57436,220307,99,8.1,175273000,493889,38313,15268,245926,107405,280,356,432,149,274,393,499,554,749,931,5063,579,25,604,728,530,11.4,0,35,30,0.54,18,17,0.51,0.0765,0.3400,0.4000,0.4000,399,2662,4400,4400,0.0765,0.1598,0.2106,0.2106,0.000,,,0,5.15,5.15,55441,8546,526,46369,410081,84013,147088,31534,336565,54302,7467,78172,
CT,7,9,2005,3506956,1709382,87594,4.9,14.19900,7.92020,2.46286,208661,42,4.8,175470600,70242,40109,19830,204146,107492,513,636,741,149,274,393,499,787,995,1174,8527,579,168,747,829,326,9.3,0,99,52,0.66,24,12,0.67,0.0765,0.3400,0.4000,0.4000,399,2662,4400,4400,0.0765,0.1598,0.2106,0.2106,0.000,,,0,5.15,7.10,52147,6752,468,44927,448373,52059,114500,23684,301773,41461,3991,53172,
DE,8,10,2005,845150,414465,17944,4.1,13.33697,7.01868,2.12896,52028,14,6.8,33303100,16054,12530,5606,61586,26052,270,338,407,149,274,393,499,544,731,906,2581,579,0,579,711,78,9.2,1,15,25,0.38,13,8,0.62,0.0765,0.3400,0.4000,0.4000,399,2662,4400,4400,0.0765,0.1598,0.2106,0.2106,0.000,,,0,5.15,6.15,13664,1315,104,12245,139034,19361,32607,5968,81032,15674,1914,25157,
DC,9,11,2005,567136,295484,20132,6.4,24.43327,13.13631,4.09364,85349,6,4.9,30163900,25283,41980,16873,88799,44362,298,379,463,149,274,393,499,572,772,962,6760,579,0,579,711,115,21.3,.,,,,11,1,0.92,0.0765,0.3400,0.4000,0.4000,399,2662,4400,4400,0.0765,0.1598,0.2106,0.2106,0.350,,,1,5.15,7.00,21166,1984,155,19027,142097,15923,35951,2603,46976,15002,938,18418,
FL,10,12,2005,17842038,8398974,321996,3.7,16.31962,8.42130,3.02336,697260,465,11.1,642506700,412515,106815,59853,1381804,657576,241,303,364,149,274,393,499,515,696,863,41150,579,0,579,711,1975,11.1,0,36,84,0.30,14,26,0.35,0.0765,0.3400,0.4000,0.4000,399,2662,4400,4400,0.0765,0.1598,0.2106,0.2106,0.000,,,0,5.15,5.15,422466,98645,2951,320870,2262138,371365,865652,157892,1523765,412481,52394,577472,
GA,11,13,2005,8925922,4341223,245197,5.3,21.52849,13.33302,4.04490,387000,168,6.8,297505600,118758,90123,41747,921427,375739,235,280,330,149,274,393,499,509,673,829,25256,579,0,579,711,1298,14.4,0,80,99,0.45,22,34,0.39,0.0765,0.3400,0.4000,0.4000,399,2662,4400,4400,0.0765,0.1598,0.2106,0.2106,0.000,,,0,5.15,5.15,202747,27402,2044,173301,1370706,267452,588950,113970,1205372,327198,43927,468925,
HI,12,15,2005,1292729,608957,17955,2.9,16.15397,10.29349,3.61039,58659,6,1.8,47306300,30831,20307,7996,93548,47309,452,570,687,222,408,585,742,860,1155,1429,2247,579,0,579,801,110,8.6,0,41,10,0.80,20,5,0.80,0.0765,0.3400,0.4000,0.4000,399,2662,4400,4400,0.0765,0.1598,0.2106,0.2106,0.000,,,0,5.15,6.25,22689,6540,203,15946,190185,32586,40892,17640,121189,20181,4460,38198,
ID,13,16,2005,1428241,702291,29379,4.0,20.44434,12.53430,2.64740,47958,28,6.7,41843200,140504,3310,1860,93441,37151,309,309,309,149,274,393,499,583,702,808,1334,579,52,631,747,143,9.9,0,13,57,0.19,7,28,0.20,0.0765,0.3400,0.4000,0.4000,399,2662,4400,4400,0.0765,0.1598,0.2106,0.2106,0.000,,,0,5.15,5.15,22200,1780,206,20214,175428,37850,63600,20582,155700,31952,5917,49570,
IL,14,17,2005,12609903,6033913,363895,5.7,15.84561,8.51339,2.55432,589149,197,5.8,476560100,95299,96336,38391,1158271,520350,292,393,435,149,274,393,499,566,786,934,19409,579,0,579,711,1441,11.5,1,65,53,0.55,31,27,0.53,0.0765,0.3400,0.4000,0.4000,399,2662,4400,4400,0.0765,0.1598,0.2106,0.2106,0.050,,,1,5.15,6.50,258553,30414,2389,225750,2017325,275094,613806,83984,1104595,187174,13113,229463,
IN,15,18,2005,6278616,3029959,175477,5.5,15.84865,11.06704,3.63070,243862,85,5.1,197696800,41179,124777,44042,556285,240045,229,288,346,149,274,393,499,503,681,845,18193,579,0,579,711,774,12.6,0,48,52,0.48,17,33,0.34,0.0765,0.3400,0.4000,0.4000,399,2662,4400,4400,0.0765,0.1598,0.2106,0.2106,0.060,,,1,5.15,5.15,98555,5884,949,91722,814469,134706,249264,62465,700890,108824,14269,153456,
IA,16,19,2005,2964454,1560169,69595,4.3,21.17802,13.87485,4.33124,122256,18,2.6,96563600,14308,42884,17707,206696,89655,361,426,495,149,274,393,499,635,819,994,5284,579,0,579,711,327,11.3,1,49,51,0.49,25,25,0.50,0.0765,0.3400,0.4000,0.4000,399,2662,4400,4400,0.0765,0.1598,0.2106,0.2106,0.065,,,0,5.15,5.15,43388,3612,780,38996,307998,67823,104396,33200,385011,42748,7478,75515,
KS,17,20,2005,2745299,1392024,73616,5.0,22.06895,11.75756,3.51907,103966,31,4.3,88707300,20090,46026,17622,177782,78165,352,429,497,149,274,393,499,626,822,996,4720,579,0,579,711,337,12.5,1,42,83,0.34,10,30,0.25,0.0765,0.3400,0.4000,0.4000,399,2662,4400,4400,0.0765,0.1598,0.2106,0.2106,0.150,,,1,5.15,2.65,39154,3311,355,35488,267177,68218,116711,35762,326805,53003,9980,81085,
KY,18,21,2005,4182742,1881943,117834,5.9,25.01354,15.36591,5.61358,142708,54,5.2,121757800,140012,75005,34701,570277,245707,225,262,328,149,274,393,499,499,655,827,16814,579,0,579,711,599,14.8,0,57,43,0.57,15,22,0.41,0.0765,0.3400,0.4000,0.4000,399,2662,4400,4400,0.0765,0.1598,0.2106,0.2106,0.000,,,0,5.15,5.15,180225,14162,1429,164634,688212,121644,249797,49715,534807,146525,19567,213618,
LA,19,22,2005,4576628,1921385,148018,7.2,26.33760,15.09760,5.85793,197784,59,5.3,135921300,46060,37458,16103,807896,318126,188,240,284,149,274,393,499,462,633,783,10229,579,0,579,711,748,18.3,1,67,37,0.64,24,15,0.62,0.0765,0.3400,0.4000,0.4000,399,2662,4400,4400,0.0765,0.1598,0.2106,0.2106,0.000,,,0,5.15,5.15,155803,17588,1650,136565,1003951,143362,361166,49165,615879,191979,16427,242466,
ME,20,23,2005,1318787,663132,34021,4.9,27.05738,17.20589,6.17703,45870,15,5.2,43448500,18445,25509,9543,152910,78170,363,485,611,149,274,393,499,637,878,1083,2492,579,10,589,718,166,12.6,1,76,73,0.51,19,16,0.54,0.0765,0.3400,0.4000,0.4000,399,2662,4400,4400,0.0765,0.1598,0.2106,0.2106,0.050,,,0,5.15,6.50,31978,2449,231,29298,269654,23454,40162,10373,107685,18114,3056,30420,
MD,21,24,2005,5592379,2803487,121059,4.1,19.48059,11.77713,5.12513,266065,58,4.0,245174200,417310,54851,23134,288943,131556,380,482,583,149,274,393,499,654,875,1064,8732,579,0,579,711,542,9.7,0,98,43,0.70,33,14,0.70,0.0765,0.3400,0.4000,0.4000,399,2662,4400,4400,0.0765,0.1598,0.2106,0.2106,0.200,,,1,5.15,5.15,94418,15251,677,78490,711307,108540,177967,46931,438302,77507,14358,123971,
MA,22,25,2005,6403290,3220089,164027,4.8,13.48230,8.15055,2.21634,346085,22,1.4,285642500,106611,103906,48824,368122,176121,518,618,713,149,274,393,499,792,982,1155,17884,579,128,707,801,641,10.1,0,136,21,0.87,34,6,0.85,0.0765,0.3400,0.4000,0.4000,399,2662,4400,4400,0.0765,0.1598,0.2106,0.2106,0.150,,,1,5.15,6.75,171488,44653,3867,122968,1014586,114161,196575,35584,558107,93108,8129,121875,
MI,23,26,2005,10051137,4738902,344228,6.8,20.25227,13.02613,4.31917,394141,68,2.6,330450500,76718,214547,80590,1047594,469976,371,459,563,149,274,393,499,645,852,1050,26904,579,14,593,721,1196,12.0,1,52,58,0.47,16,22,0.42,0.0765,0.3400,0.4000,0.4000,399,2662,4400,4400,0.0765,0.1598,0.2106,0.2106,0.000,,,0,5.15,5.15,222073,16878,1748,203447,1482322,226601,390517,76584,869217,171972,17482,230158,
MN,24,27,2005,5119598,2762733,117027,4.1,16.85281,8.46815,3.13013,243070,37,2.9,195112700,107909,72812,28996,259937,124398,437,532,621,149,274,393,499,711,922,1090,9398,579,61,640,754,412,8.1,0,66,68,0.49,35,31,0.53,0.0765,0.3400,0.4000,0.4000,399,2662,4400,4400,0.0765,0.1598,0.2106,0.2106,0.330,,,1,5.15,6.15,72915,10023,712,62180,584860,123275,162115,51245,590260,66695,14931,117119,
MS,25,28,2005,2905943,1218825,98567,7.5,31.55099,17.76474,4.20271,81225,71,8.8,77596400,31630,34695,16060,434958,174500,146,170,194,149,274,393,499,420,563,693,7630,579,0,579,711,571,20.1,0,75,47,0.61,28,24,0.54,0.0765,0.3400,0.4000,0.4000,399,2662,4400,4400,0.0765,0.1598,0.2106,0.2106,0.000,,,0,5.15,5.15,124561,15161,1018,108382,671918,101694,263127,35369,398951,149144,12907,181624,
MO,26,29,2005,5790300,2847006,162328,5.4,20.64491,13.23764,4.23658,225089,72,5.0,187528700,93256,96611,40061,766425,298380,234,292,342,149,274,393,499,508,685,841,11580,579,0,579,711,659,11.6,0,66,97,0.40,10,22,0.31,0.0765,0.3400,0.4000,0.4000,399,2662,4400,4400,0.0765,0.1598,0.2106,0.2106,0.000,,,0,5.15,5.15,117613,9537,955,107121,1018319,132227,267048,55201,624385,134211,18092,196507,
MT,27,30,2005,940102,464907,21147,4.4,14.45133,9.28149,3.32169,30528,21,9.5,28000600,128347,12224,4614,80870,34573,328,405,482,149,274,393,499,602,798,981,1526,579,0,579,711,128,13.8,1,49,50,0.49,27,23,0.54,0.0765,0.3400,0.4000,0.4000,399,2662,4400,4400,0.0765,0.1598,0.2106,0.2106,0.000,,,0,5.15,5.15,14784,1105,135,13544,86252,21102,30700,8654,79664,13480,2162,20526,
NE,28,31,2005,1761497,935906,37086,3.8,17.07881,10.65195,3.30092,74120,15,3.2,60790100,9568,25136,10017,117415,49948,293,364,435,149,274,393,499,567,757,934,3574,579,9,588,717,167,9.5,0,,,,,,,0.0765,0.3400,0.4000,0.4000,399,2662,4400,4400,0.0765,0.1598,0.2106,0.2106,0.000,,,0,5.15,5.15,22334,2026,241,20067,203093,40818,72017,22749,228691,27862,4794,46114,
NV,29,32,2005,2432143,1173709,50122,4.1,17.04187,10.43088,4.87253,117056,50,7.4,92671100,37665,15601,6788,121707,54877,289,348,407,149,274,393,499,563,741,906,3816,579,36,615,736,260,10.6,0,26,16,0.62,9,12,0.43,0.0765,0.3400,0.4000,0.4000,399,2662,4400,4400,0.0765,0.1598,0.2106,0.2106,0.000,,,0,5.15,5.15,32977,8527,693,23757,175513,48803,90916,19462,172292,37267,5160,52867,
NH,30,33,2005,1298492,700026,25823,3.6,14.20967,6.52577,1.79180,56347,5,1.6,52878800,16111,14114,6144,52310,25198,556,625,688,149,274,393,499,820,987,1137,1948,579,27,606,730,73,5.6,1,147,250,0.37,8,16,0.33,0.0765,0.3400,0.4000,0.4000,399,2662,4400,4400,0.0765,0.1598,0.2106,0.2106,0.000,,,0,5.15,5.15,13636,869,140,12627,108445,16677,22920,7860,113074,8616,1438,18987,
NJ,31,34,2005,8651974,4194895,196684,4.5,15.68208,9.34564,1.87400,440494,112,4.9,387392700,351638,105135,43071,392416,186661,322,424,488,149,274,393,499,596,817,987,14798,579,31,610,733,592,6.8,1,47,33,0.59,22,18,0.55,0.0765,0.3400,0.4000,0.4000,399,2662,4400,4400,0.0765,0.1598,0.2106,0.2106,0.200,,,1,5.15,6.15,152352,33551,994,117807,828922,146888,263394,59917,629815,102882,13186,141717,
NM,32,35,2005,1932274,871248,46908,5.1,30.86202,19.98244,5.69774,73662,84,15.9,55838300,36318,45314,17566,240637,93094,310,389,468,149,274,393,499,584,782,967,5721,579,0,579,711,347,17.9,1,42,28,0.60,24,18,0.57,0.0765,0.3400,0.4000,0.4000,399,2662,4400,4400,0.0765,0.1598,0.2106,0.2106,0.000,,,0,5.15,5.15,53773,8589,491,44693,412709,64216,136539,23252,211792,75203,10248,102755,
NY,33,36,2005,19132610,8986859,474007,5.0,18.16475,10.55619,2.61473,1012181,211,4.4,782613000,2008779,323134,141512,1754861,915703,501,691,825,149,274,393,499,775,1033,1233,62947,579,87,666,772,2760,14.5,0,104,46,0.69,28,34,0.45,0.0765,0.3400,0.4000,0.4000,399,2662,4400,4400,0.0765,0.1598,0.2106,0.2106,0.300,,,1,5.15,6.00,635079,134506,3015,497558,4185741,482807,984233,167384,1823454,380400,43784,514762,
NC,34,37,2005,8705407,4091039,226389,5.2,22.94621,12.23349,3.03859,351337,180,7.8,281033800,96478,67644,33773,799747,343397,236,272,297,149,274,393,499,510,665,796,20134,579,0,579,711,1115,13.1,1,63,57,0.53,29,21,0.58,0.0765,0.3400,0.4000,0.4000,399,2662,4400,4400,0.0765,0.1598,0.2106,0.2106,0.000,,,0,5.15,5.15,199270,25384,1801,172085,1233106,225252,456849,88420,915560,243885,31225,343329,
ND,35,38,2005,646089,343508,12037,3.4,12.74194,6.50052,1.42339,24461,9,5.7,20381700,117233,7334,2856,42204,18927,378,477,573,149,274,393,499,652,870,1057,706,579,0,579,711,70,11.2,0,27,67,0.29,15,32,0.32,0.0765,0.3400,0.4000,0.4000,399,2662,4400,4400,0.0765,0.1598,0.2106,0.2106,0.000,,,0,5.15,5.15,7917,971,76,6870,53919,14248,20304,6878,78418,8706,1594,16419,
OH,36,39,2005,11463320,5541082,348964,5.9,22.41239,14.45348,4.16977,465893,139,4.9,373440500,1988246,179422,82597,1007172,448524,305,373,461,149,274,393,499,579,766,960,43241,579,0,579,711,1392,12.3,0,40,59,0.40,11,22,0.33,0.0765,0.3400,0.4000,0.4000,399,2662,4400,4400,0.0765,0.1598,0.2106,0.2106,0.000,,,0,5.15,4.25,250283,15242,1930,233111,1716021,272632,430495,85321,1060938,180286,17060,242114,
OK,37,40,2005,3548597,1627110,76183,4.5,25.81443,15.04726,4.12332,124370,55,6.2,111113400,308861,27876,12073,424402,172837,225,292,361,149,274,393,499,499,685,860,6401,579,48,627,745,543,15.6,1,44,57,0.44,26,22,0.54,0.0765,0.3400,0.4000,0.4000,399,2662,4400,4400,0.0765,0.1598,0.2106,0.2106,0.050,,,1,5.15,5.15,79564,8066,791,70707,557786,119779,216105,45146,402917,124522,18433,176011,
OR,38,41,2005,3613202,1731845,113916,6.2,22.76329,14.62743,2.52566,143592,71,7.7,117413600,582414,44432,19488,429358,218297,395,460,565,149,274,393,499,669,853,1051,8781,579,2,581,712,436,12.0,1,27,33,0.45,18,12,0.60,0.0765,0.3400,0.4000,0.4000,399,2662,4400,4400,0.0765,0.1598,0.2106,0.2106,0.050,,,1,5.15,7.25,60557,7772,670,52115,405017,102793,148921,31807,291326,88584,12462,128404,
PA,39,42,2005,12449990,5940570,310832,5.0,18.68738,10.30591,2.95274,504871,149,5.0,451950400,373051,253352,96635,1042809,471960,330,421,514,149,274,393,499,604,814,1013,28061,579,27,606,730,1372,11.2,1,93,110,0.46,18,29,0.38,0.0765,0.3400,0.4000,0.4000,399,2662,4400,4400,0.0765,0.1598,0.2106,0.2106,0.000,,,0,5.15,5.15,317462,29562,2198,285702,1693509,240754,420335,92895,1121383,164653,19488,237499,
RI,40,44,2005,1067916,537194,28541,5.0,20.41235,12.04347,4.03860,45133,7,2.8,39747500,13938,27017,10715,76085,34751,449,554,634,149,274,393,499,723,937,1099,2871,579,57,636,751,127,12.1,0,60,15,0.80,33,5,0.87,0.0765,0.3400,0.4000,0.4000,399,2662,4400,4400,0.0765,0.1598,0.2106,0.2106,0.100,,,1,5.15,6.75,30194,3934,197,26063,185935,22914,41279,7350,84080,19113,2019,25633,
SC,41,45,2005,4270150,1929233,139366,6.7,28.48063,16.46939,6.77010,142615,61,5.8,124566600,255726,36069,15854,521125,219503,163,205,248,149,274,393,499,437,598,747,7796,579,0,579,711,626,15.0,0,50,74,0.40,20,26,0.43,0.0765,0.3400,0.4000,0.4000,399,2662,4400,4400,0.0765,0.1598,0.2106,0.2106,0.000,,,0,5.15,5.15,105341,12303,1386,91652,855887,108341,270125,42174,482820,154293,16083,202615,
SD,42,46,2005,775493,414209,16397,3.8,19.82272,10.39722,3.17868,30535,9,4.7,26112500,15954,6059,2771,56095,22483,448,501,553,149,274,393,499,722,894,1043,1777,579,15,594,721,90,11.8,0,19,51,0.27,10,25,0.29,0.0765,0.3400,0.4000,0.4000,399,2662,4400,4400,0.0765,0.1598,0.2106,0.2106,0.000,,,0,5.15,5.15,12573,1673,95,10805,100196,21580,33708,10093,103986,14924,2003,21992,
TN,43,47,2005,5991057,2743383,161411,5.6,23.51040,15.73477,5.31680,228126,101,6.8,187942300,87486,186025,70572,849703,374011,142,185,226,149,274,393,499,416,578,725,18156,579,0,579,711,872,14.9,1,53,46,0.54,16,17,0.48,0.0765,0.3400,0.4000,0.4000,399,2662,4400,4400,0.0765,0.1598,0.2106,0.2106,0.000,,,0,5.15,5.15,161099,16915,1550,142634,1386983,155330,329574,56947,660282,168585,20249,232310,
TX,44,48,2005,22778123,10523257,600983,5.4,27.32367,16.59323,5.15832,986203,855,12.7,745858700,555189,201365,86739,2451197,941050,193,223,268,149,274,393,499,467,616,767,50913,579,0,579,711,3681,16.2,0,63,87,0.42,12,19,0.39,0.0765,0.3400,0.4000,0.4000,399,2662,4400,4400,0.0765,0.1598,0.2106,0.2106,0.000,,,0,5.15,5.15,501762,109823,6531,385408,2976438,892195,1750729,290358,2892593,981702,112414,1290127,
UT,45,49,2005,2457719,1220617,51828,4.1,27.83990,15.62335,5.29457,94303,58,7.3,70861600,246476,22758,9030,133263,53162,380,474,555,149,274,393,499,654,867,1044,3008,579,0,579,711,232,9.2,0,19,56,0.25,8,21,0.28,0.0765,0.3400,0.4000,0.4000,399,2662,4400,4400,0.0765,0.1598,0.2106,0.2106,0.000,,,0,5.15,5.15,22587,2245,258,20084,210038,68147,97452,36380,297669,35576,6313,52473,
VT,46,50,2005,621215,338553,12213,3.5,16.13320,9.86215,3.18445,23501,3,2.2,21726800,5723,11412,4570,45218,22355,604,709,795,149,274,393,499,853,1046,1212,1026,579,52,631,747,47,7.6,0,83,60,0.58,21,9,0.70,0.0765,0.3400,0.4000,0.4000,399,2662,4400,4400,0.0765,0.1598,0.2106,0.2106,0.320,,,1,5.15,7.00,13138,1136,89,11913,126600,16306,17593,5283,55363,10248,1978,18666,
VA,47,51,2005,7577105,3757592,139450,3.6,15.70891,8.61992,2.62339,360842,100,5.2,305046900,129294,28241,9916,488481,214983,323,389,451,149,274,393,499,597,782,950,0,579,0,579,711,684,9.2,1,38,60,0.39,16,24,0.40,0.0765,0.3400,0.4000,0.4000,399,2662,4400,4400,0.0765,0.1598,0.2106,0.2106,0.000,,,0,5.15,5.15,137340,20830,1293,115217,713814,138221,261761,65071,730970,125532,19176,195752,
WA,48,53,2005,6257305,3082399,181304,5.6,18.74937,11.16541,3.42098,295859,83,5.2,235828100,1624123,136882,56823,508472,250788,440,546,642,149,274,393,499,714,932,1105,21435,579,26,605,729,636,10.2,1,55,43,0.56,26,23,0.53,0.0765,0.3400,0.4000,0.4000,399,2662,4400,4400,0.0765,0.1598,0.2106,0.2106,0.000,,,0,5.15,7.35,115563,14697,960,99906,935955,160703,230050,61767,513488,102994,16843,144909,
WV,49,54,2005,1820492,750561,40421,5.1,18.51464,10.16253,2.61336,53293,15,3.6,48861000,169198,27218,12003,262442,114038,301,340,384,149,274,393,499,575,733,883,5308,579,0,579,711,276,15.4,1,68,32,0.68,21,13,0.62,0.0765,0.3400,0.4000,0.4000,399,2662,4400,4400,0.0765,0.1598,0.2106,0.2106,0.000,,,0,5.15,5.15,76728,4258,576,71894,305593,49961,94110,21893,202574,54777,9925,89609,
WI,50,55,2005,5546166,2878086,143000,4.7,18.52202,11.42019,3.18622,225591,60,4.3,190975800,34228,46609,20199,345748,143459,628,628,628,149,274,393,499,870,989,1095,11488,579,84,663,770,553,10.2,1,39,60,0.39,14,19,0.42,0.0765,0.3400,0.4000,0.4000,399,2662,4400,4400,0.0765,0.1598,0.2106,0.2106,0.040,0.140,0.430,1,5.15,5.70,92225,8375,936,82914,822220,112942,175551,50362,583338,51887,8383,81943,
WY,51,56,2005,514157,266630,9897,3.6,25.67267,12.82544,4.25955,27219,7,5.8,19661100,120849,548,310,25481,10422,320,340,340,149,274,393,499,594,733,839,247,579,10,589,718,54,10.6,1,14,46,0.23,7,23,0.23,0.0765,0.3400,0.4000,0.4000,399,2662,4400,4400,0.0765,0.1598,0.2106,0.2106,0.000,,,0,5.15,5.15,5797,441,44,5312,60919,12699,16437,6483,51187,7013,1602,11885,
AL,1,1,2006,4628981,2080233,87576,4.0,20.72831,11.84167,2.53534,164348,64,5.4,145175800,79652,44693,19162,546684,220345,190,215,245,152,278,399,506,468,614,751,9069,603,0,603,734,650,14.3,0,62,43,0.59,25,10,0.71,0.0765,0.3400,0.4000,0.4000,412,2747,4536,4536,0.0765,0.1598,0.2106,0.2106,0.000,,,0,5.15,5.15,164764,16659,929,147176,773709,121760,297069,53924,574060,141681,16234,189115,
AK,2,2,2006,675302,326542,23149,6.6,22.65892,10.37686,3.59090,44457,8,4.5,27726700,17942,9824,3614,57153,21172,821,923,1025,181,333,425,517,1154,1332,1495,1025,603,362,965,1117,58,8.9,0,17,23,0.43,8,12,0.40,0.0765,0.3400,0.4000,0.4000,412,2747,4536,4536,0.0765,0.1598,0.2106,0.2106,0.000,,,0,5.15,7.15,11340,2114,102,9124,100682,25229,28108,6438,53363,10004,1526,14254,
AZ,3,4,2006,6029141,2864385,126056,4.2,23.81918,16.00563,5.43029,248154,211,12.1,209127000,460524,87191,39369,540782,220293,275,347,418,152,278,399,506,553,746,924,18726,603,0,603,734,902,14.4,1,27,33,0.45,12,18,0.40,0.0765,0.3400,0.4000,0.4000,412,2747,4536,4536,0.0765,0.1598,0.2106,0.2106,0.000,,,0,5.15,5.15,99196,13415,877,84904,1062709,177168,337523,63287,607905,140762,19333,196502,
AR,4,5,2006,2821761,1294906,70504,5.2,26.16250,12.96369,3.93116,94452,55,7.7,83068200,45583,17925,8204,384889,159354,162,204,247,152,278,399,506,440,603,753,4178,603,0,603,734,487,17.7,0,75,25,0.75,27,8,0.77,0.0765,0.3400,0.4000,0.4000,412,2747,4536,4536,0.0765,0.1598,0.2106,0.2106,0.000,,,0,5.15,5.15,92960,9157,775,83028,631436,88186,188713,34701,345925,106707,13201,145763,
CA,5,6,2006,36021202,16789422,864687,4.9,20.79191,11.80281,3.63910,1874851,778,7.7,1516057500,2899550,1049315,449971,1999656,799469,584,723,862,152,278,399,506,847,1065,1270,223576,603,209,812,881,4427,12.2,0,48,32,0.60,25,15,0.63,0.0765,0.3400,0.4000,0.4000,412,2747,4536,4536,0.0765,0.1598,0.2106,0.2106,0.000,,,0,5.15,6.75,1226697,360316,21273,845108,8056739,1347858,1777759,371994,2896191,748083,116362,982245,
CO,6,8,2006,4720423,2509729,112514,4.3,18.12490,12.27022,4.21864,231256,121,9.6,189475600,447909,37391,14468,251385,107246,280,356,432,152,278,399,506,558,755,938,5131,603,25,628,752,466,9.7,0,39,26,0.60,18,17,0.51,0.0765,0.3400,0.4000,0.4000,412,2747,4536,4536,0.0765,0.1598,0.2106,0.2106,0.000,,,0,5.15,5.15,56830,8648,528,47654,403607,86171,154425,31334,347945,59154,8140,86001,
CT,7,9,2006,3517460,1749191,79460,4.3,19.79445,9.96977,3.01168,222914,15,1.8,189750400,72398,36841,18490,210288,111958,443,543,639,152,278,399,506,721,939,1114,8266,603,168,771,852,275,8.0,0,107,44,0.71,24,12,0.67,0.0765,0.3400,0.4000,0.4000,412,2747,4536,4536,0.0765,0.1598,0.2106,0.2106,0.000,,,0,5.15,7.40,53276,6700,467,46109,443456,51443,114400,24716,307389,42975,4461,56198,
DE,8,10,2006,859268,425399,15785,3.6,15.66190,10.24169,3.58862,54957,12,5.4,35265500,17070,12209,5504,65698,28211,270,338,407,152,278,399,506,548,737,913,2572,603,0,603,734,80,9.3,1,18,21,0.46,13,8,0.62,0.0765,0.3400,0.4000,0.4000,412,2747,4536,4536,0.0765,0.1598,0.2106,0.2106,0.200,,,0,5.15,6.15,14038,1300,106,12632,147028,19900,34803,5622,83648,17187,1971,27651,
DC,9,11,2006,570681,297786,18297,5.8,24.74388,13.73828,2.68475,88581,6,4.7,32001100,23680,38706,15717,89168,45469,320,407,498,152,278,399,506,598,806,1004,6793,603,0,603,734,104,18.3,.,,,,11,1,0.92,0.0765,0.3400,0.4000,0.4000,412,2747,4536,4536,0.0765,0.1598,0.2106,0.2106,0.350,,,1,5.15,7.00,21713,1974,151,19588,143108,15193,33348,2492,45229,15401,1043,20042,
FL,10,12,2006,18166990,8709522,290682,3.2,18.41590,11.37817,3.45776,744661,480,11.1,698476000,427527,86447,52470,1417749,673299,241,303,364,152,278,399,506,519,702,870,39466,603,0,603,734,2068,11.5,0,41,79,0.34,14,26,0.35,0.0765,0.3400,0.4000,0.4000,412,2747,4536,4536,0.0765,0.1598,0.2106,0.2106,0.000,,,0,5.15,6.40,427902,100597,2770,324535,2232473,382763,829610,168851,1523315,409088,56474,590315,
GA,11,13,2006,9155813,4489128,221647,4.7,23.34628,14.65574,3.89530,402501,230,9.0,317584300,123124,62584,31781,946812,386192,235,280,330,152,278,399,506,513,679,836,23747,603,0,603,734,1172,12.6,0,74,106,0.41,22,34,0.39,0.0765,0.3400,0.4000,0.4000,412,2747,4536,4536,0.0765,0.1598,0.2106,0.2106,0.000,,,0,5.15,5.15,205793,26753,1974,177066,1317063,276053,629108,115705,1252790,352137,45920,501826,
HI,12,15,2006,1309731,621573,16687,2.6,11.58727,6.99718,2.39660,62350,8,2.6,50701100,31427,17383,6953,87942,44883,452,570,687,229,421,602,765,873,1172,1452,2178,603,0,603,832,116,9.2,0,43,8,0.84,20,5,0.80,0.0765,0.3400,0.4000,0.4000,412,2747,4536,4536,0.0765,0.1598,0.2106,0.2106,0.000,,,0,5.15,6.75,22924,6452,198,16274,191994,32075,39372,14356,112822,18148,4526,35883,
ID,13,16,2006,1468669,721346,26031,3.5,20.72082,11.67048,2.58425,50986,30,7.2,46161300,147469,3054,1818,91106,36959,309,309,309,152,278,399,506,587,708,815,1423,603,32,635,757,141,9.5,0,19,51,0.27,7,28,0.20,0.0765,0.3400,0.4000,0.4000,412,2747,4536,4536,0.0765,0.1598,0.2106,0.2106,0.000,,,0,5.15,5.15,23053,1825,206,21022,180011,37034,64635,21198,161257,35484,6913,56744,
IL,14,17,2006,12643955,6230845,295428,4.5,17.27887,10.74399,3.55050,623471,197,5.9,508470300,103034,90101,36330,1225093,556293,292,396,435,152,278,399,506,570,795,941,18704,603,0,603,734,1338,10.6,1,66,52,0.56,31,27,0.53,0.0765,0.3400,0.4000,0.4000,412,2747,4536,4536,0.0765,0.1598,0.2106,0.2106,0.050,,,1,5.15,6.50,261052,30448,2382,228222,1906660,276597,609103,87689,1104900,208724,16320,259216,
IN,15,18,2006,6332669,3072113,162997,5.0,16.33439,9.95171,2.84864,255463,56,3.3,209427500,42371,119311,42533,574696,249498,230,288,347,152,278,399,506,508,687,853,18413,603,0,603,734,674,10.6,0,51,49,0.51,17,33,0.34,0.0765,0.3400,0.4000,0.4000,412,2747,4536,4536,0.0765,0.1598,0.2106,0.2106,0.060,,,1,5.15,5.15,101058,5756,934,94368,831487,137374,262416,66665,723568,116646,16176,165901,
IA,16,19,2006,2982644,1596530,61054,3.7,19.99764,11.57892,3.06068,127053,18,2.4,102580100,15075,40184,16675,225717,100753,361,426,495,152,278,399,506,639,825,1001,5273,603,0,603,734,301,10.3,1,54,46,0.54,25,25,0.50,0.0765,0.3400,0.4000,0.4000,412,2747,4536,4536,0.0765,0.1598,0.2106,0.2106,0.065,,,0,5.15,5.15,43896,3568,769,39559,362563,66339,108992,32758,390385,45196,7576,78798,
KS,17,20,2006,2762931,1402796,64299,4.4,23.90591,14.16518,4.15202,112634,33,4.5,97937900,20688,44966,17232,183071,81625,352,429,497,152,278,399,506,630,828,1003,4600,603,0,603,734,349,12.8,1,48,77,0.38,10,30,0.25,0.0765,0.3400,0.4000,0.4000,412,2747,4536,4536,0.0765,0.1598,0.2106,0.2106,0.150,,,1,5.15,2.65,39501,3225,356,35920,274491,69584,118337,38025,336461,54751,11148,85289,
KY,18,21,2006,4219239,1913472,115759,5.7,26.43298,15.31088,5.04076,151186,62,5.9,128867400,139070,69928,33092,589102,257605,225,262,328,152,278,399,506,503,661,834,17146,603,0,603,734,690,16.8,0,61,39,0.61,15,22,0.41,0.0765,0.3400,0.4000,0.4000,412,2747,4536,4536,0.0765,0.1598,0.2106,0.2106,0.000,,,0,5.15,5.15,181857,13374,1381,167102,703025,125082,257107,49759,542971,152222,20287,223267,
LA,19,22,2006,4302665,1899981,88532,4.5,24.50130,15.69534,6.20300,205888,121,10.8,143643300,43784,26749,11915,829882,333400,188,240,284,152,278,399,506,466,639,790,8300,603,0,603,734,713,17.0,1,63,41,0.61,24,15,0.62,0.0765,0.3400,0.4000,0.4000,412,2747,4536,4536,0.0765,0.1598,0.2106,0.2106,0.000,,,0,5.15,5.15,157299,16794,1608,138897,1010977,122505,349994,40757,571269,175640,14111,220926,
ME,20,23,2006,1323619,669554,31987,4.6,23.16590,12.77347,4.82697,47930,9,3.1,45683500,20062,24814,9304,160294,81557,363,485,611,152,278,399,506,641,884,1094,2486,603,10,613,741,134,10.2,1,89,60,0.60,19,16,0.54,0.0765,0.3400,0.4000,0.4000,412,2747,4536,4536,0.0765,0.1598,0.2106,0.2106,0.050,,,0,5.15,6.75,32536,2356,223,29957,275409,23661,42038,10280,109152,18945,2905,31192,
MD,21,24,2006,5627367,2849354,114512,3.9,16.71186,9.78579,4.42553,279424,76,5.3,258473500,376339,46879,20364,305395,140394,386,490,592,152,278,399,506,664,889,1081,8572,603,0,603,734,469,8.4,0,106,35,0.75,33,14,0.70,0.0765,0.3400,0.4000,0.4000,412,2747,4536,4536,0.0765,0.1598,0.2106,0.2106,0.200,,,1,5.15,5.15,96248,15294,647,80307,692659,115165,175719,45946,444058,78787,15010,129798,
MA,22,25,2006,6410084,3246316,167023,4.9,14.56555,7.09877,2.52247,361657,67,4.3,307519300,107617,93379,46582,431518,227263,531,633,731,152,278,399,506,809,1002,1178,16764,603,129,732,825,758,12.0,0,141,19,0.88,34,6,0.85,0.0765,0.3400,0.4000,0.4000,412,2747,4536,4536,0.0765,0.1598,0.2106,0.2106,0.150,,,1,5.15,6.75,174509,44807,3729,125973,1045427,115959,203260,36024,559612,95588,8698,126351,
MI,23,26,2006,10036081,4721085,355571,7.0,20.18368,12.04362,3.72511,395685,86,3.3,338507700,76402,219813,82953,1133793,515030,401,489,593,152,278,399,506,679,888,1081,27101,603,14,617,744,1323,13.3,1,58,52,0.53,16,22,0.42,0.0765,0.3400,0.4000,0.4000,412,2747,4536,4536,0.0765,0.1598,0.2106,0.2106,0.000,,,0,5.15,6.95,225160,16680,1697,206783,1530601,229770,399202,79486,884793,173655,18114,233608,
MN,24,27,2006,5163555,2772115,115717,4.0,18.65134,11.02340,3.32393,250157,62,4.7,205273800,105157,66843,27479,263986,125764,437,532,621,152,278,399,506,715,931,1101,9761,603,81,684,791,422,8.2,0,85,49,0.63,38,29,0.57,0.0765,0.3400,0.4000,0.4000,412,2747,4536,4536,0.0765,0.1598,0.2106,0.2106,0.330,,,1,5.15,6.15,75793,10266,724,64803,585224,129066,167935,51573,597114,70779,15757,123880,
MS,25,28,2006,2904978,1205906,84265,6.5,30.81651,18.41521,7.71546,86065,120,14.6,80873300,33929,27833,13417,447710,181184,146,170,194,152,278,399,506,424,569,700,7053,603,0,603,734,596,20.6,0,74,47,0.61,28,24,0.54,0.0765,0.3400,0.4000,0.4000,412,2747,4536,4536,0.0765,0.1598,0.2106,0.2106,0.000,,,0,5.15,5.15,123679,14157,969,108553,624872,97267,280869,32349,404503,155022,12186,186254,
MO,26,29,2006,5842704,2882757,146932,4.8,21.49042,13.31984,4.10654,232906,86,5.8,198791600,94135,93286,38580,796350,301019,234,292,342,152,278,399,506,512,691,848,10973,603,0,603,734,659,11.4,0,71,92,0.44,11,22,0.33,0.0765,0.3400,0.4000,0.4000,412,2747,4536,4536,0.0765,0.1598,0.2106,0.2106,0.000,,,0,5.15,5.15,119795,9219,975,109601,893326,132493,265092,59709,634351,139725,20843,210550,
MT,27,30,2006,952692,476377,17237,3.5,16.66167,8.84919,2.60263,32967,22,9.5,30402300,139334,9907,3812,81567,35268,353,442,532,152,278,399,506,631,841,1038,1330,603,0,603,734,125,13.5,1,49,50,0.49,27,23,0.54,0.0765,0.3400,0.4000,0.4000,412,2747,4536,4536,0.0765,0.1598,0.2106,0.2106,0.000,,,0,5.15,5.15,15208,1087,131,13990,84117,20156,31584,9014,83073,14448,2428,22341,
NE,28,31,2006,1772693,939874,30178,3.1,15.02308,7.86943,2.21178,78283,31,6.6,63584200,9633,24266,10097,119683,51285,293,364,435,152,278,399,506,571,763,941,3542,603,0,603,734,180,10.2,0,,,,,,,0.0765,0.3400,0.4000,0.4000,412,2747,4536,4536,0.0765,0.1598,0.2106,0.2106,0.080,,,1,5.15,5.15,22621,2046,244,20331,205822,41359,73401,23953,232823,29944,5315,50579,
NV,29,32,2006,2522658,1233287,52031,4.0,19.38912,12.65878,4.56683,127008,69,10.3,100383700,37440,12237,5399,117920,54517,289,348,407,152,278,399,506,567,747,913,3377,603,36,639,760,241,9.5,0,27,15,0.64,9,12,0.43,0.0765,0.3400,0.4000,0.4000,412,2747,4536,4536,0.0765,0.1598,0.2106,0.2106,0.000,,,0,5.15,6.15,34468,8823,670,24975,174505,51684,93103,22093,181940,37491,5736,54896,
NH,30,33,2006,1308389,706777,25077,3.4,14.93643,8.49857,1.49832,59396,10,3.1,56585700,16769,13742,6105,56338,27377,556,625,688,152,278,399,506,827,997,1148,2032,603,27,630,753,71,5.4,1,239,161,0.60,8,16,0.33,0.0765,0.3400,0.4000,0.4000,412,2747,4536,4536,0.0765,0.1598,0.2106,0.2106,0.000,,,0,5.15,5.15,14470,869,157,13444,111689,16407,23654,8157,112654,9119,1582,19926,
NJ,31,34,2006,8661679,4236485,209394,4.7,13.87023,8.28323,2.40769,464318,150,6.8,415890900,359489,101065,40832,405667,194108,322,424,488,152,278,399,506,600,823,994,12147,603,31,634,756,762,8.8,1,49,31,0.61,22,18,0.55,0.0765,0.3400,0.4000,0.4000,412,2747,4536,4536,0.0765,0.1598,0.2106,0.2106,0.200,,,1,5.15,7.15,154482,33722,960,119800,882220,149308,266526,56494,638688,103863,12328,146849,
NM,32,35,2006,1962137,889448,38646,4.2,24.49873,14.93905,4.68656,77397,58,10.5,59946300,36586,43040,16895,244672,95499,310,389,469,152,278,399,506,588,788,975,5835,603,0,603,734,328,16.9,1,42,28,0.60,24,18,0.57,0.0765,0.3400,0.4000,0.4000,412,2747,4536,4536,0.0765,0.1598,0.2106,0.2106,0.000,,,0,5.15,5.15,55182,8457,476,46249,406101,64231,135016,24022,213111,81153,11811,113812,
NY,33,36,2006,19104631,9077529,430620,4.5,19.67111,10.13615,3.42026,1068635,215,4.5,844018800,2034196,307910,134903,1785914,935068,502,691,826,152,278,399,506,780,1043,1244,61665,603,87,690,795,2668,14.0,0,108,42,0.72,27,35,0.44,0.0765,0.3400,0.4000,0.4000,412,2747,4536,4536,0.0765,0.1598,0.2106,0.2106,0.300,,,1,5.15,6.75,641870,135790,2992,503088,4136829,481089,961362,173174,1820880,375834,47271,520242,
NC,34,37,2006,8917270,4234095,210872,4.7,24.63265,14.81076,4.31980,382799,183,7.9,306078000,99519,58801,30172,854407,376577,236,272,297,152,278,399,506,514,671,803,19098,603,0,603,734,1225,13.8,1,67,52,0.56,29,21,0.58,0.0765,0.3400,0.4000,0.4000,412,2747,4536,4536,0.0765,0.1598,0.2106,0.2106,0.000,,,0,5.15,5.15,202613,24302,1771,176540,1324420,232990,481042,88331,945601,255672,31616,357738,
ND,35,38,2006,649422,349821,11638,3.2,13.38638,7.48804,2.49968,26209,9,5.7,21361400,102370,6840,2686,42576,19288,378,477,573,152,278,399,506,656,876,1067,701,603,0,603,734,70,11.4,0,33,61,0.35,15,32,0.32,0.0765,0.3400,0.4000,0.4000,412,2747,4536,4536,0.0765,0.1598,0.2106,0.2106,0.000,,,0,5.15,5.15,8035,954,74,7007,53679,14411,20426,6719,78388,9167,1671,17488,
OH,36,39,2006,11481213,5624435,321047,5.4,21.94441,13.52539,4.37103,477201,94,3.2,392156600,1963121,170195,79485,1063290,480582,336,410,507,152,278,399,506,614,809,1013,43048,603,0,603,734,1371,12.1,0,46,53,0.46,11,22,0.33,0.0765,0.3400,0.4000,0.4000,412,2747,4536,4536,0.0765,0.1598,0.2106,0.2106,0.000,,,0,5.15,5.15,254012,15242,1835,236935,1765589,276757,446498,91039,1085362,201917,21580,283275,
OK,37,40,2006,3594090,1647098,68696,4.0,25.13352,12.52875,5.63048,136950,87,9.1,123473500,285810,22546,10208,435519,181135,225,292,361,152,278,399,506,503,691,867,6211,603,48,651,768,531,15.2,1,44,57,0.44,26,22,0.54,0.0765,0.3400,0.4000,0.4000,412,2747,4536,4536,0.0765,0.1598,0.2106,0.2106,0.050,,,1,5.15,5.15,82386,7717,780,73889,584647,119374,222042,46119,412947,129437,19383,184016,
OR,38,41,2006,3670883,1785044,100341,5.3,22.73134,13.42743,5.50076,155166,78,8.6,128145400,577584,41835,18524,434239,222930,441,514,631,152,278,399,506,719,913,1108,8575,603,2,605,736,439,11.8,1,31,29,0.52,18,12,0.60,0.0765,0.3400,0.4000,0.4000,412,2747,4536,4536,0.0765,0.1598,0.2106,0.2106,0.050,,,1,5.15,7.50,62280,7949,647,53684,397885,102907,152692,32505,301199,89971,13231,135208,
PA,39,42,2006,12510809,6006634,287870,4.6,19.94417,10.64278,3.25939,525666,126,4.3,475815300,435145,245071,94696,1092298,496774,316,403,497,152,278,399,506,594,802,1003,28635,603,27,630,753,1397,11.3,1,102,101,0.50,20,30,0.40,0.0765,0.3400,0.4000,0.4000,412,2747,4536,4536,0.0765,0.1598,0.2106,0.2106,0.000,,,0,5.15,5.15,325822,28797,2144,294881,1693815,242041,419088,97636,1136505,168119,21571,248911,
RI,40,44,2006,1063096,544357,28244,4.9,15.99568,8.47021,2.24339,47685,5,2.0,41711700,14212,23977,9689,73195,34241,449,554,634,152,278,399,506,727,947,1110,2766,603,57,660,774,110,10.5,0,60,15,0.80,33,5,0.87,0.0765,0.3400,0.4000,0.4000,412,2747,4536,4536,0.0765,0.1598,0.2106,0.2106,0.150,,,1,5.15,7.10,30720,3923,193,26604,187255,22549,40196,7656,83806,18685,2107,25799,
SC,41,45,2006,4357847,1973337,135760,6.4,27.49969,14.58829,5.39943,150661,50,4.6,134622600,240553,35548,15678,534294,226850,191,240,290,152,278,399,506,469,639,796,7659,603,0,603,734,474,11.2,0,51,73,0.41,20,26,0.43,0.0765,0.3400,0.4000,0.4000,412,2747,4536,4536,0.0765,0.1598,0.2106,0.2106,0.000,,,0,5.15,5.15,105411,11760,1381,92270,788532,108656,273339,43569,491154,163467,18518,222511,
SD,42,46,2006,783033,421483,13524,3.1,19.48020,9.99296,3.89584,31824,11,5.3,27544600,12701,6093,2823,58466,23781,454,508,561,152,278,399,506,732,907,1059,1834,603,15,618,745,82,10.7,0,20,50,0.29,10,25,0.29,0.0765,0.3400,0.4000,0.4000,412,2747,4536,4536,0.0765,0.1598,0.2106,0.2106,0.000,,,0,5.15,5.15,12748,1630,92,11026,102111,21100,34498,9749,105036,15910,2104,23672,
TN,43,47,2006,6088766,2878455,157574,5.2,20.31517,10.71335,3.75195,240111,46,3.0,200305100,88798,179985,68129,870416,387090,142,185,226,152,278,399,506,420,584,732,17827,603,0,603,734,879,14.9,1,53,46,0.54,15,17,0.47,0.0765,0.3400,0.4000,0.4000,412,2747,4536,4536,0.0765,0.1598,0.2106,0.2106,0.000,,,0,5.15,5.15,162574,16042,1524,145008,1266644,156801,348174,59764,685621,181319,22136,250451,
TX,44,48,2006,23359580,10774490,553505,4.9,27.45641,17.38523,4.57711,1084172,"1,000",14.5,820949900,561727,160806,70798,2622548,1017313,193,223,268,152,278,399,506,471,622,774,45074,603,0,603,734,3816,16.4,0,69,81,0.46,12,19,0.39,0.0765,0.3400,0.4000,0.4000,412,2747,4536,4536,0.0765,0.1598,0.2106,0.2106,0.000,,,0,5.15,5.15,524458,109073,6539,408846,3009077,887107,1828293,301882,3007594,1005241,116799,1329316,
UT,45,49,2006,2525507,1279328,39122,3.0,23.67607,14.74746,4.10471,106028,71,8.4,79063000,252178,18229,7463,131753,53967,380,474,555,152,278,399,506,658,873,1055,2964,603,0,603,734,235,9.3,0,20,55,0.27,8,21,0.28,0.0765,0.3400,0.4000,0.4000,412,2747,4536,4536,0.0765,0.1598,0.2106,0.2106,0.000,,,0,5.15,5.15,23532,2320,259,20953,204600,66602,98384,36594,304678,37434,7097,57683,
VT,46,50,2006,622892,343865,13142,3.7,20.10661,11.40796,5.23373,24305,4,2.8,23108800,5634,10946,4429,47677,23696,536,640,726,152,278,399,506,813,1007,1174,1082,603,52,655,771,48,7.8,0,93,49,0.65,21,9,0.70,0.0765,0.3400,0.4000,0.4000,412,2747,4536,4536,0.0765,0.1598,0.2106,0.2106,0.320,,,1,5.15,7.25,13457,1122,89,12246,127213,16066,17514,5508,55431,10644,2048,19358,
VA,47,51,2006,7673725,3855633,123008,3.1,14.44867,8.73112,3.47173,378981,121,6.3,326087100,132918,26047,9148,506656,224843,254,320,382,152,278,399,506,532,719,888,0,603,0,603,734,651,8.6,1,40,57,0.41,16,23,0.41,0.0765,0.3400,0.4000,0.4000,412,2747,4536,4536,0.0765,0.1598,0.2106,0.2106,0.200,,,0,5.15,5.15,139313,20512,1254,117547,732007,140695,261407,67507,745038,128607,20850,206415,
WA,48,53,2006,6370753,3156626,167312,5.0,16.68036,8.70231,2.08569,317314,44,2.7,257120000,1670693,128323,54168,535768,270202,440,546,642,152,278,399,506,718,941,1116,20872,603,46,649,767,502,8.0,1,63,35,0.64,26,23,0.53,0.0765,0.3400,0.4000,0.4000,412,2747,4536,4536,0.0765,0.1598,0.2106,0.2106,0.000,,,0,5.15,7.35,118946,15009,921,103016,930344,160490,235633,60267,522978,104327,17083,148369,
WV,49,54,2006,1827912,766399,39769,4.9,20.65040,12.04490,2.82624,56578,16,3.8,52193700,137722,23726,10865,267630,118282,301,340,384,152,278,399,506,579,739,890,5306,603,0,603,734,277,15.3,1,72,28,0.72,21,13,0.62,0.0765,0.3400,0.4000,0.4000,412,2747,4536,4536,0.0765,0.1598,0.2106,0.2106,0.000,,,0,5.15,5.85,77987,4020,576,73391,317378,49704,93972,22336,207594,57532,10125,94959,
WI,50,55,2006,5577655,2914150,144785,4.7,17.19108,9.14205,2.47663,235848,31,2.2,202649300,38729,39521,17951,367918,154558,628,628,628,152,278,399,506,878,999,1106,11470,603,84,687,793,555,10.1,1,47,52,0.47,14,19,0.42,0.0765,0.3400,0.4000,0.4000,412,2747,4536,4536,0.0765,0.1598,0.2106,0.2106,0.040,0.140,0.430,1,5.15,5.70,93549,8110,905,84534,847434,112181,181274,51493,591230,59259,9808,94575,
WY,51,56,2006,522667,272336,8911,3.2,18.08695,11.24621,2.72183,32456,3,2.6,22771000,122621,508,290,24236,10134,320,340,340,152,278,399,506,598,739,846,238,603,10,613,741,51,10.0,1,17,43,0.28,7,23,0.23,0.0765,0.3400,0.4000,0.4000,412,2747,4536,4536,0.0765,0.1598,0.2106,0.2106,0.000,,,0,5.15,5.15,5786,406,42,5338,61279,12513,16178,6593,52305,6998,1736,12460,
AL,1,1,2007,4672840,2089127,86485,4.0,20.40070,11.43515,4.80733,170264,53,4.4,152327000,81256,43035,18458,545955,220917,190,215,245,155,284,408,518,474,623,763,8959,623,0,623,756,662,14.5,0,62,43,0.59,23,12,0.66,0.0765,0.3400,0.4000,0.4000,428,2853,4716,4716,0.0765,0.1598,0.2106,0.2106,0.000,,,0,5.15,5.15,165521,15577,894,149050,719397,126280,296569,54075,577930,145455,17014,196408,
AK,2,2,2007,680300,328579,22206,6.3,22.27591,11.18572,2.64537,49003,10,4.9,29838900,19149,8589,3248,56181,21318,821,923,1025,183,336,482,612,1157,1397,1598,1011,623,362,985,1141,51,7.6,0,17,23,0.43,9,11,0.45,0.0765,0.3400,0.4000,0.4000,428,2853,4716,4716,0.0765,0.1598,0.2106,0.2106,0.000,,,0,5.15,7.15,11440,2062,94,9284,96217,25205,28707,6416,53233,10319,1591,14250,
AZ,3,4,2007,6167681,2917117,116899,3.9,20.82627,13.89153,5.23877,262245,173,9.7,220735900,525009,78111,36247,544688,222304,275,347,418,155,284,408,518,559,755,936,17828,623,0,623,756,912,14.3,1,27,33,0.45,13,17,0.43,0.0765,0.3400,0.4000,0.4000,428,2853,4716,4716,0.0765,0.1598,0.2106,0.2106,0.000,,,0,5.15,6.75,100724,13561,825,86338,1097241,186470,341607,68653,633312,146398,21472,210085,
AR,4,5,2007,2848650,1296572,72712,5.3,31.71935,16.17968,4.09507,96992,27,3.5,88508300,47077,19460,8598,379768,158087,162,204,247,155,284,408,518,446,612,765,3912,623,0,623,756,387,13.8,1,75,25,0.75,27,8,0.77,0.0765,0.3400,0.4000,0.4000,428,2853,4716,4716,0.0765,0.1598,0.2106,0.2106,0.000,,,0,5.15,6.25,95802,8529,754,86519,619731,84457,190981,35429,347596,107512,13741,147241,
CA,5,6,2007,36250311,16931590,961490,5.4,23.39367,12.67024,3.65239,1955321,681,6.9,1581573300,2580934,1158811,471955,2048185,827258,584,723,862,155,284,408,518,858,1079,1288,220316,623,233,856,920,4589,12.7,0,48,32,0.60,25,15,0.63,0.0765,0.3400,0.4000,0.4000,428,2853,4716,4716,0.0765,0.1598,0.2106,0.2106,0.000,,,0,5.15,7.50,1247231,365340,20875,861016,8103655,1378794,1817195,390085,2987912,774320,124029,1027993,
CO,6,8,2007,4803868,2565218,99459,3.7,18.95659,12.49472,5.69501,246151,108,8.6,201875500,452315,27540,10979,250704,106899,280,356,432,155,284,408,518,564,764,950,4739,623,25,648,774,478,9.8,1,40,25,0.62,20,15,0.57,0.0765,0.3400,0.4000,0.4000,428,2853,4716,4716,0.0765,0.1598,0.2106,0.2106,0.000,,,0,5.15,6.85,58497,8764,514,49219,405042,91062,160988,34311,364749,60999,9027,90740,
CT,7,9,2007,3527270,1773159,83050,4.5,18.37963,8.90578,3.47303,237398,18,2.1,204090200,73679,34561,17472,212562,113187,443,543,639,155,284,408,518,727,951,1132,7960,623,168,791,874,309,8.9,0,107,44,0.71,24,12,0.67,0.0765,0.3400,0.4000,0.4000,428,2853,4716,4716,0.0765,0.1598,0.2106,0.2106,0.000,,,0,5.15,7.65,54197,6684,456,47057,446115,53205,117582,25364,316382,44788,4864,59559,
DE,8,10,2007,871749,428312,15261,3.4,15.25237,10.39174,4.45518,56281,10,4.5,36340600,17984,8624,4116,67185,29116,270,338,407,155,284,408,518,554,746,925,2575,623,0,623,756,80,9.3,1,19,22,0.46,13,8,0.62,0.0765,0.3400,0.4000,0.4000,428,2853,4716,4716,0.0765,0.1598,0.2106,0.2106,0.200,,,0,5.15,6.65,14401,1263,97,13041,147005,20426,35399,5994,85672,17709,2162,28910,
DC,9,11,2007,574404,304426,17811,5.5,19.77960,13.29519,3.37776,94037,5,3.9,34480200,23629,14613,6179,86519,45129,320,407,498,155,284,408,518,604,815,1016,2297,623,0,623,756,104,18.0,.,,,,9,1,0.90,0.0765,0.3400,0.4000,0.4000,428,2853,4716,4716,0.0765,0.1598,0.2106,0.2106,0.350,,,1,5.15,7.00,22102,1926,142,20034,144799,15190,29962,2579,41501,14243,1197,19206,
FL,10,12,2007,18367842,8789770,367354,4.0,19.42275,11.62638,4.84268,768568,553,12.9,727404700,446171,76472,47843,1232803,627987,241,303,364,155,284,408,518,525,711,882,38078,623,0,623,756,2250,12.5,0,42,77,0.35,14,26,0.35,0.0765,0.3400,0.4000,0.4000,428,2853,4716,4716,0.0765,0.1598,0.2106,0.2106,0.000,,,0,5.15,6.67,431015,99352,2661,329002,2046800,420514,817200,184748,1536860,406978,60980,600468,
GA,11,13,2007,9349988,4597640,218178,4.5,21.84001,13.96906,5.05718,414780,219,8.3,332135800,136042,45106,24832,950038,387254,235,280,330,155,284,408,518,519,688,848,20991,623,0,623,756,1294,13.6,0,73,107,0.41,22,34,0.39,0.0765,0.3400,0.4000,0.4000,428,2853,4716,4716,0.0765,0.1598,0.2106,0.2106,0.000,,,0,5.15,5.15,208016,26096,1895,180025,1217172,283111,641045,122222,1272122,364866,49661,522309,
HI,12,15,2007,1315675,620535,17860,2.8,20.74223,9.55099,2.23656,65224,5,1.8,53423100,31690,14055,5697,89629,45380,452,570,687,240,440,630,800,892,1200,1487,1940,623,0,623,863,94,7.5,0,44,7,0.86,20,5,0.80,0.0765,0.3400,0.4000,0.4000,428,2853,4716,4716,0.0765,0.1598,0.2106,0.2106,0.000,,,0,5.15,7.25,23262,6338,200,16724,189630,32612,34590,13189,101584,16300,4524,34198,
ID,13,16,2007,1505105,731235,23203,3.1,20.80390,12.46995,3.41147,53865,27,6.1,49123000,155040,2511,1619,87068,35990,309,309,309,155,284,408,518,593,717,827,1420,623,32,655,779,149,9.9,0,19,51,0.27,7,28,0.20,0.0765,0.3400,0.4000,0.4000,428,2853,4716,4716,0.0765,0.1598,0.2106,0.2106,0.000,,,0,5.15,5.15,23697,1830,201,21666,183874,38087,64361,22415,165308,39147,7776,63603,
IL,14,17,2007,12695866,6334010,331591,5.0,19.49379,11.03085,3.69308,648244,134,4.0,538060100,115599,73366,30502,1246400,569073,292,396,435,155,284,408,518,576,804,953,17220,623,0,623,756,1262,10.0,1,67,51,0.57,37,22,0.63,0.0765,0.3400,0.4000,0.4000,428,2853,4716,4716,0.0765,0.1598,0.2106,0.2106,0.050,,,1,5.15,7.50,261901,30502,2327,229072,2026649,279982,614984,90120,1121006,214927,17511,267868,
IN,15,18,2007,6379599,3061042,146645,4.6,17.57428,9.07162,3.13979,269071,55,3.3,216814300,45416,120177,41488,587156,253840,230,288,347,155,284,408,518,514,696,865,9323,623,0,623,756,740,11.8,0,51,49,0.51,17,33,0.34,0.0765,0.3400,0.4000,0.4000,428,2853,4716,4716,0.0765,0.1598,0.2106,0.2106,0.060,,,1,5.15,5.15,104366,5639,880,97847,846810,140891,276215,69772,744055,124467,17516,178350,
IA,16,19,2007,2999212,1599332,61345,3.7,20.85981,11.70168,4.50887,137180,21,2.9,109889600,15416,42020,16739,238349,108166,361,426,495,155,284,408,518,645,834,1013,4859,623,22,645,772,264,8.9,1,53,47,0.53,30,20,0.60,0.0765,0.3400,0.4000,0.4000,428,2853,4716,4716,0.0765,0.1598,0.2106,0.2106,0.070,,,0,5.15,5.15,44659,3406,728,40525,366521,69468,111339,33203,392976,46075,7846,80795,
KS,17,20,2007,2783785,1420449,63009,4.2,24.83650,14.30631,5.06046,122349,38,5.1,105257100,21527,37914,14746,182407,82881,352,429,497,155,284,408,518,636,837,1015,4118,623,0,623,756,319,11.7,1,47,78,0.38,10,30,0.25,0.0765,0.3400,0.4000,0.4000,428,2853,4716,4716,0.0765,0.1598,0.2106,0.2106,0.170,,,1,5.15,2.65,40405,3201,331,36873,262326,69067,121529,38755,344187,56161,11583,87895,
KY,18,21,2007,4256672,1922220,109862,5.4,17.79098,11.66064,2.79090,154542,68,6.4,134575800,142582,61171,30061,602022,266673,225,262,328,155,284,408,518,509,670,846,17288,623,0,623,756,653,15.5,0,63,36,0.64,16,21,0.43,0.0765,0.3400,0.4000,0.4000,428,2853,4716,4716,0.0765,0.1598,0.2106,0.2106,0.000,,,0,5.15,5.15,184378,12692,1328,170358,707625,129684,262138,50428,548586,155380,20903,228052,
LA,19,22,2007,4375581,1944038,86396,4.3,16.64108,8.85764,3.81732,206602,89,7.7,157374300,48411,24374,10988,650357,266075,188,240,284,155,284,408,518,472,648,802,7898,623,0,623,756,673,16.1,1,53,50,0.51,24,15,0.62,0.0765,0.3400,0.4000,0.4000,428,2853,4716,4716,0.0765,0.1598,0.2106,0.2106,0.000,,,0,5.15,5.15,162271,16223,1558,144490,981026,128914,328803,47735,583224,177016,16937,231819,
ME,20,23,2007,1327040,667781,32687,4.7,23.60098,12.22765,6.03712,49163,6,2.1,47356700,20349,24721,10366,162602,81767,363,485,611,155,284,408,518,647,893,1113,1769,623,10,633,763,142,10.9,1,90,59,0.60,18,17,0.51,0.0765,0.3400,0.4000,0.4000,428,2853,4716,4716,0.0765,0.1598,0.2106,0.2106,0.050,,,0,5.15,6.75,33328,2247,225,30856,305629,24693,43112,10275,108738,20490,3161,33352,
MD,21,24,2007,5653408,2867348,102746,3.5,18.85499,9.18904,2.70129,287760,78,5.3,269020900,336155,41997,18534,317825,147191,433,549,664,155,284,408,518,717,957,1150,8285,623,0,623,756,491,8.8,1,104,37,0.74,33,14,0.70,0.0765,0.3400,0.4000,0.4000,428,2853,4716,4716,0.0765,0.1598,0.2106,0.2106,0.200,,,1,5.15,6.15,97858,15155,615,82088,684926,123868,175242,46288,439590,79679,16064,136643,
MA,22,25,2007,6431559,3268096,157913,4.6,17.29441,9.52546,3.31959,380288,14,1.0,323111300,104254,91292,45068,456192,239802,531,633,731,155,284,408,518,815,1016,1197,17103,623,114,737,836,707,11.2,1,141,19,0.88,35,5,0.88,0.0765,0.3400,0.4000,0.4000,428,2853,4716,4716,0.0765,0.1598,0.2106,0.2106,0.150,,,1,5.15,7.50,178856,45229,3708,129919,1215160,118072,206456,37507,561853,97809,9145,129261,
MI,23,26,2007,10001284,4658939,352181,7.0,22.11592,11.19159,3.40954,403717,75,2.9,347961900,76012,190426,73219,1204409,555744,401,489,593,155,284,408,518,685,897,1100,22753,623,14,637,766,1076,10.8,1,58,52,0.53,17,21,0.45,0.0765,0.3400,0.4000,0.4000,428,2853,4716,4716,0.0765,0.1598,0.2106,0.2106,0.000,,,0,5.15,6.95,228068,16437,1642,209989,1588981,232206,418138,80639,896882,179692,18750,239034,
MN,24,27,2007,5207203,2773704,132686,4.6,15.37608,10.42934,3.43181,259296,50,3.8,217244300,105668,63247,26528,276414,131764,437,532,621,155,284,408,518,721,940,1120,9912,623,81,704,813,482,9.3,0,85,48,0.64,44,23,0.66,0.0765,0.3400,0.4000,0.4000,428,2853,4716,4716,0.0765,0.1598,0.2106,0.2106,0.330,,,1,5.15,6.15,78401,10371,723,67307,599100,134671,173753,52982,607537,75670,16970,132657,
MS,25,28,2007,2928350,1224059,79455,6.1,28.64943,16.10545,7.65521,91220,81,9.9,85999500,35801,23556,11603,426116,178775,146,170,194,155,284,408,518,430,578,712,6198,623,0,623,756,655,22.6,0,75,47,0.61,25,27,0.48,0.0765,0.3400,0.4000,0.4000,428,2853,4716,4716,0.0765,0.1598,0.2106,0.2106,0.000,,,0,5.15,5.15,122745,13239,935,108571,593533,102669,264605,36981,405056,153432,14179,189469,
MO,26,29,2007,5887612,2879647,154932,5.1,25.03138,15.23989,5.43827,240392,94,6.3,208403600,97810,91396,37869,823915,301338,234,292,342,155,284,408,518,518,700,860,9601,623,0,623,756,742,12.8,0,71,92,0.44,13,21,0.38,0.0765,0.3400,0.4000,0.4000,428,2853,4716,4716,0.0765,0.1598,0.2106,0.2106,0.000,,,0,5.15,6.50,121876,8829,950,112097,868224,134642,263839,60870,639003,141389,22204,217789,
MT,27,30,2007,964706,484189,17881,3.6,21.30280,12.94630,4.77820,36091,14,5.9,32716600,146567,8043,3192,79969,34830,376,472,568,155,284,408,518,660,880,1082,1394,623,0,623,756,122,13.0,1,49,50,0.49,26,24,0.52,0.0765,0.3400,0.4000,0.4000,428,2853,4716,4716,0.0765,0.1598,0.2106,0.2106,0.000,,,0,5.15,6.15,15629,1090,124,14415,81651,19279,31458,9212,83844,14640,2587,23090,
NE,28,31,2007,1783440,949494,29269,3.0,17.26864,12.13514,3.19266,83300,25,5.3,68466100,9825,15218,6667,120634,51845,293,364,435,155,284,408,518,577,772,953,3288,623,9,632,763,174,9.9,0,,,,,,,0.0765,0.3400,0.4000,0.4000,428,2853,4716,4716,0.0765,0.1598,0.2106,0.2106,0.100,,,1,5.15,5.15,23052,2025,242,20785,206387,42087,75634,24783,237410,30975,5790,52966,
NV,29,32,2007,2601072,1270572,59824,4.5,23.18338,13.03809,4.40777,131493,65,9.3,104564600,37885,16452,6706,122224,57023,289,348,407,155,284,408,518,573,756,925,3299,623,36,659,782,250,9.7,0,27,15,0.64,10,11,0.48,0.0765,0.3400,0.4000,0.4000,428,2853,4716,4716,0.0765,0.1598,0.2106,0.2106,0.000,,,0,5.15,6.15,35548,9092,664,25792,175015,51749,95789,24551,193461,39168,6698,59981,
NH,30,33,2007,1312540,712008,25934,3.5,15.59196,9.58554,3.70859,60711,8,2.4,58631300,17051,10971,5118,59101,28852,556,625,688,155,284,408,518,839,1011,1166,2087,623,27,650,775,76,5.8,1,236,159,0.60,14,10,0.58,0.0765,0.3400,0.4000,0.4000,428,2853,4716,4716,0.0765,0.1598,0.2106,0.2106,0.000,,,0,5.15,5.15,15119,852,160,14107,111556,17411,24723,8292,113628,9893,1708,21016,
NJ,31,34,2007,8677885,4251815,189982,4.3,15.38704,10.99906,3.42013,480445,160,7.2,440165600,370828,83044,35063,414503,198725,322,424,488,155,284,408,518,606,832,1006,10896,623,31,654,778,742,8.7,1,48,32,0.60,22,18,0.55,0.0765,0.3400,0.4000,0.4000,428,2853,4716,4716,0.0765,0.1598,0.2106,0.2106,0.200,,,1,5.15,7.15,156374,33859,911,121604,902928,150502,270295,59212,654779,105001,13842,148680,
NM,32,35,2007,1990070,898998,35029,3.8,23.04009,13.19052,2.57932,80543,45,8.7,63418400,45125,35652,14074,233918,92093,310,389,469,155,284,408,518,594,797,987,5454,623,0,623,756,271,14.0,1,42,28,0.60,24,18,0.57,0.0765,0.3400,0.4000,0.4000,428,2853,4716,4716,0.0765,0.1598,0.2106,0.2106,0.080,,,1,5.15,5.15,56387,8404,478,47505,415611,64417,133580,23523,221055,84095,12276,121994,
NY,33,36,2007,19132335,9088207,433849,4.6,17.62034,11.03940,2.98776,1109749,234,5.0,909175200,1959199,269401,122340,1801984,951633,502,691,826,155,284,408,518,786,1057,1263,60099,623,87,710,817,2757,14.5,1,108,42,0.72,29,33,0.47,0.0765,0.3400,0.4000,0.4000,428,2853,4716,4716,0.0765,0.1598,0.2106,0.2106,0.300,,,1,5.15,7.15,648908,135334,2920,510654,4039215,482787,961753,176715,1821026,381149,51318,535137,
NC,34,37,2007,9118037,4300304,212552,4.7,22.61164,13.37006,3.83066,396632,208,8.8,329509400,106299,48825,25882,882946,391019,236,272,297,155,284,408,518,520,680,815,17723,623,0,623,756,1423,15.5,1,68,52,0.57,31,19,0.62,0.0765,0.3400,0.4000,0.4000,428,2853,4716,4716,0.0765,0.1598,0.2106,0.2106,0.000,,,0,5.15,6.15,205604,23345,1741,180518,1329913,242135,491320,91645,962774,258650,32660,363073,
ND,35,38,2007,652822,355766,11468,3.1,12.89020,7.06957,2.33876,28782,9,6.1,23686500,117527,5230,2087,45122,20395,378,477,573,155,284,408,518,662,885,1086,568,623,0,623,756,57,9.3,0,33,61,0.35,21,26,0.45,0.0765,0.3400,0.4000,0.4000,428,2853,4716,4716,0.0765,0.1598,0.2106,0.2106,0.000,,,0,5.15,5.15,8003,895,70,7038,52643,14544,20869,6783,78909,9685,1846,19089,
OH,36,39,2007,11500468,5657718,332574,5.6,20.60971,11.87273,4.53812,490824,161,5.5,408493700,2092720,167017,78373,1076764,492811,336,410,507,155,284,408,518,620,818,1025,42691,623,0,623,756,1446,12.8,1,46,53,0.46,12,21,0.36,0.0765,0.3400,0.4000,0.4000,428,2853,4716,4716,0.0765,0.1598,0.2106,0.2106,0.000,,,0,5.15,6.85,257874,15094,1776,241004,1750155,281638,458821,94044,1100203,214075,24179,306235,
OK,37,40,2007,3634349,1655490,70769,4.1,25.15386,13.54215,3.76916,144800,63,6.4,127864100,302701,20289,9368,421316,176290,225,292,361,155,284,408,518,509,700,879,101,623,47,670,789,476,13.4,1,44,57,0.44,24,24,0.50,0.0765,0.3400,0.4000,0.4000,428,2853,4716,4716,0.0765,0.1598,0.2106,0.2106,0.050,,,1,5.15,5.15,85102,7437,747,76918,620108,119759,227552,45453,421601,135772,19673,193612,
OR,38,41,2007,3722417,1822772,98994,5.2,22.74928,12.84903,6.93914,161432,58,6.3,134019600,660611,42036,18583,438498,226435,441,514,631,155,284,408,518,725,922,1127,7924,623,2,625,758,481,12.8,1,31,29,0.52,17,11,0.61,0.0765,0.3400,0.4000,0.4000,428,2853,4716,4716,0.0765,0.1598,0.2106,0.2106,0.050,,,1,5.15,7.80,64031,8012,651,55368,376062,103753,154266,32354,304241,89844,13856,139158,
PA,39,42,2007,12563937,6064063,278934,4.4,23.66363,11.50251,3.95999,559143,147,5.1,505303600,483377,153476,63965,1135146,530243,316,403,497,155,284,408,518,600,811,1015,27692,623,27,650,775,1273,10.4,1,102,101,0.50,21,29,0.42,0.0765,0.3400,0.4000,0.4000,428,2853,4716,4716,0.0765,0.1598,0.2106,0.2106,0.000,,,0,5.15,6.25,333531,27796,2075,303660,1702637,244156,422484,97622,1143426,172955,22142,259332,
RI,40,44,2007,1057315,543401,29772,5.2,18.65759,11.08797,3.97467,47760,12,5.0,43394600,15166,20075,8409,76315,36645,449,554,634,155,284,408,518,733,961,1129,2584,623,57,680,796,99,9.5,0,61,13,0.82,33,5,0.87,0.0765,0.3400,0.4000,0.4000,428,2853,4716,4716,0.0765,0.1598,0.2106,0.2106,0.150,,,0,5.15,7.40,31101,3855,189,27057,183836,24220,41452,7900,85009,17831,2123,24764,
SC,41,45,2007,4444110,2005686,120205,5.7,22.36246,12.55845,2.84022,159101,109,9.7,143383700,242740,35316,15528,545293,233295,191,240,290,155,284,408,518,475,648,808,7466,623,0,623,756,617,14.1,0,51,72,0.41,20,26,0.43,0.0765,0.3400,0.4000,0.4000,428,2853,4716,4716,0.0765,0.1598,0.2106,0.2106,0.000,,,0,5.15,5.15,105519,11229,1311,92979,724022,114737,276764,42728,496542,170200,19090,235043,
SD,42,46,2007,791623,430011,12488,2.8,19.32790,10.33367,3.11173,34816,7,3.4,30604700,10660,6066,2880,60246,24754,454,508,561,155,284,408,518,738,916,1078,1912,623,15,638,767,74,9.4,0,20,50,0.29,15,20,0.43,0.0765,0.3400,0.4000,0.4000,428,2853,4716,4716,0.0765,0.1598,0.2106,0.2106,0.000,,,0,5.15,5.15,12961,1570,98,11293,102838,21795,34959,9964,106218,16247,2452,24937,
TN,43,47,2007,6175727,2920352,143317,4.7,22.52154,16.92669,4.42080,244194,72,4.7,209963600,94568,159688,61613,864870,387441,142,185,226,155,284,408,518,426,593,744,17225,623,0,623,756,906,14.8,1,53,46,0.54,16,17,0.48,0.0765,0.3400,0.4000,0.4000,428,2853,4716,4716,0.0765,0.1598,0.2106,0.2106,0.000,,,0,5.15,5.15,163142,15239,1497,146406,1257938,160058,299737,51787,584437,159819,20184,221716,
TX,44,48,2007,23831983,10941413,490218,4.3,27.45255,16.07573,4.47444,1178221,965,13.8,873354000,579119,137695,61263,2422198,947235,205,236,284,155,284,408,518,489,644,802,40586,623,0,623,756,3903,16.5,0,71,79,0.47,11,20,0.35,0.0765,0.3400,0.4000,0.4000,428,2853,4716,4716,0.0765,0.1598,0.2106,0.2106,0.000,,,0,5.15,5.15,544605,108006,6606,429993,3143356,900396,1859377,303571,3079947,1026006,120185,1373279,
UT,45,49,2007,2597746,1324060,35069,2.6,19.65831,10.77400,4.34221,114657,58,6.6,86046000,255868,12206,5064,123475,50784,380,474,555,155,284,408,518,664,882,1073,2813,623,0,623,756,255,9.6,0,20,55,0.27,8,21,0.28,0.0765,0.3400,0.4000,0.4000,428,2853,4716,4716,0.0765,0.1598,0.2106,0.2106,0.000,,,0,5.15,5.15,24472,2347,248,21877,192930,64182,95107,38261,312438,36957,8264,60097,
VT,46,50,2007,623481,339547,14192,4.0,21.12481,11.77776,4.74708,24689,6,4.6,24319700,6144,10974,4459,52612,26046,536,640,726,155,284,408,518,820,1021,1193,1150,623,52,675,793,61,9.9,0,93,49,0.65,23,7,0.77,0.0765,0.3400,0.4000,0.4000,428,2853,4716,4716,0.0765,0.1598,0.2106,0.2106,0.320,,,1,5.15,7.53,13920,1117,87,12716,125727,16308,17663,5460,55451,10741,2142,19756,
VA,47,51,2007,7751000,3914087,122748,3.0,15.15205,8.25246,3.08830,392929,109,5.6,343153100,133280,67513,30222,515032,230281,254,320,382,155,284,408,518,538,728,900,11360,623,0,623,756,664,8.6,1,45,53,0.46,17,23,0.43,0.0765,0.3400,0.4000,0.4000,428,2853,4716,4716,0.0765,0.1598,0.2106,0.2106,0.200,,,0,5.15,5.15,140419,19985,1194,119240,725715,143271,263415,69345,749911,132668,22256,216527,
WA,48,53,2007,6461587,3243308,159855,4.7,22.36198,14.17330,4.47404,346491,52,3.2,278686900,1777812,119225,50763,536333,272605,440,546,642,155,284,408,518,724,954,1134,20416,623,46,669,789,661,10.2,1,63,35,0.64,32,17,0.65,0.0765,0.3400,0.4000,0.4000,428,2853,4716,4716,0.0765,0.1598,0.2106,0.2106,0.000,,,0,5.15,7.93,121577,15225,893,105459,900741,165168,234041,63238,526710,104182,22667,155155,
WV,49,54,2007,1834052,773990,37170,4.6,25.44509,13.65347,5.15584,58629,10,2.3,54128800,51060,23743,9833,269343,120135,301,340,384,155,284,408,518,585,748,902,4963,623,0,623,756,265,14.8,1,72,28,0.72,23,11,0.68,0.0765,0.3400,0.4000,0.4000,428,2853,4716,4716,0.0765,0.1598,0.2106,0.2106,0.000,,,0,5.15,5.85,78931,3817,560,74554,314420,49588,93944,22571,208846,56122,10519,95071,
WI,50,55,2007,5610775,2936452,151376,4.9,18.21267,9.71535,4.28219,243841,35,2.5,211964900,44273,36464,17173,382770,162092,628,628,628,155,284,408,518,889,1013,1124,12082,623,84,707,815,601,11.0,1,47,52,0.47,18,15,0.55,0.0765,0.3400,0.4000,0.4000,428,2853,4716,4716,0.0765,0.1598,0.2106,0.2106,0.040,0.140,0.430,1,5.15,6.50,96037,7879,879,87279,837356,116761,187603,52906,598421,74982,12662,119644,
WY,51,56,2007,534876,278486,8074,2.8,18.78549,9.53691,3.57489,36614,6,4.8,24263400,132620,490,269,22608,9499,320,340,340,155,284,408,518,604,748,858,213,623,25,648,774,56,10.9,1,17,43,0.28,7,23,0.23,0.0765,0.3400,0.4000,0.4000,428,2853,4716,4716,0.0765,0.1598,0.2106,0.2106,0.000,,,0,5.15,5.15,5832,386,38,5408,57561,12335,15650,6584,53564,6809,1766,12813,
AL,1,1,2008,4718206,2053477,123012,5.7,26.95481,16.62974,6.04777,172677,41,3.4,157366800,86010,41112,17736,571591,231740,190,215,245,162,298,426,542,488,641,787,8669,637,0,637,777,675,14.3,0,62,43,0.59,23,12,0.66,0.0765,0.3400,0.4000,0.4000,438,2917,4824,4824,0.0765,0.1598,0.2106,0.2106,0.000,,,0,5.85,5.85,166743,14408,872,151463,744557,134842,304535,53623,586837,153377,17352,205728,
AK,2,2,2008,687455,332285,23824,6.7,22.88891,13.06722,6.09675,54759,9,4.9,32825100,19855,8028,3058,56977,21976,821,923,1025,194,356,510,648,1177,1432,1641,1007,637,362,999,1169,55,8.2,0,17,23,0.43,9,11,0.45,0.0765,0.3400,0.4000,0.4000,438,2917,4824,4824,0.0765,0.1598,0.2106,0.2106,0.000,,,0,5.85,7.15,11614,2014,100,9500,96720,25251,28093,6233,51911,10320,1673,15020,
AZ,3,4,2008,6280362,2913903,190960,6.2,29.61104,19.86713,5.76896,259263,210,11.6,223345800,552072,77720,36249,627660,258517,275,347,418,162,298,426,542,573,773,960,18363,637,0,637,777,1172,18.0,1,27,33,0.45,13,17,0.43,0.0765,0.3400,0.4000,0.4000,438,2917,4824,4824,0.0765,0.1598,0.2106,0.2106,0.000,,,0,5.85,6.90,103065,13792,825,88448,1168811,197586,358878,68775,647650,155327,22173,219432,
AR,4,5,2008,2874554,1300017,75240,5.5,35.54739,23.41335,8.39586,99014,40,5.4,91812100,48756,19364,8513,377883,157871,162,204,247,162,298,426,542,460,630,789,3720,637,0,637,777,431,15.3,1,75,25,0.75,27,8,0.77,0.0765,0.3400,0.4000,0.4000,438,2917,4824,4824,0.0765,0.1598,0.2106,0.2106,0.000,,,0,5.85,6.25,99072,7834,715,90523,617739,89731,195435,36467,348858,110915,14419,151143,
CA,5,6,2008,36604337,16854482,1323641,7.3,29.88979,17.90766,6.25754,1990188,663,6.7,1606579900,2422070,1196411,486066,2220127,914161,584,723,862,162,298,426,542,876,1102,1318,225490,637,233,870,941,5344,14.6,0,48,32,0.60,25,15,0.63,0.0765,0.3400,0.4000,0.4000,438,2917,4824,4824,0.0765,0.1598,0.2106,0.2106,0.000,,,0,5.85,8.00,1271916,371137,20543,880236,8269044,1412210,1914294,408334,3121420,834089,134836,1112253,
CO,6,8,2008,4889730,2585243,131382,4.8,25.01728,16.74243,6.17160,255830,92,7.3,208738000,405161,21478,8816,252933,109405,280,356,432,162,298,426,542,578,782,974,4438,637,25,662,795,541,11.0,1,40,25,0.62,20,15,0.57,0.0765,0.3400,0.4000,0.4000,438,2917,4824,4824,0.0765,0.1598,0.2106,0.2106,0.000,,,0,5.85,7.02,59891,8840,479,50572,424641,98802,165414,36227,376744,64957,11638,98193,
CT,7,9,2008,3545579,1774681,106773,5.7,22.21536,14.60692,5.07481,240576,21,2.5,216865300,75275,39284,19091,225383,120573,457,560,659,162,298,426,542,755,986,1176,7516,637,168,805,895,276,8.1,0,107,44,0.71,24,12,0.67,0.0765,0.3400,0.4000,0.4000,438,2917,4824,4824,0.0765,0.1598,0.2106,0.2106,0.000,,,0,5.85,7.65,55376,6638,439,48299,472116,56328,118005,25906,316596,46743,5153,63734,
DE,8,10,2008,883874,424914,22127,4.9,22.47622,10.11707,4.18648,54778,14,6.2,35993200,19017,11456,4023,74429,32512,270,338,407,162,298,426,542,568,764,949,2441,637,0,637,777,82,9.6,1,19,22,0.46,13,8,0.62,0.0765,0.3400,0.4000,0.4000,438,2917,4824,4824,0.0765,0.1598,0.2106,0.2106,0.200,,,0,5.85,7.15,14797,1260,97,13440,155393,22244,37869,6144,88351,19414,2294,30985,
DC,9,11,2008,580236,309192,21352,6.5,25.42685,14.95859,6.92556,99532,4,3.3,35462300,24853,11906,5375,89442,47721,336,428,523,162,298,426,542,634,854,1065,2278,637,0,637,777,98,16.5,.,,,,11,1,0.92,0.0765,0.3400,0.4000,0.4000,438,2917,4824,4824,0.0765,0.1598,0.2106,0.2106,0.400,,,1,5.85,7.00,22827,1920,135,20772,144241,16421,28529,3298,42746,14292,1602,20948,
FL,10,12,2008,18527305,8637164,578360,6.3,28.95591,19.13684,7.40105,750973,490,11.5,727138500,484681,79243,48702,1454928,745847,241,303,364,162,298,426,542,539,729,906,38147,637,0,637,777,2370,13.1,0,43,75,0.36,14,26,0.35,0.0765,0.3400,0.4000,0.4000,438,2917,4824,4824,0.0765,0.1598,0.2106,0.2106,0.000,,,0,5.85,6.79,444840,102861,2617,339362,2200737,464381,861701,189409,1557738,407903,63915,600058,
GA,11,13,2008,9504843,4575010,304243,6.2,32.18642,20.25017,6.92325,411852,191,7.2,334334500,144930,39377,22100,1021155,417427,235,280,330,162,298,426,542,533,706,872,19280,637,0,637,777,1477,15.5,0,74,106,0.41,22,34,0.39,0.0765,0.3400,0.4000,0.4000,438,2917,4824,4824,0.0765,0.1598,0.2106,0.2106,0.000,,,0,5.85,5.15,212803,25471,1875,185457,1253462,305516,658549,124680,1283958,384978,52725,551014,
HI,12,15,2008,1332213,612120,27571,4.3,24.97734,15.55415,5.39065,66858,5,1.6,56059900,30432,13563,5561,96551,48824,506,636,766,258,473,678,861,979,1314,1627,1495,637,0,637,895,125,9.9,0,44,7,0.86,21,4,0.84,0.0765,0.3400,0.4000,0.4000,438,2917,4824,4824,0.0765,0.1598,0.2106,0.2106,0.000,,,0,5.85,7.25,23610,6221,182,17207,197668,34050,35202,13018,101270,16843,4495,34575,
ID,13,16,2008,1534320,716653,38500,5.1,22.09704,13.01077,4.72119,55584,24,5.6,50205400,160414,2216,1492,100198,40835,309,309,309,162,298,426,542,607,735,851,1370,637,32,669,800,185,12.2,0,19,51,0.27,7,28,0.20,0.0765,0.3400,0.4000,0.4000,438,2917,4824,4824,0.0765,0.1598,0.2106,0.2106,0.000,,,0,5.85,5.85,24655,1835,190,22630,177363,41781,66283,22878,168458,40761,8732,68087,
IL,14,17,2008,12747038,6238611,418616,6.3,22.94673,13.78685,4.17271,648732,157,4.7,551531000,127253,56902,19846,1299443,595832,292,396,435,162,298,426,542,590,822,977,16049,637,0,637,777,1564,12.3,1,67,51,0.57,37,22,0.63,0.0765,0.3400,0.4000,0.4000,438,2917,4824,4824,0.0765,0.1598,0.2106,0.2106,0.050,,,1,5.85,7.75,265628,30539,2320,232769,2141087,294685,624800,92102,1137683,222690,18311,278020,
IN,15,18,2008,6424806,3041828,190269,5.9,24.85145,16.05006,6.33066,273140,53,3.2,226332700,47655,78907,31240,623415,267802,230,288,347,162,298,426,542,528,714,889,8868,637,0,637,777,901,14.3,0,51,49,0.51,17,33,0.34,0.0765,0.3400,0.4000,0.4000,438,2917,4824,4824,0.0765,0.1598,0.2106,0.2106,0.060,,,1,5.85,5.85,108094,5619,861,101614,890640,155816,296123,72417,763328,137474,19109,196266,
IA,16,19,2008,3016734,1608695,70598,4.2,24.27095,12.31381,4.36696,137116,26,3.4,116255800,15559,39910,15897,258173,117632,361,426,495,162,298,426,542,659,852,1037,4695,637,22,659,793,285,9.5,1,53,47,0.53,30,20,0.60,0.0765,0.3400,0.4000,0.4000,438,2917,4824,4824,0.0765,0.1598,0.2106,0.2106,0.070,,,1,5.85,7.25,45434,3394,715,41325,386727,72555,114461,33378,392175,47004,7995,81369,
KS,17,20,2008,2808076,1430628,69048,4.6,27.11627,16.39243,4.68730,127825,52,7.0,114543300,21497,31551,12496,187569,85784,352,429,497,162,298,426,542,650,855,1039,3832,637,0,637,777,346,12.7,1,47,78,0.38,10,30,0.25,0.0765,0.3400,0.4000,0.4000,438,2917,4824,4824,0.0765,0.0765,0.2106,0.2106,0.170,,,1,5.85,2.65,41903,3153,337,38413,268866,73238,126310,39811,350683,59370,12160,91977,
KY,18,21,2008,4289878,1900683,130055,6.4,27.27428,15.45026,5.17698,158209,64,6.1,140523400,142796,58652,29144,633194,283752,225,262,328,162,298,426,542,523,688,870,17377,637,0,637,777,724,17.1,1,62,36,0.63,15,22,0.41,0.0765,0.3400,0.4000,0.4000,438,2917,4824,4824,0.0765,0.1598,0.2106,0.2106,0.000,,,0,5.85,5.85,186809,12104,1272,173433,720872,136266,267265,50401,548904,162335,21661,235674,
LA,19,22,2008,4435586,1982381,102454,4.9,22.80675,14.80056,3.11357,215289,100,8.6,168070000,51730,22865,10464,790733,283752,188,240,284,162,298,426,542,486,666,826,7754,637,0,637,777,788,18.2,0,51,49,0.51,25,14,0.64,0.0765,0.3400,0.4000,0.4000,438,2917,4824,4824,0.0765,0.1598,0.2106,0.2106,0.035,,,1,5.85,5.85,165454,15480,1513,148461,1048756,141704,339521,46049,585533,183781,16793,238386,
ME,20,23,2008,1330509,663158,38488,5.5,30.62699,19.00845,8.10997,49979,9,3.2,49300600,21597,24065,10244,173039,86459,363,485,611,162,298,426,542,661,911,1142,2202,637,10,647,784,158,12.0,1,90,59,0.60,18,17,0.51,0.0765,0.3400,0.4000,0.4000,438,2917,4824,4824,0.0765,0.1598,0.2106,0.2106,0.050,,,0,5.85,7.00,33915,2142,217,31556,299404,25784,44492,10118,108496,21133,3214,34324,
MD,21,24,2008,5684965,2874987,126966,4.2,23.53024,14.17700,4.92431,296326,41,2.9,280998100,340170,44565,19371,359985,167174,446,565,684,162,298,426,542,744,991,1193,7970,637,0,637,777,481,8.7,1,104,36,0.74,33,14,0.70,0.0765,0.3400,0.4000,0.4000,438,2917,4824,4824,0.0765,0.1598,0.2106,0.2106,0.250,,,1,5.85,6.15,100726,15157,585,84984,716677,135610,181780,48000,440953,85018,17098,144289,
MA,22,25,2008,6468967,3261408,191060,5.5,16.67686,10.02326,4.09394,388100,20,1.3,335841400,118251,91166,45683,505782,266430,531,633,731,162,298,426,542,829,1039,1226,17179,637,114,751,857,727,11.3,1,139,19,0.88,35,5,0.88,0.0765,0.3400,0.4000,0.4000,438,2917,4824,4824,0.0765,0.1598,0.2106,0.2106,0.150,,,1,5.85,8.00,182455,45825,3651,132979,1321736,123938,210306,38730,557824,99969,9929,133918,
MI,23,26,2008,9946889,4529289,392177,8.0,24.15135,13.18570,4.15285,385990,83,3.3,355102700,76544,172483,66554,1256373,590930,401,489,593,162,298,426,542,699,915,1129,21792,637,14,651,787,1273,13.0,1,58,52,0.53,17,21,0.45,0.0765,0.3400,0.4000,0.4000,438,2917,4824,4824,0.0765,0.1598,0.2106,0.2106,0.100,,,1,5.85,7.15,232581,16309,1593,214679,1652209,238198,429322,81665,901387,187461,19574,251518,
MN,24,27,2008,5247018,2766342,158746,5.4,20.62965,12.83160,4.85800,264866,55,4.3,226166500,105856,52181,23057,293918,140423,437,532,621,162,298,426,542,735,958,1149,10085,637,81,718,834,506,9.9,0,85,48,0.64,45,22,0.67,0.0765,0.3400,0.4000,0.4000,438,2917,4824,4824,0.0765,0.1598,0.2106,0.2106,0.330,,,1,5.85,6.15,80673,10354,722,69597,619895,141440,178219,54894,612159,79152,17900,138060,
MS,25,28,2008,2947806,1220991,85781,6.6,32.28241,20.09616,5.54914,96921,68,8.2,89845000,35929,23026,11268,447181,188498,146,170,194,162,298,426,542,444,596,736,6073,637,0,637,777,525,18.1,0,74,48,0.61,27,25,0.52,0.0765,0.3400,0.4000,0.4000,438,2917,4824,4824,0.0765,0.1598,0.2106,0.2106,0.000,,,0,5.85,6.55,122455,12388,916,109151,608231,109015,263617,38389,404694,155438,14981,192593,
MO,26,29,2008,5923916,2842845,186012,6.1,28.50564,17.83795,6.77747,251692,58,3.9,219503300,99806,86647,35921,888564,314012,234,292,342,162,298,426,542,532,718,884,9129,637,0,637,777,780,13.3,0,71,92,0.44,14,20,0.41,0.0765,0.3400,0.4000,0.4000,438,2917,4824,4824,0.0765,0.1598,0.2106,0.2106,0.000,,,0,5.85,6.65,124449,8509,916,115024,877972,143007,268592,60960,639155,146955,23048,226094,
MT,27,30,2008,976415,483347,25816,5.1,21.80091,15.98351,5.77775,36815,15,6.7,34421400,147102,7782,3122,80407,35494,376,472,568,162,298,426,542,674,898,1110,1336,637,0,637,777,125,12.9,1,49,50,0.49,26,24,0.52,0.0765,0.3400,0.4000,0.4000,438,2917,4824,4824,0.0765,0.1598,0.2106,0.2106,0.000,,,0,5.85,6.25,16033,1074,120,14839,81475,19914,32818,9600,86482,15459,2863,24847,
NE,28,31,2008,1796378,956759,32998,3.3,23.91461,14.69098,5.14193,85661,30,6.4,72259900,10531,15994,6715,120809,52082,293,364,435,162,298,426,542,591,790,977,3306,637,7,644,782,188,10.6,0,,,,,,,0.0765,0.3400,0.4000,0.4000,438,2917,4824,4824,0.0765,0.1598,0.2106,0.2106,0.100,,,1,5.85,5.85,23727,2000,233,21494,207959,44507,77396,25545,239956,32138,6026,54915,
NV,29,32,2008,2653630,1272187,91387,6.7,24.56264,17.06684,4.92887,129096,78,11.0,102785500,36798,18264,7193,144494,67380,318,383,448,162,298,426,542,616,809,990,3262,637,36,673,803,278,10.8,0,27,15,0.64,10,11,0.48,0.0765,0.3400,0.4000,0.4000,438,2917,4824,4824,0.0765,0.1598,0.2106,0.2106,0.000,,,0,5.85,6.33,36679,9375,657,26647,189597,60973,101280,24908,195747,41377,7027,61518,
NH,30,33,2008,1315906,714104,28677,3.9,17.05278,9.57218,4.17400,60865,4,1.2,60129000,18670,9070,4433,63583,31244,556,625,688,162,298,426,542,854,1033,1196,2136,637,61,698,820,91,7.0,1,231,158,0.59,14,10,0.58,0.0765,0.3400,0.4000,0.4000,438,2917,4824,4824,0.0765,0.1598,0.2106,0.2106,0.000,,,0,5.85,6.50,15811,871,156,14784,117316,17905,25622,8498,112861,10229,1764,21068,
NJ,31,34,2008,8711090,4263965,240467,5.3,20.66432,13.43530,4.24264,494855,134,6.3,453018900,382290,79565,33468,437860,210867,322,424,488,162,298,426,542,620,850,1030,10333,637,31,668,799,787,9.2,1,48,32,0.60,23,17,0.58,0.0765,0.3400,0.4000,0.4000,438,2917,4824,4824,0.0765,0.1598,0.2106,0.2106,0.225,,,1,5.85,7.15,159751,34010,897,124844,936492,159064,278807,62454,669759,110102,14979,155224,
NM,32,35,2008,2010662,902411,42137,4.5,33.25980,17.50674,6.31161,83691,57,10.6,67242100,53795,34313,12983,239959,95769,357,447,539,162,298,426,542,655,873,1081,5339,637,0,637,777,381,19.3,1,42,28,0.60,24,18,0.57,0.0765,0.3400,0.4000,0.4000,438,2917,4824,4824,0.0765,0.1598,0.2106,0.2106,0.100,,,1,5.85,6.50,57605,8322,458,48825,474827,67900,135160,23849,217092,87538,12605,124403,
NY,33,36,2008,19212436,9139080,525693,5.4,23.52591,14.75334,5.95021,1101637,195,4.2,928501900,1994331,257575,117034,1952991,1036676,502,691,826,162,298,426,542,800,1079,1292,58416,637,87,724,838,2734,14.2,1,104,42,0.71,29,33,0.47,0.0765,0.3400,0.4000,0.4000,438,2917,4824,4824,0.0765,0.1598,0.2106,0.2106,0.300,,,1,5.85,7.15,658265,134147,2901,521217,4087502,497327,965631,178594,1817651,393913,53881,555570,
NC,34,37,2008,9309449,4281713,278346,6.1,26.55331,15.32966,4.59567,413065,157,6.5,350848300,109343,45322,24124,946978,419127,236,272,297,162,298,426,542,534,698,839,16841,637,0,637,777,1285,13.9,1,68,52,0.57,31,19,0.62,0.0765,0.3400,0.4000,0.4000,438,2917,4824,4824,0.0765,0.1598,0.2106,0.2106,0.035,,,1,5.85,6.15,208409,22315,1702,184392,1394562,260433,491381,99777,965552,259303,35885,365881,
ND,35,38,2008,657569,359333,11692,3.2,16.15367,8.38859,2.98934,31852,8,5.4,26555200,125800,5079,2023,48412,21825,378,477,573,162,298,426,542,676,903,1115,567,637,0,637,777,74,11.8,0,33,61,0.35,21,26,0.45,0.0765,0.3400,0.4000,0.4000,438,2917,4824,4824,0.0765,0.1598,0.2106,0.2106,0.000,,,0,5.85,5.85,8032,853,67,7112,53692,14925,21110,6732,80038,10073,1906,19953,
OH,36,39,2008,11515391,5580843,384323,6.4,31.27502,18.81661,7.35903,491609,120,4.1,421412100,1975121,174554,80796,1150928,526800,336,410,507,162,298,426,542,634,836,1049,43940,637,0,637,777,1557,13.7,1,46,52,0.47,12,21,0.36,0.0765,0.3400,0.4000,0.4000,438,2917,4824,4824,0.0765,0.1598,0.2106,0.2106,0.000,,,0,5.85,7.00,265273,14993,1735,248545,1813798,292937,479927,94449,1105460,236203,26209,337023,
OK,37,40,2008,3668976,1681081,65385,3.7,27.54118,17.26902,7.51948,159761,39,4.1,141505900,314550,18301,8529,419038,176483,225,292,361,162,298,426,542,523,718,903,5570,637,46,683,810,484,13.6,1,44,57,0.44,24,24,0.50,0.0765,0.3400,0.4000,0.4000,438,2917,4824,4824,0.0765,0.1598,0.2106,0.2106,0.050,,,1,5.85,5.85,87829,7059,712,80058,612410,122840,228543,45117,424427,136838,20032,197647,
OR,38,41,2008,3768748,1827352,127769,6.5,27.26036,16.91484,7.77198,165051,70,7.7,139695900,658479,41630,18568,469315,243257,441,514,631,162,298,426,542,739,940,1156,7994,637,2,639,779,403,10.6,1,31,29,0.52,18,10,0.64,0.0765,0.3400,0.4000,0.4000,438,2917,4824,4824,0.0765,0.1598,0.2106,0.2106,0.060,,,1,5.85,7.95,66354,8142,625,57587,396488,108000,158314,33893,308164,88183,14945,138951,
PA,39,42,2008,12612285,6109645,341890,5.3,24.10444,14.47110,4.96529,581527,116,3.9,523556700,495078,125500,52102,1187822,558939,316,403,497,162,298,426,542,614,829,1039,20619,637,27,664,796,1335,11.0,1,102,101,0.50,21,29,0.42,0.0765,0.3400,0.4000,0.4000,438,2917,4824,4824,0.0765,0.1598,0.2106,0.2106,0.000,,,0,5.85,7.15,339697,27029,2048,310620,1815746,251159,435429,99480,1147643,182895,23811,272804,
RI,40,44,2008,1055003,525941,44387,7.8,26.44513,16.33446,5.99748,47078,12,4.9,44051500,15400,19017,8087,84868,41548,449,554,634,162,298,426,542,747,980,1158,2627,637,57,694,817,132,12.7,0,60,13,0.82,33,5,0.87,0.0765,0.3400,0.4000,0.4000,438,2917,4824,4824,0.0765,0.1598,0.2106,0.2106,0.150,,,1,5.85,7.40,31548,3787,171,27590,183037,25823,44772,6725,83915,18749,1807,25236,
SC,41,45,2008,4528996,1996409,145823,6.8,29.09830,17.41888,7.29247,161798,95,8.4,149285900,236232,33545,14933,589763,255702,209,263,318,162,298,426,542,507,689,860,7384,637,0,637,777,624,14.0,0,51,73,0.41,19,27,0.41,0.0765,0.3400,0.4000,0.4000,438,2917,4824,4824,0.0765,0.1598,0.2106,0.2106,0.000,,,0,5.85,5.85,107142,10590,1265,95287,735641,126956,279896,43067,499074,174904,20024,244209,
SD,42,46,2008,799124,432925,13693,3.1,22.15223,13.59707,5.30832,36476,15,7.0,32691300,10144,5825,2848,62945,26189,482,539,595,162,298,426,542,780,965,1131,1993,637,15,652,788,104,13.1,0,20,50,0.29,15,20,0.43,0.0765,0.3400,0.4000,0.4000,438,2917,4824,4824,0.0765,0.1598,0.2106,0.2106,0.000,,,0,5.85,5.85,13083,1531,94,11458,104249,22609,34903,10014,105631,16368,2506,25035,
TN,43,47,2008,6247411,2853746,201039,6.6,28.24439,16.75795,5.86563,251550,70,4.6,217598600,97900,135720,53360,911253,410458,142,185,226,162,298,426,542,440,611,768,17403,637,0,637,777,924,15.0,1,53,46,0.54,16,16,0.50,0.0765,0.3400,0.4000,0.4000,438,2917,4824,4824,0.0765,0.1598,0.2106,0.2106,0.000,,,0,5.85,5.85,165151,14559,1480,149112,1277014,169432,364301,62732,695370,198035,25243,273947,
TX,44,48,2008,24309039,11104115,560275,4.8,33.54350,21.36573,6.88542,1236362,829,11.6,954649800,620886,119340,53536,2532047,994786,211,244,293,162,298,426,542,509,670,835,37265,637,0,637,777,3834,15.9,0,71,77,0.48,11,20,0.35,0.0765,0.3400,0.4000,0.4000,438,2917,4824,4824,0.0765,0.1598,0.2106,0.2106,0.000,,,0,5.85,5.85,566281,107215,6563,452503,3209510,934597,1905980,317469,3172793,1067730,130552,1445375,
UT,45,49,2008,2663029,1322089,49112,3.6,21.11062,10.90763,3.44774,115885,31,3.4,90161800,242946,11502,4736,134180,53715,399,498,583,162,298,426,542,697,924,1122,2651,637,0,637,777,209,7.6,0,20,55,0.27,8,21,0.28,0.0765,0.3400,0.4000,0.4000,438,2917,4824,4824,0.0765,0.1598,0.2106,0.2106,0.000,,,0,5.85,5.85,25443,2392,236,22815,199036,66252,99543,38383,327591,38560,8586,62820,
VT,46,50,2008,624151,338273,16626,4.7,24.96298,16.17015,7.64786,25668,4,3.1,25530400,6536,8327,3581,55847,27642,536,640,726,162,298,426,542,834,1044,1222,1196,637,52,689,814,55,9.0,0,93,49,0.65,23,7,0.77,0.0765,0.3400,0.4000,0.4000,438,2917,4824,4824,0.0765,0.1598,0.2106,0.2106,0.320,,,1,5.85,7.68,14353,1045,76,13232,137308,16702,17985,5443,54819,10841,2182,19716,
VA,47,51,2008,7833496,3970428,163015,3.9,19.01715,10.49056,3.89615,400306,79,4.0,355931400,140008,63735,28771,545079,245592,254,320,382,162,298,426,542,552,746,924,11102,637,0,637,777,799,10.3,1,45,52,0.46,21,19,0.53,0.0765,0.3400,0.4000,0.4000,438,2917,4824,4824,0.0765,0.1598,0.2106,0.2106,0.200,,,0,5.85,5.85,141822,19628,1140,121054,751864,150820,273203,69816,751889,139356,23138,225110,
WA,48,53,2008,6562231,3291309,187268,5.4,26.47991,14.25138,6.03489,355597,67,4.1,292402800,1935729,118550,50505,581001,292515,453,562,661,162,298,426,542,751,988,1177,20537,637,46,683,810,680,10.4,1,63,35,0.64,32,17,0.65,0.0765,0.3400,0.4000,0.4000,438,2917,4824,4824,0.0765,0.1598,0.2106,0.2106,0.000,,,0,5.85,8.07,124974,15411,872,108691,946190,176005,235775,66738,528691,107348,25511,162379,
WV,49,54,2008,1840310,777560,35345,4.3,26.40384,14.85696,4.11526,61994,9,2.1,57523700,49549,19334,8681,276800,124183,301,340,384,162,298,426,542,599,766,926,4566,637,0,637,777,260,14.5,1,72,28,0.72,23,11,0.68,0.0765,0.3400,0.4000,0.4000,438,2917,4824,4824,0.0765,0.1598,0.2106,0.2106,0.000,,,0,5.85,6.55,79688,3566,535,75587,325037,51770,96844,21130,211106,58217,9816,96845,
WI,50,55,2008,5640996,2940438,151358,4.9,23.74106,16.43886,4.76621,244634,56,4.0,219492800,45405,37489,17485,422781,180792,628,628,628,162,298,426,542,907,1035,1154,12240,637,84,721,836,544,9.8,1,47,51,0.48,18,15,0.55,0.0765,0.3400,0.4000,0.4000,438,2917,4824,4824,0.0765,0.1598,0.2106,0.2106,0.040,0.140,0.430,1,5.85,6.50,99014,7643,848,90523,874839,121754,194276,52841,597111,80149,13374,126627,
WY,51,56,2008,546043,284310,8969,3.1,19.37426,9.19336,2.73075,42550,5,3.4,26533700,141208,499,266,22608,9564,320,340,340,162,298,426,542,618,766,882,194,637,25,662,795,54,10.1,1,17,43,0.28,7,23,0.23,0.0765,0.3400,0.4000,0.4000,438,2917,4824,4824,0.0765,0.1598,0.2106,0.2106,0.000,,,0,5.85,5.15,5903,369,37,5497,57177,12617,15880,6767,55081,7172,1910,13722,
AL,1,1,2009,4757938,1924747,238252,11.0,32.86993,20.74336,9.15373,169129,74,6.3,155145300,79067,43226,18442,679138,280625,190,215,245,176,323,463,588,513,678,833,8431,674,0,674,825,770,16.6,0,62,43,0.59,19,13,0.59,0.0765,0.3400,0.4000,0.4500,457,3043,5028,5657,0.0765,0.1598,0.2106,0.2106,0.000,,,0,6.55,6.55,169320,13373,848,155099,800589,140810,313786,51866,579880,162412,17120,212316,
AK,2,2,2009,698895,331792,27855,7.7,28.73193,18.24645,6.31930,49652,11,5.5,32896400,18505,8282,3033,64385,25107,821,923,1025,239,438,627,797,1259,1550,1802,947,674,362,1036,1252,81,11.7,0,18,22,0.45,10,10,0.50,0.0765,0.3400,0.4000,0.4500,457,3043,5028,5657,0.0765,0.1598,0.2106,0.2106,0.000,,,0,6.55,7.15,12006,1977,97,9932,101952,25816,29317,6319,53554,11344,1815,16943,
AZ,3,4,2009,6343154,2817577,310533,9.9,31.87116,20.57002,8.16648,243765,183,10.8,211975300,459318,82085,37860,813987,340852,220,278,335,176,323,463,588,543,741,923,19217,674,0,674,825,1381,21.2,0,24,36,0.40,12,18,0.40,0.0765,0.3400,0.4000,0.4500,457,3043,5028,5657,0.0765,0.1598,0.2106,0.2106,0.000,,,0,6.55,7.25,106130,14024,866,91240,1303459,208873,387679,66558,655498,170030,22004,231674,
AR,4,5,2009,2896843,1252399,106512,7.8,33.77204,21.29439,6.97180,96984,54,7.2,90246000,46023,19211,8463,411153,172602,162,204,247,176,323,463,588,485,667,835,3481,674,0,674,825,538,18.9,1,71,28,0.72,27,8,0.77,0.0765,0.3400,0.4000,0.4500,457,3043,5028,5657,0.0765,0.1598,0.2106,0.2106,0.000,,,0,6.55,6.25,102927,7321,709,94897,631596,94107,202156,38400,351950,115554,15435,155258,
CA,5,6,2009,36961229,16182572,2032568,11.2,29.68175,18.58639,6.20603,1919271,674,6.8,1554013300,2226599,1307832,532907,2670341,1122949,561,694,828,176,323,463,588,884,1126,1346,242526,674,233,907,988,5638,15.3,0,51,29,0.64,25,14,0.64,0.0765,0.3400,0.4000,0.4500,457,3043,5028,5657,0.0765,0.1598,0.2106,0.2106,0.000,,,0,6.55,8.00,1250030,358891,19706,871433,8716220,1439006,2028152,413360,3175063,897904,139920,1172714,
CO,6,8,2009,4972195,2524443,198539,7.3,21.67500,13.46348,4.99046,248669,88,6.8,198800200,389335,22762,9275,319121,138382,364,462,561,176,323,463,588,687,925,1149,4621,674,25,699,842,613,12.3,1,38,27,0.58,21,14,0.60,0.0765,0.3400,0.4000,0.4500,457,3043,5028,5657,0.0765,0.1598,0.2106,0.2106,0.000,,,0,6.55,7.28,61951,9048,491,52412,484082,107930,179801,39840,390868,71716,13436,107139,
CT,7,9,2009,3561807,1740971,150106,7.9,20.53958,11.78142,5.08508,236922,34,4.0,213612100,76796,33024,16722,258165,139408,457,560,659,176,323,463,588,780,1023,1227,7293,674,168,842,942,292,8.4,0,114,36,0.76,24,12,0.67,0.0765,0.3400,0.4000,0.4500,457,3043,5028,5657,0.0765,0.1598,0.2106,0.2106,0.000,,,0,6.55,8.00,56270,6696,432,49142,503618,60148,118152,27041,302997,50941,6308,68912,
DE,8,10,2009,891730,401312,36188,8.3,18.30442,11.17325,3.33420,57267,13,5.8,36284200,18255,12796,4511,90933,40239,270,338,407,176,323,463,588,593,801,995,2577,674,0,674,825,109,12.3,1,24,17,0.59,16,5,0.76,0.0765,0.3400,0.4000,0.4500,457,3043,5028,5657,0.0765,0.1598,0.2106,0.2106,0.200,,,0,6.55,7.15,15299,1284,93,13922,166246,24028,40940,6705,90073,21456,2606,33202,
DC,9,11,2009,592228,304500,31172,9.3,28.34134,17.32004,4.34146,100917,7,6.5,35798800,23711,18555,7956,103311,56592,336,428,523,176,323,463,588,659,891,1111,2181,674,0,674,825,107,17.9,.,,,,11,0,1.00,0.0765,0.3400,0.4000,0.4500,457,3043,5028,5657,0.0765,0.1598,0.2106,0.2106,0.400,,,1,6.55,7.55,23575,1907,126,21542,152449,17473,30204,4053,44579,14322,1767,20431,
FL,10,12,2009,18652644,8148123,946702,10.4,29.74011,17.94678,6.68071,725658,526,12.6,682891700,477911,97568,55090,1952362,1001711,241,303,364,176,323,463,588,564,766,952,38824,674,0,674,825,2676,14.6,0,44,76,0.37,14,26,0.35,0.0765,0.3400,0.4000,0.4500,457,3043,5028,5657,0.0765,0.1598,0.2106,0.2106,0.000,,,0,6.55,7.21,463573,106216,2695,354662,2653524,505671,936849,183086,1560392,440620,60083,610818,
GA,11,13,2009,9620846,4311854,475895,9.9,31.59866,18.50410,5.97668,406066,214,8.2,327516300,139819,38018,21091,1286078,534944,235,280,330,176,323,463,588,558,743,918,18169,674,0,674,825,1775,18.4,0,73,107,0.41,22,34,0.39,0.0765,0.3400,0.4000,0.4500,457,3043,5028,5657,0.0765,0.1598,0.2106,0.2106,0.000,,,0,6.55,5.15,220238,24939,1913,193386,1396602,499213,695828,125714,1290996,407689,53232,564627,
HI,12,15,2009,1346717,586522,45168,7.2,25.30350,16.48862,5.95280,65711,6,1.8,55690000,27232,21556,7882,114599,57857,506,636,766,314,575,824,1046,1081,1460,1812,1714,674,0,674,988,156,12.5,0,45,6,0.88,23,2,0.92,0.0765,0.3400,0.4000,0.4500,457,3043,5028,5657,0.0765,0.1598,0.2106,0.2106,0.000,,,0,6.55,7.25,24266,6151,176,17939,219441,36320,38278,13613,103807,18240,4687,35946,
ID,13,16,2009,1554439,690722,66409,8.8,18.30499,10.17846,3.78321,53764,32,7.2,48477000,157947,2378,1592,136243,54459,309,309,309,176,323,463,588,632,772,897,1431,674,53,727,862,209,13.7,0,18,52,0.26,7,28,0.20,0.0765,0.3400,0.4000,0.4500,457,3043,5028,5657,0.0765,0.1598,0.2106,0.2106,0.000,,,0,6.55,6.55,26048,1862,197,23989,188781,46175,71714,23586,170003,43601,9161,70830,
IL,14,17,2009,12796778,5943229,675429,10.2,24.79486,14.63507,3.94599,645147,216,6.5,525210700,125594,52412,19611,1462421,677147,318,432,474,176,323,463,588,641,895,1062,15082,674,0,674,825,1690,13.2,1,70,48,0.59,37,22,0.63,0.0765,0.3400,0.4000,0.4500,457,3043,5028,5657,0.0765,0.1598,0.2106,0.2106,0.050,,,1,6.55,8.00,269392,30588,2340,236464,2436951,309870,648523,94144,1148891,237260,19645,293385,
IN,15,18,2009,6459325,2864985,329004,10.3,21.70625,16.08901,5.30185,261500,97,5.6,220274800,49610,103175,39989,706695,301195,230,288,347,176,323,463,588,553,751,935,9307,674,0,674,825,1023,16.1,0,52,48,0.52,17,33,0.34,0.0765,0.3400,0.4000,0.4500,457,3043,5028,5657,0.0765,0.1598,0.2106,0.2106,0.090,,,1,6.55,6.55,112791,5599,853,106339,986156,170137,325209,77177,788167,151627,20737,210886,
IA,16,19,2009,3032870,1579248,108163,6.4,25.10201,13.45453,4.51612,136820,32,4.2,112628000,14804,40712,16155,295106,135558,361,426,495,176,323,463,588,684,889,1083,5393,674,22,696,840,319,10.7,1,56,44,0.56,32,18,0.64,0.0765,0.3400,0.4000,0.4500,457,3043,5028,5657,0.0765,0.1598,0.2106,0.2106,0.070,,,1,6.55,7.25,46609,3313,708,42588,430435,75645,119373,35371,394391,49896,8754,84554,
KS,17,20,2009,2832704,1413873,104334,6.9,29.67233,18.28313,5.12901,124780,43,5.6,110724200,20964,33384,13122,219265,99698,352,429,497,176,323,463,588,675,892,1085,3881,674,0,674,825,374,13.7,1,49,76,0.39,9,31,0.23,0.0765,0.3400,0.4000,0.4500,457,3043,5028,5657,0.0765,0.1598,0.2106,0.2106,0.170,,,1,6.55,2.65,44045,3125,343,40577,286198,76989,136773,39424,356495,64432,12080,96299,
KY,18,21,2009,4317074,1847126,213036,10.3,27.40971,16.42797,6.56072,156039,54,5.0,138823400,175023,59604,29473,701757,315885,225,262,328,176,323,463,588,548,725,916,17404,674,0,674,825,727,17.0,1,65,35,0.65,15,21,0.42,0.0765,0.3400,0.4000,0.4500,457,3043,5028,5657,0.0765,0.1598,0.2106,0.2106,0.000,,,0,6.55,6.55,189482,11486,1261,176735,766078,141768,288711,52959,570755,169124,21680,238782,
LA,19,22,2009,4491648,1923884,140884,6.8,20.93411,11.43253,4.39856,207120,73,6.0,163751600,52882,22497,10201,723738,303287,188,240,284,176,323,463,588,511,703,872,7482,674,0,674,825,636,14.3,0,51,50,0.50,22,15,0.59,0.0765,0.3400,0.4000,0.4500,457,3043,5028,5657,0.0765,0.1598,0.2106,0.2106,0.035,,,1,6.55,6.55,169690,14710,1466,153514,1102956,148747,343001,47951,586936,188201,17528,243815,
ME,20,23,2009,1329590,639954,56265,8.1,26.83731,17.55728,7.19529,50568,5,1.8,49267600,22562,24884,10609,201248,99557,363,485,611,176,323,463,588,686,948,1194,2707,674,10,684,832,148,11.4,1,95,55,0.63,20,15,0.57,0.0765,0.3400,0.4000,0.4500,457,3043,5028,5657,0.0765,0.1598,0.2106,0.2106,0.050,,,1,6.55,7.25,34559,2048,215,32296,313791,26663,47611,9900,107734,23621,4062,37150,
MD,21,24,2009,5730388,2820245,212455,7.0,24.93672,12.97103,5.70523,302389,64,4.5,279384200,322590,53284,22425,454196,212260,453,574,695,176,323,463,588,776,1037,1252,8160,674,0,674,825,543,9.6,1,104,36,0.74,33,14,0.70,0.0765,0.3400,0.4000,0.4500,457,3043,5028,5657,0.0765,0.1598,0.2106,0.2106,0.250,,,1,6.55,6.55,102930,14986,572,87372,816536,146411,195711,46981,432643,95556,17343,154317,
MA,22,25,2009,6517613,3189010,281372,8.1,21.27879,12.82410,4.92889,391273,32,2.1,332020600,116536,93269,47313,627611,336050,531,633,731,176,323,463,588,854,1083,1278,17398,674,114,788,905,717,10.8,1,142,16,0.90,35,5,0.88,0.0765,0.3400,0.4000,0.4500,457,3043,5028,5657,0.0765,0.1598,0.2106,0.2106,0.150,,,1,6.55,8.00,186609,46354,3599,136656,1375723,127944,220164,38983,547582,101586,10128,134914,
MI,23,26,2009,9901591,4233803,669741,13.7,25.14209,16.14384,5.52124,365553,83,3.3,336954500,78181,157511,62230,1450272,694341,403,492,597,176,323,463,588,726,955,1184,23716,674,14,688,835,1376,14.0,1,67,43,0.61,16,21,0.43,0.0765,0.3400,0.4000,0.4500,457,3043,5028,5657,0.0765,0.1598,0.2106,0.2106,0.200,,,1,6.55,7.40,242983,16404,1583,224996,1766175,243275,467860,82980,911466,213777,21515,282037,
MN,24,27,2009,5281203,2713426,228550,7.8,18.60987,11.28025,3.11492,260513,47,3.6,216607400,103632,47167,21772,344972,165524,437,532,621,176,323,463,588,760,995,1201,10535,674,81,755,882,576,11.1,0,87,47,0.65,46,21,0.69,0.0765,0.3400,0.4000,0.4500,457,3043,5028,5657,0.0765,0.1598,0.2106,0.2106,0.330,,,1,6.55,6.15,83247,10360,703,72184,689164,141598,185763,57588,615043,83470,18706,142628,
MS,25,28,2009,2958774,1148930,120289,9.5,34.42527,18.52278,6.20466,93503,54,6.6,88333000,34437,23490,11322,505920,214103,146,170,194,176,323,463,588,469,633,782,5649,674,0,674,825,658,23.1,0,74,48,0.61,27,25,0.52,0.0765,0.3400,0.4000,0.4500,457,3043,5028,5657,0.0765,0.1598,0.2106,0.2106,0.000,,,0,6.55,6.55,124116,11585,881,111650,619928,111478,271061,38757,405716,163579,15412,199880,
MO,26,29,2009,5961088,2766711,282852,9.3,25.05300,16.04232,5.74653,251403,103,6.8,215681800,82774,84130,34953,1033249,359746,234,292,342,176,323,463,588,557,755,930,9128,674,0,674,825,926,15.5,1,74,89,0.45,11,23,0.32,0.0765,0.3400,0.4000,0.4500,457,3043,5028,5657,0.0765,0.1598,0.2106,0.2106,0.000,,,0,6.55,7.05,128132,8194,911,119027,889339,150145,286889,61135,645262,158631,23396,235682,
MT,27,30,2009,983982,466713,34301,6.8,23.86208,13.78862,5.30069,36032,16,7.0,33711500,147514,8701,3446,92453,40923,401,504,606,176,323,463,588,724,967,1190,1335,674,0,674,825,131,13.5,1,50,50,0.50,23,27,0.46,0.0765,0.3400,0.4000,0.4500,457,3043,5028,5657,0.0765,0.1598,0.2106,0.2106,0.000,,,0,6.55,6.90,16694,1043,122,15529,86081,20673,33886,10293,86652,16171,3186,25594,
NE,28,31,2009,1812683,945648,45935,4.6,25.06765,15.31994,4.95127,87107,23,4.8,71173500,10649,17814,7373,133623,57442,293,364,435,176,323,463,588,616,827,1023,3452,674,5,679,828,176,9.9,0,,,,,,,0.0765,0.3400,0.4000,0.4500,457,3043,5028,5657,0.0765,0.1598,0.2106,0.2106,0.100,,,1,6.55,6.55,24616,1971,232,22413,218924,45585,81169,26380,243466,34248,6551,58000,
NV,29,32,2009,2684665,1196758,152541,11.3,26.43246,14.82654,4.75644,120988,63,9.1,96858600,33301,21249,8332,200056,92885,318,383,448,176,323,463,588,641,846,1036,3815,674,36,710,850,343,13.0,0,28,14,0.67,12,9,0.57,0.0765,0.3400,0.4000,0.4500,457,3043,5028,5657,0.0765,0.1598,0.2106,0.2106,0.000,,,0,6.55,6.85,38592,9653,647,28292,217276,67829,103344,21877,183808,40516,5980,55873,
NH,30,33,2009,1316102,697802,46425,6.2,19.04526,10.73365,4.38057,61909,4,1.2,59082500,19010,11963,5570,78942,38459,606,675,738,176,323,463,588,924,1113,1283,2370,674,40,714,853,103,7.8,1,224,175,0.56,14,10,0.58,0.0765,0.3400,0.4000,0.4500,457,3043,5028,5657,0.0765,0.1598,0.2106,0.2106,0.000,,,0,6.55,7.25,16628,869,161,15598,128231,18362,27694,8792,110811,11152,1836,22006,
NJ,31,34,2009,8755602,4138570,412075,9.1,20.14276,13.58498,4.44765,486210,111,5.0,439087900,401197,77278,32548,499853,242743,322,424,488,176,323,463,588,645,887,1076,10101,674,31,705,847,806,9.3,1,48,32,0.60,23,16,0.59,0.0765,0.3400,0.4000,0.4500,457,3043,5028,5657,0.0765,0.1598,0.2106,0.2106,0.250,,,1,6.55,7.15,163066,34201,869,127996,1004091,169078,312974,68594,705558,127558,16952,172440,
NM,32,35,2009,2036802,869491,70861,7.5,37.58242,20.61241,6.40410,81990,61,11.2,66661800,51779,42726,16099,291073,119395,357,447,539,176,323,463,588,680,910,1127,5925,674,0,674,825,381,19.3,1,45,25,0.64,27,15,0.64,0.0765,0.3400,0.4000,0.4500,457,3043,5028,5657,0.0765,0.1598,0.2106,0.2106,0.100,,,1,6.55,7.50,59110,8304,455,50351,503231,70168,141582,24263,221822,91333,12988,129912,
NY,33,36,2009,19307066,8844486,802999,8.3,24.48593,14.74144,5.26771,1150994,227,4.9,912779000,2076348,259731,116694,2322742,1231892,523,721,862,176,323,463,588,846,1145,1369,58404,674,87,761,886,3018,15.8,1,108,41,0.72,32,30,0.52,0.0765,0.3400,0.4000,0.4500,457,3043,5028,5657,0.0765,0.1598,0.2106,0.2106,0.300,,,1,6.55,7.15,667893,132643,2865,532385,4442929,518961,967755,181081,1812488,407009,56076,573011,
NC,34,37,2009,9449566,4087105,483684,10.6,29.51216,18.90118,5.43784,406833,231,9.6,338315700,104948,50101,25680,1137294,506034,236,272,297,176,323,463,588,559,735,885,17141,674,0,674,825,1576,16.9,1,68,52,0.57,30,20,0.60,0.0765,0.3400,0.4000,0.4500,457,3043,5028,5657,0.0765,0.1598,0.2106,0.2106,0.050,,,1,6.55,6.55,213329,21501,1690,190138,1499805,275039,519150,99048,961612,268892,34784,367089,
ND,35,38,2009,664968,353455,15210,4.1,14.93310,6.78022,1.92842,32240,5,2.9,26361300,126172,5488,2161,53070,23989,378,477,573,176,323,463,588,701,940,1161,534,674,0,674,825,69,10.9,0,36,58,0.38,21,26,0.45,0.0765,0.3400,0.4000,0.4500,457,3043,5028,5657,0.0765,0.1598,0.2106,0.2106,0.000,,,0,6.55,6.55,8139,814,70,7255,60456,14573,21562,6702,80924,10193,1932,20233,
OH,36,39,2009,11528896,5297098,609670,10.3,31.01611,18.19843,6.60368,478024,181,6.3,409648000,2002493,201443,90057,1357412,624989,355,434,536,176,323,463,588,678,897,1124,44227,674,0,674,825,1526,13.3,1,53,46,0.54,12,21,0.36,0.0765,0.3400,0.4000,0.4500,457,3043,5028,5657,0.0765,0.1598,0.2106,0.2106,0.000,,,0,6.55,7.30,273881,14882,1728,257271,1906649,303679,518107,96555,1120056,257758,28223,363399,
OK,37,40,2009,3717572,1652023,112409,6.4,31.70932,19.09019,9.74027,145858,64,6.5,131371000,316854,19166,8745,472908,199615,225,292,361,176,323,463,588,548,755,949,5354,674,46,720,857,468,12.9,1,40,61,0.40,22,26,0.46,0.0765,0.3400,0.4000,0.4500,457,3043,5028,5657,0.0765,0.1598,0.2106,0.2106,0.050,,,1,6.55,6.55,90745,6810,709,83226,672378,130064,243444,45660,437660,147644,20602,208249,
OR,38,41,2009,3808600,1753682,222956,11.3,27.57331,16.33253,5.46898,160575,71,7.9,135132200,621641,52615,21929,581025,302714,441,514,631,176,323,463,588,764,977,1208,7881,674,2,676,826,510,13.4,1,36,24,0.60,18,12,0.60,0.0765,0.3400,0.4000,0.4500,457,3043,5028,5657,0.0765,0.1598,0.2106,0.2106,0.060,,,1,6.55,8.40,70404,8389,625,61390,439461,113248,170003,33712,310817,91538,14770,138831,
PA,39,42,2009,12666858,5885351,514912,8.0,22.01155,13.03081,5.40635,576964,121,4.0,511617900,470352,115411,48030,1337803,631566,316,403,497,176,323,463,588,639,866,1085,21178,674,27,701,844,1376,11.1,1,104,99,0.51,21,29,0.42,0.0765,0.3400,0.4000,0.4500,457,3043,5028,5657,0.0765,0.1598,0.2106,0.2106,0.000,,,0,6.55,7.15,346951,26266,1988,318697,1934251,260879,454308,102882,1150819,197156,25675,291249,
RI,40,44,2009,1053646,504951,62329,11.0,24.54755,16.13180,6.66729,47907,12,5.1,42952600,14996,20281,8431,102303,51555,449,554,634,176,323,463,588,772,1017,1210,2583,674,40,714,853,134,13.0,0,69,6,0.92,33,4,0.89,0.0765,0.3400,0.4000,0.4500,457,3043,5028,5657,0.0765,0.1598,0.2106,0.2106,0.150,,,1,6.55,7.40,31582,3559,165,27858,181949,25676,42539,7641,79017,17408,1955,23418,
SC,41,45,2009,4589872,1910670,242075,11.2,30.29310,18.14764,4.09767,159911,81,7.0,145622100,221948,39662,17085,687508,302450,215,270,326,176,323,463,588,538,733,914,7871,674,0,674,825,618,13.7,0,52,71,0.42,19,27,0.41,0.0765,0.3400,0.4000,0.4500,457,3043,5028,5657,0.0765,0.1598,0.2106,0.2106,0.000,,,0,6.55,6.55,109339,10029,1264,98046,766889,134753,292758,43151,500742,182455,19857,249443,
SD,42,46,2009,807067,423993,22017,4.9,21.27912,12.43747,4.66757,36342,15,7.0,31794600,10221,6133,2976,73981,30901,482,539,595,176,323,463,588,805,1002,1182,2055,674,15,689,835,113,14.1,0,24,46,0.34,14,21,0.40,0.0765,0.3400,0.4000,0.4500,457,3043,5028,5657,0.0765,0.1598,0.2106,0.2106,0.000,,,0,6.55,6.55,13542,1525,99,11918,109640,22962,36008,10348,106266,16889,2556,25475,
TN,43,47,2009,6306019,2733113,319565,10.5,27.72485,16.69152,7.25067,250379,89,5.7,216041800,90884,148837,58138,1072055,490912,142,185,226,176,323,463,588,465,648,814,12276,674,0,674,825,1031,16.5,1,49,50,0.49,14,19,0.42,0.0765,0.3400,0.4000,0.4500,457,3043,5028,5657,0.0765,0.1598,0.2106,0.2106,0.000,,,0,6.55,6.55,169325,14083,1454,153788,1305679,174832,383915,62384,692008,209681,25006,280464,
TX,44,48,2009,24801761,11008903,901896,7.6,34.15401,22.41513,7.52709,1162972,800,11.1,910498600,637105,107277,48050,3003156,1183153,215,249,299,176,323,463,588,538,712,887,33843,674,0,674,825,4262,17.3,0,74,76,0.49,12,19,0.39,0.0765,0.3400,0.4000,0.4500,457,3043,5028,5657,0.0765,0.1598,0.2106,0.2106,0.000,,,0,6.55,6.55,589929,106947,6653,476329,3465881,992454,2006951,317826,3254249,1141981,135694,1528878,
UT,45,49,2009,2723421,1266009,99841,7.3,24.71268,14.21049,5.11282,113518,68,7.5,86695600,208053,14971,5953,185282,73706,399,498,583,176,323,463,588,722,961,1171,2771,674,0,674,825,270,9.7,0,22,53,0.29,8,21,0.28,0.0765,0.3400,0.4000,0.4500,457,3043,5028,5657,0.0765,0.1598,0.2106,0.2106,0.000,,,0,6.55,6.55,26604,2455,224,23925,236076,72535,110742,38674,337710,43120,8547,66483,
VT,46,50,2009,624817,336104,23732,6.6,23.57192,14.90020,5.79485,25871,5,3.8,25164300,5957,6326,2867,72125,35408,536,640,726,176,323,463,588,859,1088,1274,1299,674,52,726,861,58,9.4,0,95,48,0.66,23,7,0.77,0.0765,0.3400,0.4000,0.4500,457,3043,5028,5657,0.0765,0.1598,0.2106,0.2106,0.320,,,1,6.55,8.06,14690,1024,69,13597,151117,17496,19678,5376,54859,12248,2722,21409,
VA,47,51,2009,7925937,3842516,275655,6.7,16.16515,10.00089,3.87068,409442,85,4.2,349712100,140292,72734,32315,651725,295741,254,320,382,176,323,463,588,577,783,970,12861,674,0,674,825,831,10.7,1,45,53,0.46,21,19,0.53,0.0765,0.3400,0.4000,0.4500,457,3043,5028,5657,0.0765,0.1598,0.2106,0.2106,0.200,,,0,6.55,6.55,144278,19421,1153,123704,813298,160150,295836,71937,752709,151208,23952,234396,
WA,48,53,2009,6667426,3211649,323551,9.2,30.07239,18.19428,7.05832,353706,43,2.6,279749700,2028080,140678,58536,761220,375570,453,562,661,176,323,463,588,776,1025,1229,22151,674,46,720,857,781,11.7,1,61,36,0.63,31,18,0.63,0.0765,0.3400,0.4000,0.4500,457,3043,5028,5657,0.0765,0.1598,0.2106,0.2106,0.000,,,0,6.55,8.55,130707,15929,874,113904,989428,193387,258170,66172,532526,116266,25065,168120,
WV,49,54,2009,1847775,751165,62862,7.7,27.64743,15.78867,6.77592,63033,13,3.1,57948900,118055,20457,9192,305960,138070,301,340,384,176,323,463,588,624,803,972,4797,674,0,674,825,285,15.8,1,71,29,0.71,26,8,0.76,0.0765,0.3400,0.4000,0.4500,457,3043,5028,5657,0.0765,0.1598,0.2106,0.2106,0.000,,,0,6.55,7.25,79847,3301,523,76023,338177,53060,97333,20481,207758,56951,9161,93143,
WI,50,55,2009,5669264,2834335,266013,8.6,24.20648,14.30112,5.22937,245519,37,2.7,215830800,44874,39449,18279,547878,234874,628,628,628,176,323,463,588,940,1080,1206,12249,674,84,758,884,599,10.8,1,52,46,0.53,18,15,0.55,0.0765,0.3400,0.4000,0.4500,457,3043,5028,5657,0.0765,0.1598,0.2106,0.2106,0.040,0.140,0.430,1,6.55,6.50,103503,7431,830,95242,976430,127891,208738,53151,594850,87518,14089,135728,
WY,51,56,2009,559851,281150,18970,6.3,25.46832,12.45456,4.36748,36086,7,4.9,24486700,149170,577,292,26762,11185,514,546,546,176,323,463,588,837,1009,1134,195,674,25,699,842,50,9.2,1,19,41,0.32,7,23,0.23,0.0765,0.3400,0.4000,0.4500,457,3043,5028,5657,0.0765,0.1598,0.2106,0.2106,0.000,,,0,6.55,5.15,6168,343,39,5786,62721,13338,16729,6955,56424,7559,2028,14276,
AL,1,1,2010,4785437,1964559,231483,10.5,32.94940,19.84455,5.71980,175470,88,7.3,161516600,83360,51205,21221,805095,344788,190,215,245,200,367,526,668,557,741,913,8459,674,0,674,852,808,17.3,0,60,45,0.57,21,14,0.60,0.0765,0.3400,0.4000,0.4500,457,3050,5036,5666,0.0765,0.1598,0.2106,0.2106,0.000,,,0,7.25,7.25,172220,12504,819,158897,857097,145001,333656,47961,579209,171944,15672,217548,
AK,2,2,2010,713910,333416,28497,7.9,23.02031,13.93707,4.43183,52948,15,7.6,35293800,18351,9006,3305,76445,30441,821,923,1025,239,438,627,797,1259,1550,1807,973,674,362,1036,1256,86,12.4,0,18,22,0.45,10,10,0.50,0.0765,0.3400,0.4000,0.4500,457,3050,5036,5666,0.0765,0.1598,0.2106,0.2106,0.000,,,0,7.25,7.75,12242,1888,94,10260,113218,27020,31265,6401,54723,12578,1957,18668,
AZ,3,4,2010,6407172,2769454,320251,10.4,27.69296,15.86614,5.72472,248125,206,11.8,215523600,329469,70222,32473,1018171,439364,220,278,335,200,367,526,668,587,804,1003,16246,674,0,674,852,1241,18.6,0,25,35,0.42,12,18,0.40,0.0765,0.3400,0.4000,0.4500,457,3050,5036,5666,0.0765,0.1598,0.2106,0.2106,0.000,,,0,7.25,7.25,109877,14429,891,94557,1217904,206765,424499,61254,669300,193439,21001,253201,
AR,4,5,2010,2921964,1242496,110842,8.2,31.86372,16.63385,5.86530,100971,43,5.8,93290500,41701,19488,8547,466598,197624,162,204,247,200,367,526,668,529,730,915,3247,674,0,674,852,445,15.5,1,71,28,0.72,27,8,0.77,0.0765,0.3400,0.4000,0.4500,457,3050,5036,5666,0.0765,0.1598,0.2106,0.2106,0.000,,,0,7.25,6.25,106745,6938,698,99109,647176,98963,210800,38177,353464,118703,15430,157165,
CA,5,6,2010,37319502,16091945,2244326,12.2,29.61473,18.56144,5.71067,1973512,763,7.8,1628457600,2115573,1415960,576150,3238548,1391359,561,694,828,200,367,526,668,928,1192,1431,255362,674,171,845,972,6077,16.3,0,49,29,0.63,25,14,0.64,0.0765,0.3400,0.4000,0.4500,457,3050,5036,5666,0.0765,0.1598,0.2106,0.2106,0.000,,,0,7.25,8.00,1269123,359483,19598,890042,9061679,1459460,2168124,392204,3239902,973567,137367,1244724,
CO,6,8,2010,5047349,2486404,238013,8.7,26.85189,15.32703,5.39720,255661,78,6.0,205372400,439818,29367,11521,404679,176289,364,462,561,200,367,526,668,731,988,1229,4785,674,25,699,869,617,12.2,1,38,27,0.58,21,14,0.60,0.0765,0.3400,0.4000,0.4500,457,3050,5036,5666,0.0765,0.1598,0.2106,0.2106,0.000,,,0,7.25,7.24,65511,9005,505,56001,545708,109643,198249,41339,400180,78353,13873,113506,
CT,7,9,2010,3579114,1737449,174263,9.1,20.58331,13.57700,4.04622,238052,23,2.7,222226000,73342,34413,17268,336064,180463,457,560,659,200,367,526,668,824,1086,1313,7161,674,168,842,969,292,8.3,0,114,37,0.75,24,12,0.67,0.0765,0.3400,0.4000,0.4500,457,3050,5036,5666,0.0765,0.1598,0.2106,0.2106,0.000,,,0,7.25,8.25,58229,6603,433,51193,615569,58108,126467,26326,303639,53892,6228,71661,
DE,8,10,2010,899593,397869,36550,8.4,17.99414,11.13348,5.38652,57987,7,3.1,36725700,20076,14725,5157,112513,50507,332,416,501,200,367,526,668,699,942,1169,2721,674,0,674,852,106,12.1,1,24,17,0.59,15,6,0.71,0.0765,0.3400,0.4000,0.4500,457,3050,5036,5666,0.0765,0.1598,0.2106,0.2106,0.200,,,0,7.25,7.25,15804,1283,105,14416,183222,23625,46383,6322,91998,23748,2326,34527,
DC,9,11,2010,605226,313508,32557,9.4,21.43733,13.30619,4.26346,106098,4,3.5,38481500,25360,19785,8745,118493,66032,336,428,523,200,367,526,668,703,954,1191,2212,674,0,674,852,121,19.9,.,,,,11,0,1.00,0.0765,0.3400,0.4000,0.4500,457,3050,5036,5666,0.0765,0.1598,0.2106,0.2106,0.400,,,1,7.25,8.25,24371,1890,127,22354,163605,16946,34140,3742,46367,17104,1738,22438,
FL,10,12,2010,18845537,8193659,1018407,11.1,27.88067,17.09887,5.93481,738242,393,9.4,725074000,476551,107023,58267,2603185,1370563,241,303,364,200,367,526,668,608,829,1032,39728,674,0,674,852,2962,16.0,0,44,76,0.37,14,26,0.35,0.0765,0.3400,0.4000,0.4500,457,3050,5036,5666,0.0765,0.1598,0.2106,0.2106,0.000,,,0,7.25,7.25,484363,109256,2714,372393,2814784,509731,1045815,166881,1609051,487280,55245,644876,
GA,11,13,2010,9711881,4202052,494624,10.5,29.10950,17.48953,5.71587,414664,197,7.4,335268400,152368,37958,20572,1591078,681782,235,280,330,200,367,526,668,602,806,998,17083,674,0,674,852,1836,18.7,0,74,105,0.41,22,34,0.39,0.0765,0.3400,0.4000,0.4500,457,3050,5036,5666,0.0765,0.1598,0.2106,0.2106,0.000,,,0,7.25,5.15,228498,24840,1878,201780,1458770,311993,752081,115793,1303198,434207,49673,581517,
HI,12,15,2010,1363963,602282,44967,6.9,25.60214,16.49597,6.05032,68260,4,1.1,57179100,27519,25400,9026,138166,69402,486,610,736,314,575,824,1046,1061,1434,1782,2001,674,0,674,988,152,12.1,0,45,6,0.88,23,2,0.92,0.0765,0.3400,0.4000,0.4500,457,3050,5036,5666,0.0765,0.1598,0.2106,0.2106,0.000,,,0,7.25,7.25,24897,6090,182,18625,247263,37029,49927,14140,117353,20648,4204,36058,
ID,13,16,2010,1570746,692826,68230,9.0,25.25377,15.06146,3.88401,55215,26,5.9,50196600,153826,2625,1731,194033,78378,309,309,309,200,367,526,668,676,835,977,1576,674,53,727,889,214,14.0,0,18,52,0.26,7,28,0.20,0.0765,0.3400,0.4000,0.4500,457,3050,5036,5666,0.0765,0.1598,0.2106,0.2106,0.000,,,0,7.25,7.25,27236,1889,206,25141,198103,47046,81755,22171,170081,45279,8800,70972,
IL,14,17,2010,12840503,5937047,688274,10.4,23.64643,14.57928,4.31370,661715,174,5.3,540492600,137771,62009,22188,1645722,775019,318,432,474,200,367,526,668,685,958,1142,14712,674,0,674,852,1817,14.1,1,70,48,0.59,37,22,0.63,0.0765,0.3400,0.4000,0.4500,457,3050,5036,5666,0.0765,0.1598,0.2106,0.2106,0.050,,,1,7.25,8.00,273279,30432,2362,240485,2593673,307278,688683,90760,1167580,275770,21912,336675,
IN,15,18,2010,6490432,2845608,329584,10.4,21.40355,12.36481,4.91098,280497,68,3.9,230109200,54180,89488,36214,813403,347835,230,288,347,200,367,526,668,597,814,1015,10004,674,0,674,852,1035,16.3,0,52,48,0.52,17,33,0.34,0.0765,0.3400,0.4000,0.4500,457,3050,5036,5666,0.0765,0.1598,0.2106,0.2106,0.090,,,1,7.25,7.25,118030,5507,870,111653,1044093,174119,359587,78702,807786,168599,21753,228866,
IA,16,19,2010,3050745,1577447,100834,6.0,23.61392,13.92769,4.17279,142017,41,5.4,116247400,15957,45824,17925,340304,156529,361,426,495,200,367,526,668,728,952,1163,5377,674,22,696,867,305,10.3,1,56,44,0.56,32,18,0.64,0.0765,0.3400,0.4000,0.4500,457,3050,5036,5666,0.0765,0.1598,0.2106,0.2106,0.070,,,1,7.25,7.25,47634,3236,698,43700,461147,74685,131229,35172,397648,52774,8369,84851,
KS,17,20,2010,2858190,1394958,105806,7.1,28.13040,16.50043,5.59085,127970,35,4.6,113077300,20249,37588,14588,269710,122943,352,429,497,200,367,526,668,719,955,1165,4128,674,0,674,852,394,14.3,1,49,76,0.39,9,31,0.23,0.0765,0.3400,0.4000,0.4500,457,3050,5036,5666,0.0765,0.1598,0.2106,0.2106,0.180,,,1,7.25,7.25,45841,3164,342,42335,316013,77363,151311,38444,360637,70025,11618,99594,
KY,18,21,2010,4348181,1844650,209725,10.2,26.41178,16.29563,4.10637,164820,52,5.0,144103300,213702,61278,30209,778114,353227,225,262,328,200,367,526,668,592,788,996,17819,674,0,674,852,758,17.7,1,65,35,0.65,17,20,0.46,0.0765,0.3400,0.4000,0.4500,457,3050,5036,5666,0.0765,0.1598,0.2106,0.2106,0.000,,,0,7.25,7.25,192328,11039,1231,180058,793822,139100,294467,51274,556256,178232,21850,245993,
LA,19,22,2010,4544532,1919852,166224,8.0,24.53893,15.48562,5.06736,226162,60,4.8,171098200,86508,23707,10593,825918,353495,188,240,284,200,367,526,668,555,766,952,7265,674,0,674,852,958,21.6,0,52,50,0.51,24,15,0.62,0.0765,0.3400,0.4000,0.4500,457,3050,5036,5666,0.0765,0.1598,0.2106,0.2106,0.035,,,1,7.25,7.25,174669,14037,1449,159183,1174260,155619,361586,46473,596034,200843,17170,254109,
ME,20,23,2010,1327629,638630,56552,8.1,27.49978,15.37617,6.70841,51724,3,1.0,50330500,23700,25877,11024,229731,114211,363,485,611,200,367,526,668,730,1011,1279,3010,674,10,684,859,161,12.5,1,96,54,0.64,20,15,0.57,0.0765,0.3400,0.4000,0.4500,457,3050,5036,5666,0.0765,0.1598,0.2106,0.2106,0.050,,,0,7.25,7.50,35486,2002,216,33268,334508,27153,53406,9617,110669,26523,4171,40233,
MD,21,24,2010,5788645,2838492,235334,7.7,21.91484,13.53937,5.10082,316317,86,6.0,289469900,329244,59133,24527,560848,265796,453,574,695,200,367,526,668,820,1100,1338,8172,674,0,674,852,620,10.8,1,104,36,0.74,33,14,0.70,0.0765,0.3400,0.4000,0.4500,457,3050,5036,5666,0.0765,0.1598,0.2106,0.2106,0.250,,,1,7.25,7.25,107386,14905,590,91891,907238,147848,221601,42652,433597,104123,15849,157959,
MA,22,25,2010,6566307,3190818,289265,8.3,18.96788,11.42137,3.63170,410188,24,1.5,348423300,111857,96886,49298,749121,407304,531,633,731,200,367,526,668,898,1149,1363,17499,674,114,788,932,702,10.6,1,143,16,0.90,35,5,0.88,0.0765,0.3400,0.4000,0.4500,457,3050,5036,5666,0.0765,0.1598,0.2106,0.2106,0.150,,,1,7.25,8.00,192998,47020,3630,142348,866799,125637,237182,38659,544130,106252,10231,139114,
MI,23,26,2010,9877510,4194041,604913,12.6,23.87972,15.30318,6.14965,386630,84,3.4,349577700,81317,179449,68233,1776368,865508,403,492,597,200,367,526,668,770,1018,1265,17935,674,14,688,862,1511,15.5,1,66,43,0.61,16,22,0.42,0.0765,0.3400,0.4000,0.4500,457,3050,5036,5666,0.0765,0.1598,0.2106,0.2106,0.200,,,1,7.25,7.40,253549,16515,1609,235425,1879825,257388,510883,78091,920107,250326,22551,326191,
MN,24,27,2010,5310828,2721194,217601,7.4,18.87179,10.58752,4.68278,272636,53,3.9,226273400,101241,49260,22933,430346,209816,437,532,621,200,367,526,668,804,1058,1286,11030,674,81,755,909,544,10.5,0,87,47,0.65,46,21,0.69,0.0765,0.3400,0.4000,0.4500,457,3050,5036,5666,0.0765,0.1598,0.2106,0.2106,0.330,,,1,7.25,6.15,86482,10415,684,75383,741031,138562,207950,59154,630764,95500,19773,156634,
MS,25,28,2010,2970548,1170879,135729,10.4,41.07960,24.19331,7.90848,95265,75,9.5,91795400,39420,25534,12092,575674,247947,146,170,194,200,367,526,668,513,696,862,5378,674,0,674,852,664,22.7,0,74,48,0.61,27,25,0.52,0.0765,0.3400,0.4000,0.4500,457,3050,5036,5666,0.0765,0.1598,0.2106,0.2106,0.000,,,0,7.25,7.25,125569,11016,887,113666,629458,102224,282237,36269,405577,171090,14504,204432,
MO,26,29,2010,5995974,2763535,292949,9.6,27.72430,16.88785,5.45130,257897,96,6.5,220788100,69960,85952,35723,901349,408717,234,292,342,200,367,526,668,601,818,1010,9055,674,0,674,852,885,14.8,1,74,88,0.46,11,23,0.32,0.0765,0.3400,0.4000,0.4500,457,3050,5036,5666,0.0765,0.1598,0.2106,0.2106,0.000,,,0,7.25,7.25,133843,7981,879,124983,934485,151224,310145,60522,649539,168935,22865,241681,
MT,27,30,2010,990697,463998,36527,7.3,29.22555,18.43249,5.55446,38103,14,6.2,35561800,141496,9519,3752,113570,51148,401,504,606,200,367,526,668,768,1030,1274,1406,674,0,674,852,136,14.0,1,50,50,0.50,23,27,0.46,0.0765,0.3400,0.4000,0.4500,457,3050,5036,5666,0.0765,0.1598,0.2106,0.2106,0.000,,,0,7.25,7.25,17532,1291,118,16123,107621,20742,38162,9916,87476,17638,2996,26491,
NE,28,31,2010,1829542,947360,46038,4.6,24.85827,14.39530,5.19804,91786,32,6.5,74864200,11091,19028,7876,162817,70542,293,364,435,200,367,526,668,660,890,1103,3783,674,5,679,855,182,10.2,0,,,,,,,0.0765,0.3400,0.4000,0.4500,457,3050,5036,5666,0.0765,0.1598,0.2106,0.2106,0.100,,,1,7.25,7.25,25675,1974,238,23463,226560,45267,88781,25639,246266,35887,6553,59637,
NV,29,32,2010,2702405,1174774,183804,13.5,31.28373,20.13774,5.61850,123652,78,11.2,100605800,36603,26487,10270,278105,128979,318,383,448,200,367,526,668,685,909,1116,4444,674,36,710,877,432,16.4,0,28,14,0.67,12,9,0.57,0.0765,0.3400,0.4000,0.4500,457,3050,5036,5666,0.0765,0.1598,0.2106,0.2106,0.000,,,0,7.25,7.55,41008,10068,646,30294,264997,74344,120798,19889,188017,43282,5433,55293,
NH,30,33,2010,1316762,695135,43122,5.8,17.83451,8.87744,3.48197,64171,7,2.3,61604600,19286,11034,5318,104375,49537,606,675,738,200,367,526,668,971,1179,1368,2467,674,41,715,881,85,6.6,1,225,175,0.56,14,10,0.58,0.0765,0.3400,0.4000,0.4500,457,3050,5036,5666,0.0765,0.1598,0.2106,0.2106,0.000,,,0,7.25,7.25,17915,920,156,16839,135488,17897,32253,8478,109991,13114,1908,23567,
NJ,31,34,2010,8799446,4121455,433875,9.5,22.08352,12.88967,3.11785,494978,104,4.7,452466400,435742,79370,33471,622022,303765,322,424,488,200,367,526,668,689,950,1156,9890,674,31,705,874,931,10.7,0,47,33,0.59,23,17,0.58,0.0765,0.3400,0.4000,0.4500,457,3050,5036,5666,0.0765,0.1598,0.2106,0.2106,0.200,,,1,7.25,7.25,168591,34340,837,133414,1082705,171060,342533,68563,721726,137876,16675,181227,
NM,32,35,2010,2064552,860154,75934,8.1,34.98621,18.49559,5.76004,84038,52,9.6,69250200,55511,52150,19797,356822,150796,357,447,539,200,367,526,668,724,973,1207,6688,674,0,674,852,376,18.6,1,45,25,0.64,27,15,0.64,0.0765,0.3400,0.4000,0.4500,457,3050,5036,5666,0.0765,0.1598,0.2106,0.2106,0.100,,,1,7.25,7.50,60498,8262,460,51776,552338,65472,148942,24656,227526,92828,13007,130147,
NY,33,36,2010,19399878,8769723,825639,8.6,23.32281,13.04627,4.62751,1212485,235,5.1,950069100,2132310,270903,121243,2757836,1463135,548,753,905,200,367,526,668,915,1233,1485,59865,674,87,761,913,3086,16.0,1,105,43,0.71,32,30,0.52,0.0765,0.3400,0.4000,0.4500,457,3050,5036,5666,0.0765,0.1598,0.2106,0.2106,0.300,,,1,7.25,7.25,681191,131407,2878,546906,4734108,512547,1014788,174843,1826027,433451,55907,601915,
NC,34,37,2010,9574323,4115629,501062,10.9,27.40730,17.73882,4.94505,415710,143,5.9,341627600,109311,47120,24471,1346495,611325,236,272,297,200,367,526,668,603,798,965,17174,674,0,674,852,1609,17.4,1,68,52,0.57,30,20,0.60,0.0765,0.3400,0.4000,0.4500,457,3050,5036,5666,0.0765,0.1598,0.2106,0.2106,0.050,,,1,7.25,7.25,219443,20872,1718,196853,1574943,272759,558882,90752,955800,284425,30956,370704,
ND,35,38,2010,674715,364053,14289,3.8,17.32258,7.88296,2.32414,35689,13,8.0,29344600,133625,5207,2035,59888,27232,378,477,573,200,367,526,668,745,1003,1241,767,674,0,674,852,77,12.2,0,36,58,0.38,21,26,0.45,0.0765,0.3400,0.4000,0.4500,457,3050,5036,5666,0.0765,0.1598,0.2106,0.2106,0.000,,,0,7.25,7.25,8302,781,57,7464,65783,14621,23190,6812,82443,10905,1899,20991,
OH,36,39,2010,11539336,5247050,599836,10.3,28.80820,16.76853,5.21876,496458,176,6.2,422046200,2077702,237312,103030,1607422,751299,355,434,536,200,367,526,668,722,960,1204,45964,674,0,674,852,1739,15.3,1,53,46,0.54,12,21,0.36,0.0765,0.3400,0.4000,0.4500,457,3050,5036,5666,0.0765,0.1598,0.2106,0.2106,0.000,,,0,7.25,7.30,285570,14769,1732,269069,2067622,297672,564282,94310,1136482,277880,28028,380635,
OK,37,40,2010,3759944,1648138,120146,6.8,30.35418,19.06596,6.92872,153215,81,8.2,137392800,319266,21235,9420,582492,251248,225,292,361,200,367,526,668,592,818,1029,5349,674,42,716,881,597,16.3,1,40,61,0.40,22,26,0.46,0.0765,0.3400,0.4000,0.4500,457,3050,5036,5666,0.0765,0.1598,0.2106,0.2106,0.050,,,1,7.25,7.25,93721,6639,676,86406,734388,133002,262778,45581,449171,159174,20710,218236,
OR,38,41,2010,3837491,1773076,210963,10.6,23.46034,14.98158,6.04648,163827,65,7.4,138618000,611747,69395,27095,705035,373819,453,528,648,200,367,526,668,820,1054,1305,9988,674,0,674,852,535,14.2,1,36,24,0.60,18,12,0.60,0.0765,0.3400,0.4000,0.4500,457,3050,5036,5666,0.0765,0.1598,0.2106,0.2106,0.060,,,1,7.25,8.40,74751,8616,636,65499,506831,114140,185692,31169,315223,96588,15083,141179,
PA,39,42,2010,12711160,5840887,540062,8.5,23.84481,14.66197,5.67972,599025,153,5.2,534469900,441276,125925,51883,1574783,740186,316,403,497,200,367,526,668,683,929,1165,21790,674,27,701,871,1521,12.2,1,103,97,0.52,20,30,0.40,0.0765,0.3400,0.4000,0.4500,457,3050,5036,5666,0.0765,0.1598,0.2106,0.2106,0.000,,,0,7.25,7.25,357939,25803,1967,330169,2043337,262269,488955,101047,1159844,220437,26937,319038,
RI,40,44,2010,1053959,503216,63488,11.2,27.16210,16.35596,7.19730,49472,9,3.9,45261000,15201,17470,7444,138966,72840,449,554,634,200,367,526,668,816,1080,1295,2407,674,40,714,880,142,13.6,0,69,6,0.92,33,4,0.89,0.0765,0.3400,0.4000,0.4500,457,3050,5036,5666,0.0765,0.1598,0.2106,0.2106,0.150,,,1,7.25,7.40,32759,3493,169,29097,198915,25525,45253,7214,78531,18749,1889,24587,
SC,41,45,2010,4635649,1915045,240623,11.2,30.64123,19.32293,4.62584,163844,114,9.9,150462900,216147,43377,18481,797110,359506,215,270,326,200,367,526,668,582,796,994,7421,674,0,674,852,767,17.0,0,51,73,0.41,19,27,0.41,0.0765,0.3400,0.4000,0.4500,457,3050,5036,5666,0.0765,0.1598,0.2106,0.2106,0.000,,,0,7.25,7.25,112010,9644,1271,101095,810540,134001,311555,40336,501965,194676,18426,256104,
SD,42,46,2010,816166,419355,21984,5.0,23.44727,12.80676,4.26528,37709,10,4.6,33596200,9706,6731,3231,95336,40054,496,555,613,200,367,526,668,863,1081,1281,2171,674,15,689,862,106,13.2,0,24,46,0.34,14,21,0.40,0.0765,0.3400,0.4000,0.4500,457,3050,5036,5666,0.0765,0.1598,0.2106,0.2106,0.000,,,0,7.25,7.25,13848,1455,99,12294,115899,22778,39484,10392,108050,17851,2540,26193,
TN,43,47,2010,6355311,2792063,298732,9.7,26.58803,16.41765,6.45791,255696,104,6.6,226586600,95344,157251,61343,1224023,573725,142,185,226,200,367,526,668,509,711,894,12386,674,0,674,852,1050,16.7,1,48,51,0.48,14,19,0.42,0.0765,0.3400,0.4000,0.4500,457,3050,5036,5666,0.0765,0.1598,0.2106,0.2106,0.000,,,0,7.25,7.25,174503,13633,1439,159431,1328177,170588,414521,58139,699875,226499,23404,293349,
TX,44,48,2010,25241971,11244632,997338,8.1,34.08606,21.15311,6.38022,1237304,843,11.7,966149700,657160,115349,50618,3551581,1407083,225,260,312,200,367,526,668,592,786,980,34407,674,0,674,852,4635,18.4,0,73,77,0.49,12,19,0.39,0.0765,0.3400,0.4000,0.4500,457,3050,5036,5666,0.0765,0.1598,0.2106,0.2106,0.000,,,0,7.25,7.25,616563,106895,6727,502941,3758802,1036220,2162607,302188,3352757,1256384,133062,1635423,
UT,45,49,2010,2775332,1249814,106283,7.8,30.56158,15.87341,5.37831,118098,65,7.3,89242400,178754,18645,6652,247405,98805,399,498,583,200,367,526,668,766,1024,1251,2831,674,0,674,852,283,10.0,0,22,53,0.29,8,21,0.28,0.0765,0.3400,0.4000,0.4500,457,3050,5036,5666,0.0765,0.1598,0.2106,0.2106,0.000,,,0,7.25,7.25,28079,2518,240,25321,249941,75389,123003,39576,345867,48153,8321,69817,
VT,46,50,2010,625879,337488,21914,6.1,21.74339,12.99821,4.37229,27113,3,2.4,25939100,7903,6345,2893,85538,42434,536,640,726,200,367,526,668,903,1154,1360,1297,674,52,726,888,67,10.8,0,95,48,0.66,23,7,0.77,0.0765,0.3400,0.4000,0.4500,457,3050,5036,5666,0.0765,0.1598,0.2106,0.2106,0.320,,,1,7.25,8.06,15289,1033,69,14187,162634,16804,21904,4797,55144,13433,2516,22231,
VA,47,51,2010,8023699,3860386,297272,7.1,15.78880,8.99532,2.37899,423564,103,5.2,365041400,143893,79499,35202,786157,364825,254,320,382,200,367,526,668,621,846,1050,11818,674,0,674,852,832,10.7,0,39,59,0.40,22,18,0.55,0.0765,0.3400,0.4000,0.4500,457,3050,5036,5666,0.0765,0.1598,0.2106,0.2106,0.200,,,0,7.25,7.25,148305,19009,1168,128128,881984,160400,326235,68946,757862,164825,23175,245058,
WA,48,53,2010,6742830,3160544,350782,10.0,29.26947,15.99742,6.44516,365800,71,4.1,287760300,2038867,158938,65583,956004,474701,453,562,661,200,367,526,668,820,1088,1314,24026,674,46,720,884,774,11.5,1,61,37,0.62,31,18,0.63,0.0765,0.3400,0.4000,0.4500,457,3050,5036,5666,0.0765,0.1598,0.2106,0.2106,0.000,,,0,7.25,8.55,137447,16245,875,120327,1112833,194352,289758,60266,543930,129130,22702,176918,
WV,49,54,2010,1854239,740910,70215,8.7,26.52699,17.08187,5.34071,65305,11,2.5,59927700,174485,21808,9737,341156,154886,301,340,384,200,367,526,668,668,866,1052,4789,674,0,674,852,304,16.9,1,71,29,0.71,26,8,0.76,0.0765,0.3400,0.4000,0.4500,457,3050,5036,5666,0.0765,0.1598,0.2106,0.2106,0.000,,,0,7.25,7.25,80335,3136,514,76685,349919,51798,102702,21118,212390,59640,9498,95984,
WI,50,55,2010,5690475,2814393,267119,8.7,20.26052,10.47028,3.92403,254615,34,2.4,221909700,43882,49520,21687,715213,317015,628,628,628,200,367,526,668,987,1146,1291,12204,674,84,758,911,553,9.9,1,52,46,0.53,18,15,0.55,0.0765,0.3400,0.4000,0.4500,457,3050,5036,5666,0.0765,0.1598,0.2106,0.2106,0.040,0.140,0.430,1,7.25,7.25,107476,7228,853,99395,1094774,126535,238026,49857,602515,102625,13998,151535,
WY,51,56,2010,564487,283744,19553,6.4,24.57263,13.55103,4.70093,37443,7,5.1,25804900,156272,667,327,34799,14473,528,561,561,200,367,526,668,895,1087,1229,210,674,25,699,869,51,9.6,1,19,41,0.32,7,23,0.23,0.0765,0.3400,0.4000,0.4500,457,3050,5036,5666,0.0765,0.1598,0.2106,0.2106,0.000,,,0,7.25,5.15,6369,331,40,5998,67102,13687,19409,6942,56540,8800,2007,15226,
AL,1,1,2011,4799069,1990413,212257,9.6,25.72786,16.60997,6.27005,181930,60,4.9,167942800,87523,56495,23234,920365,404793,190,215,245,200,367,526,668,557,741,913,8559,674,0,674,852,732,15.4,0,39,65,0.38,12,22,0.35,0.0765,0.3400,0.4000,0.4500,464,3094,5112,5751,0.0765,0.1598,0.2106,0.2106,0.000,,,0,7.25,7.25,174917,11618,814,162485,917158,143768,319386,36782,571291,162164,12215,216714,
AK,2,2,2011,722128,338161,27752,7.6,21.11290,13.00366,3.44441,56334,11,5.3,37827800,18929,10045,3691,86044,35072,821,923,1025,239,438,627,797,1259,1550,1807,1012,674,362,1036,1257,83,11.7,0,16,24,0.40,10,10,0.50,0.0765,0.3400,0.4000,0.4500,464,3094,5112,5751,0.0765,0.1598,0.2106,0.2106,0.000,,,0,7.25,7.75,12675,1858,86,10731,120144,26295,30431,5077,54410,12867,1684,19974,
AZ,3,4,2011,6472643,2748470,288547,9.5,31.51427,20.69559,7.68141,257881,161,9.5,226365300,248474,41395,18335,1067617,465375,220,278,245,200,367,526,668,587,804,913,7642,674,0,674,852,1128,17.2,0,20,40,0.33,9,21,0.30,0.0765,0.3400,0.4000,0.4500,464,3094,5112,5751,0.0765,0.1598,0.2106,0.2106,0.000,,,0,7.25,7.35,112757,14703,907,97147,1049061,199343,401110,48649,661437,187359,17594,261119,
AR,4,5,2011,2940667,1249514,113168,8.3,37.48890,22.43258,7.57166,105108,39,5.4,99571500,43356,18437,8132,486451,210670,162,204,247,200,367,526,668,529,730,915,3023,674,0,674,852,545,18.7,1,54,44,0.55,20,15,0.57,0.0765,0.3400,0.4000,0.4500,464,3094,5112,5751,0.0765,0.1598,0.2106,0.2106,0.000,,,0,7.25,6.25,109881,6503,675,102703,662944,93461,197645,35219,352818,111013,14376,158053,
CA,5,6,2011,37638369,16258133,2156967,11.7,31.61105,19.07340,6.10045,2049337,770,7.8,1737940000,2011897,1474923,602027,3672980,1612825,577,714,852,200,367,526,668,944,1206,1448,263316,674,171,845,972,6352,16.9,1,52,27,0.66,25,15,0.63,0.0765,0.3400,0.4000,0.4500,464,3094,5112,5751,0.0765,0.1598,0.2106,0.2106,0.000,,,0,7.25,8.00,1286271,358627,19324,908320,9148104,1466564,2100539,329184,3281698,946461,118162,1288211,
CO,6,8,2011,5121108,2507265,228814,8.4,23.85098,14.16011,4.85372,264310,101,7.7,223153200,437008,30668,11936,453103,200064,364,462,561,200,367,526,668,731,988,1229,4741,674,25,699,869,661,13.2,1,32,33,0.49,20,15,0.57,0.0765,0.3400,0.4000,0.4500,464,3094,5112,5751,0.0765,0.1598,0.2106,0.2106,0.000,,,0,7.25,7.36,68725,9084,524,59117,608432,104131,192658,35438,399393,81642,13235,126776,
CT,7,9,2011,3588283,1745967,168808,8.8,22.86524,13.89484,4.45079,236816,20,2.3,228929400,71777,32427,16466,378677,205772,470,576,678,200,367,526,668,837,1102,1326,7001,674,168,842,969,356,10.1,1,98,52,0.65,22,14,0.61,0.0765,0.3400,0.4000,0.4500,464,3094,5112,5751,0.0765,0.1598,0.2106,0.2106,0.300,,,1,7.25,8.25,59731,6578,430,52723,648869,56081,122414,21794,301545,57189,6119,81660,
DE,8,10,2011,907381,410086,33260,7.5,20.75658,13.50218,4.35011,60822,10,4.4,39825600,20509,15696,5522,134927,61877,270,338,407,200,367,526,668,637,864,1075,3043,674,0,674,852,123,13.7,1,26,15,0.63,14,7,0.67,0.0765,0.3400,0.4000,0.4500,464,3094,5112,5751,0.0765,0.1598,0.2106,0.2106,0.200,,,0,7.25,7.25,16155,1255,108,14792,200217,22553,46428,5052,94722,23930,1978,36699,
DC,9,11,2011,619800,315171,35607,10.2,22.25019,14.50809,5.97125,109999,3,2.9,41786300,26583,24374,8787,134845,76075,336,428,523,200,367,526,668,703,954,1191,2201,674,0,674,852,123,19.9,.,,,,11,0,1.00,0.0765,0.3400,0.4000,0.4500,464,3094,5112,5751,0.0765,0.1598,0.2106,0.2106,0.400,,,1,7.25,8.25,25748,1912,133,23703,207718,16537,31684,3420,46699,20609,2167,29830,
FL,10,12,2011,19053237,8371638,928904,10.0,26.07650,16.35412,5.95603,746535,358,8.6,764633700,450014,98854,55100,3074671,1659063,241,303,364,200,367,526,668,608,829,1032,39524,674,0,674,852,2822,14.9,0,38,81,0.32,12,28,0.30,0.0765,0.3400,0.4000,0.4500,464,3094,5112,5751,0.0765,0.1598,0.2106,0.2106,0.000,,,0,7.25,7.25,505807,112952,2802,390053,3061078,492071,1042430,134528,1648792,489014,47879,684462,
GA,11,13,2011,9802431,4263305,485449,10.2,31.02522,19.39648,5.81993,427827,180,6.8,358538600,159764,37201,19876,1780039,789785,235,280,330,200,367,526,668,602,806,998,16188,674,0,674,852,1783,18.4,0,63,116,0.35,20,36,0.36,0.0765,0.3400,0.4000,0.4500,464,3094,5112,5751,0.0765,0.1598,0.2106,0.2106,0.000,,,0,7.25,5.15,238751,24765,1889,212097,1511276,469456,734379,89408,1301069,424908,40504,600642,
HI,12,15,2011,1379329,615319,44934,6.8,27.21325,19.16333,8.36677,70630,9,2.6,60044600,28902,27006,9341,159644,79624,486,610,736,314,575,824,1046,1061,1434,1782,1795,674,0,674,988,162,12.1,1,43,8,0.84,24,1,0.96,0.0765,0.3400,0.4000,0.4500,464,3094,5112,5751,0.0765,0.1598,0.2106,0.2106,0.000,,,0,7.25,7.25,25330,5975,191,19164,261031,36753,50143,12570,115694,21163,3564,35847,
ID,13,16,2011,1583910,701466,63712,8.3,35.59267,18.22409,5.35326,56516,42,9.4,53082600,147650,2850,1866,228629,96372,309,309,309,200,367,526,668,676,835,977,1655,674,53,727,889,248,15.7,0,13,57,0.19,7,28,0.20,0.0765,0.3400,0.4000,0.4500,464,3094,5112,5751,0.0765,0.1598,0.2106,0.2106,0.000,,,0,7.25,7.25,28202,1870,210,26122,224962,44020,81137,18688,170852,45056,8273,74902,
IL,14,17,2011,12867454,5948366,638527,9.7,25.53275,15.37292,4.66506,687951,128,3.9,567967500,143647,83012,28471,1793886,859785,318,432,474,200,367,526,668,685,958,1142,14634,674,0,674,852,1807,14.2,1,64,54,0.54,34,24,0.59,0.0765,0.3400,0.4000,0.4500,464,3094,5112,5751,0.0765,0.1598,0.2106,0.2106,0.050,,,1,7.25,8.25,276332,30432,2368,243532,2689332,295409,654539,74631,1162998,273365,19371,357551,
IN,15,18,2011,6516528,2891945,290046,9.1,25.36307,14.76634,4.80364,288943,58,3.5,245346400,54793,66304,27877,877560,381217,230,288,347,200,367,526,668,597,814,1015,9448,674,0,674,852,989,15.6,0,40,60,0.40,13,37,0.26,0.0765,0.3400,0.4000,0.4500,464,3094,5112,5751,0.0765,0.1598,0.2106,0.2106,0.060,,,1,7.25,7.25,122084,5470,874,115740,1005163,167875,347496,65609,807689,165585,19051,240077,
IA,16,19,2011,3066336,1570177,92199,5.5,23.84353,12.61450,4.62843,148102,25,3.3,125560500,17899,44553,17504,373856,173186,361,426,495,200,367,526,668,728,952,1163,5615,674,22,696,867,315,10.4,0,40,60,0.40,26,24,0.52,0.0765,0.3400,0.4000,0.4500,464,3094,5112,5751,0.0765,0.1598,0.2106,0.2106,0.070,,,1,7.25,7.25,48903,3209,711,44983,496228,70931,128696,31160,396894,52475,7634,88514,
KS,17,20,2011,2869225,1394082,97005,6.5,26.11533,16.36576,4.59799,135529,44,5.9,122562000,21146,38451,14864,298642,138910,352,429,497,200,367,526,668,719,955,1165,4053,674,0,674,852,402,14.3,0,33,92,0.26,8,32,0.20,0.0765,0.3400,0.4000,0.4500,464,3094,5112,5751,0.0765,0.1598,0.2106,0.2106,0.180,,,1,7.25,7.25,47372,3111,331,43930,338059,75212,146667,35424,362152,68203,10693,102502,
KY,18,21,2011,4369821,1862928,193482,9.4,29.26627,17.22120,7.49824,170005,42,3.9,151299900,225928,63073,30920,823472,381740,225,262,328,200,367,526,668,592,788,996,18171,674,0,674,852,689,16.0,1,58,42,0.58,15,22,0.41,0.0765,0.3400,0.4000,0.4500,464,3094,5112,5751,0.0765,0.1598,0.2106,0.2106,0.000,,,0,7.25,7.25,193023,10605,1203,181215,810874,141647,279351,41647,553819,171150,18043,252111,
LA,19,22,2011,4575625,1911021,162196,7.8,33.22606,20.07200,4.10987,229215,90,7.7,177105100,110163,23983,10549,884519,388516,188,240,284,200,367,526,668,555,766,952,6872,674,0,674,852,947,21.1,0,47,52,0.47,19,20,0.49,0.0765,0.3400,0.4000,0.4500,464,3094,5112,5751,0.0765,0.1598,0.2106,0.2106,0.035,,,1,7.25,7.25,178727,13481,1433,163813,1200893,150051,344609,37689,595046,192993,14619,261009,
ME,20,23,2011,1328284,644085,55196,7.9,28.55011,15.66826,7.37421,51867,10,3.4,52424400,24896,26306,11240,247943,126184,163,485,611,200,367,526,668,530,1011,1279,2579,674,10,684,859,178,13.4,0,72,78,0.48,14,20,0.41,0.0765,0.3400,0.4000,0.4500,464,3094,5112,5751,0.0765,0.1598,0.2106,0.2106,0.050,,,0,7.25,7.50,36316,1965,217,34134,348367,26267,51165,8118,109302,25938,3574,41319,
MD,21,24,2011,5839419,2872084,224477,7.2,23.98180,14.37254,6.24344,327727,79,5.5,306179600,342263,61579,25272,667738,328328,453,574,695,200,367,526,668,820,1100,1338,8105,674,0,674,852,537,9.3,1,98,43,0.70,35,12,0.74,0.0765,0.3400,0.4000,0.4500,464,3094,5112,5751,0.0765,0.1598,0.2106,0.2106,0.250,,,1,7.25,7.25,111275,14925,605,95745,983560,147421,219146,37500,435111,106429,14578,169116,
MA,22,25,2011,6613583,3217754,251554,7.3,19.04209,11.96259,4.00545,426013,25,1.7,365742700,120543,99289,50492,813631,447066,531,633,731,200,367,526,668,898,1149,1363,17369,674,114,788,932,688,10.6,1,128,31,0.81,36,4,0.90,0.0765,0.3400,0.4000,0.4500,464,3094,5112,5751,0.0765,0.1598,0.2106,0.2106,0.150,,,1,7.25,8.00,197503,47926,3616,145961,1248150,119099,228649,33223,542347,102143,9489,143363,
MI,23,26,2011,9882412,4198349,486815,10.4,22.33432,12.91086,4.53106,401069,83,3.4,370676100,77155,172972,66208,1928478,967566,403,492,597,200,367,526,668,770,1018,1265,17267,674,14,688,862,1449,15.0,0,47,63,0.43,12,26,0.32,0.0765,0.3400,0.4000,0.4500,464,3094,5112,5751,0.0765,0.1598,0.2106,0.2106,0.200,,,1,7.25,7.40,264699,16684,1590,246425,1939203,252705,491982,59926,910341,249917,18918,351514,
MN,24,27,2011,5346143,2755264,191015,6.5,20.91134,11.60702,3.81781,285408,69,5.2,242440300,86761,49203,23057,505919,245585,437,532,621,200,367,526,668,804,1058,1286,10958,674,81,755,909,528,10.0,1,62,72,0.46,30,37,0.45,0.0765,0.3400,0.4000,0.4500,464,3094,5112,5751,0.0765,0.1598,0.2106,0.2106,0.330,,,1,7.25,6.15,88731,10344,684,77703,857273,131255,199097,55210,631230,96586,19584,169939,
MS,25,28,2011,2978731,1208747,134061,10.0,36.16042,19.28603,6.07292,96408,57,7.0,95795200,41563,24865,11756,622596,273029,146,170,194,200,367,526,668,513,696,862,5103,674,0,674,852,510,17.4,0,69,53,0.57,25,27,0.48,0.0765,0.3400,0.4000,0.4500,464,3094,5112,5751,0.0765,0.1598,0.2106,0.2106,0.000,,,0,7.25,7.25,126307,10419,879,115009,648832,97277,266028,29053,400490,160505,11706,203825,
MO,26,29,2011,6010275,2789224,258562,8.5,25.68039,15.31137,5.88211,259645,127,8.6,230429700,69925,86730,36078,943088,433899,234,292,342,200,367,526,668,601,818,1010,8701,674,0,674,852,910,15.4,1,57,106,0.35,7,26,0.21,0.0765,0.3400,0.4000,0.4500,464,3094,5112,5751,0.0765,0.1598,0.2106,0.2106,0.000,,,0,7.25,7.25,137169,7678,870,128621,986494,145767,297650,51237,646161,160510,19374,242192,
MT,27,30,2011,997316,466403,34822,6.9,25.25968,16.35201,5.38681,40616,18,8.1,38077700,133418,8706,3490,124243,57133,401,504,606,200,367,526,668,768,1030,1274,1392,674,0,674,852,163,16.5,1,32,68,0.32,22,28,0.44,0.0765,0.3400,0.4000,0.4500,464,3094,5112,5751,0.0765,0.1598,0.2106,0.2106,0.000,,,0,7.25,7.35,18167,1267,119,16781,113578,20164,36970,8849,87622,17303,2737,27569,
NE,28,31,2011,1840672,959059,44197,4.4,25.81061,14.89100,4.01493,99954,16,3.4,83613600,11504,15554,6605,174204,76183,293,364,435,200,367,526,668,660,890,1103,3744,674,5,679,855,187,10.2,0,,,,,,,0.0765,0.3400,0.4000,0.4500,464,3094,5112,5751,0.0765,0.1598,0.2106,0.2106,0.100,,,1,7.25,7.25,26530,2025,244,24261,233609,43563,88513,22149,250190,36094,6144,63594,
NV,29,32,2011,2712730,1194264,178851,13.0,28.37287,18.33531,7.52309,126676,103,15.0,104579400,38269,27662,10771,332959,156319,318,383,448,200,367,526,668,685,909,1116,4819,674,36,710,877,414,15.5,0,26,16,0.62,11,10,0.52,0.0765,0.3400,0.4000,0.4500,464,3094,5112,5751,0.0765,0.1598,0.2106,0.2106,0.000,,,0,7.25,8.25,43713,10557,647,32509,294202,75669,132971,19893,212555,47265,5718,63732,
NH,30,33,2011,1320202,696532,39770,5.4,15.39804,9.36187,3.31927,65450,8,2.8,64589700,20328,10604,5184,113407,54134,606,675,738,200,367,526,668,971,1179,1368,2524,674,27,701,871,99,7.6,1,102,296,0.26,5,19,0.21,0.0765,0.3400,0.4000,0.4500,464,3094,5112,5751,0.0765,0.1598,0.2106,0.2106,0.000,,,0,7.25,7.25,18693,941,153,17599,139011,17048,31798,7033,107790,13022,1637,24511,
NJ,31,34,2011,8828117,4138464,426808,9.3,21.31304,15.34580,5.64486,498959,132,6.1,474015500,427641,83753,34896,759136,370887,322,424,488,200,367,526,668,689,950,1156,9508,674,31,705,874,988,11.4,0,47,33,0.59,24,16,0.60,0.0765,0.3400,0.4000,0.4500,464,3094,5112,5751,0.0765,0.1598,0.2106,0.2106,0.200,,,1,7.25,7.25,173143,34504,825,137814,1180131,168467,339662,55626,727544,135847,14075,189692,
NM,32,35,2011,2080450,860305,70051,7.5,31.17645,21.29225,7.15979,86683,42,7.9,72820300,58584,52395,20388,414275,179007,304,380,459,200,367,526,668,671,906,1127,7089,674,0,674,852,451,22.2,0,37,33,0.53,27,15,0.64,0.0765,0.3400,0.4000,0.4500,464,3094,5112,5751,0.0765,0.1598,0.2106,0.2106,0.100,,,1,7.25,7.50,61838,8550,440,52848,557389,64303,143032,21415,230861,92671,12198,138835,
NY,33,36,2011,19499241,8728057,789304,8.3,25.48279,15.49669,5.09941,1237278,186,4.1,1004130300,2230785,278139,123203,2999991,1600690,573,788,947,200,367,526,668,940,1258,1514,59547,674,87,761,913,3085,16.0,1,98,51,0.66,30,32,0.48,0.0765,0.3400,0.4000,0.4500,464,3094,5112,5751,0.0765,0.1598,0.2106,0.2106,0.300,,,1,7.25,7.25,690258,130469,2904,556885,4920899,512603,974324,151186,1823476,416686,49502,614752,
NC,34,37,2011,9657592,4157543,475529,10.3,30.19361,19.37507,5.65645,426569,149,6.1,355052300,114553,43923,22893,1590069,734482,236,272,297,200,367,526,668,603,798,965,16308,674,0,674,852,1459,15.4,1,51,67,0.43,19,31,0.38,0.0765,0.3400,0.4000,0.4500,464,3094,5112,5751,0.0765,0.1598,0.2106,0.2106,0.050,,,1,7.25,7.25,224780,20182,1751,202847,1615977,266478,544299,68844,948653,279286,24163,382095,
ND,35,38,2011,685225,375153,13481,3.5,18.33420,10.65061,3.61392,41438,5,3.2,32882200,161372,4642,1828,60902,27893,328,427,523,200,367,526,668,695,953,1191,694,674,0,674,852,67,9.9,0,25,69,0.27,12,35,0.26,0.0765,0.3400,0.4000,0.4500,464,3094,5112,5751,0.0765,0.1598,0.2106,0.2106,0.000,,,0,7.25,7.25,8361,734,56,7571,67139,14068,22373,5813,83484,10654,1708,21954,
OH,36,39,2011,11544663,5261238,510231,8.8,26.25445,15.03325,6.16913,523355,149,5.3,451011100,1689590,225452,99471,1779237,847377,355,434,536,200,367,526,668,722,960,1204,46532,674,0,674,852,1708,15.1,0,40,59,0.40,10,23,0.30,0.0765,0.3400,0.4000,0.4500,464,3094,5112,5751,0.0765,0.1598,0.2106,0.2106,0.000,,,0,7.25,7.40,294920,14694,1767,278459,2146353,281306,546117,76556,1133772,272819,23786,396715,
OK,37,40,2011,3788379,1668418,104248,5.9,25.89883,12.44868,6.54321,165091,41,4.2,147889500,318795,20217,8956,614704,272189,225,292,361,200,367,526,668,592,818,1029,5196,674,42,716,881,522,13.9,0,31,70,0.31,16,32,0.33,0.0765,0.3400,0.4000,0.4500,464,3094,5112,5751,0.0765,0.1598,0.2106,0.2106,0.050,,,1,7.25,7.25,95510,6494,654,88362,752596,126944,252502,40752,452426,153343,18904,224431,
OR,38,41,2011,3872036,1804320,189569,9.5,28.24091,14.26775,5.70895,170621,33,3.6,146432200,493872,80343,30617,772756,419693,432,506,621,200,367,526,668,799,1032,1286,8073,674,0,674,852,553,14.4,1,30,30,0.50,16,14,0.53,0.0765,0.3400,0.4000,0.4500,464,3094,5112,5751,0.0765,0.1598,0.2106,0.2106,0.060,,,1,7.25,8.50,77980,8796,622,68562,595435,111534,180309,24355,312828,91891,11945,139962,
PA,39,42,2011,12745815,5888745,506761,7.9,23.58779,13.58238,4.49044,618555,153,5.4,563434900,412464,145977,59927,1718211,815765,316,403,497,200,367,526,668,683,929,1165,21987,674,22,696,867,1604,12.6,0,91,112,0.45,19,30,0.39,0.0765,0.3400,0.4000,0.4500,464,3094,5112,5751,0.0765,0.1598,0.2106,0.2106,0.000,,,0,7.25,7.25,367274,25258,1957,340059,2146289,257908,473347,81269,1153645,214279,22721,329570,
RI,40,44,2011,1053649,498248,61808,11.0,28.41145,17.36282,4.28125,50170,10,4.4,47067000,15991,15473,6547,160201,86368,449,554,514,200,367,526,668,816,1080,1182,2158,674,40,714,880,139,13.4,0,65,10,0.87,29,8,0.78,0.0765,0.3400,0.4000,0.4500,464,3094,5112,5751,0.0765,0.1598,0.2106,0.2106,0.150,,,1,7.25,7.40,32114,3187,162,28765,203394,24515,43463,5862,79006,19927,1773,27664,
SC,41,45,2011,4671994,1945900,229623,10.6,26.16382,17.27468,5.21648,170078,105,9.4,159187400,212766,41994,17816,844405,390936,172,216,261,200,367,526,668,539,742,929,7098,674,0,674,852,874,19.0,0,48,76,0.39,19,26,0.42,0.0765,0.3400,0.4000,0.4500,464,3094,5112,5751,0.0765,0.1598,0.2106,0.2106,0.000,,,0,7.25,7.25,114819,9298,1252,104269,871765,130647,297998,31732,497669,188353,14854,261877,
SD,42,46,2011,823579,420054,20880,4.7,26.70403,14.23830,5.02842,41690,10,4.5,36741900,10098,6814,3256,101817,43585,496,555,613,200,367,526,668,863,1081,1280,2180,674,15,689,862,117,14.5,0,19,50,0.28,5,30,0.14,0.0765,0.3400,0.4000,0.4500,464,3094,5112,5751,0.0765,0.1598,0.2106,0.2106,0.000,,,0,7.25,7.25,14154,1476,93,12585,117525,22583,38021,9236,108289,17382,2328,27253,
TN,43,47,2011,6399291,2844662,280645,9.0,28.23690,16.65722,6.88783,267488,73,4.7,240717700,100345,155281,61322,1275790,611502,142,185,226,200,367,526,668,509,711,894,12747,674,0,674,852,1030,16.3,0,34,64,0.35,13,20,0.39,0.0765,0.3400,0.4000,0.4500,464,3094,5112,5751,0.0765,0.1598,0.2106,0.2106,0.000,,,0,7.25,7.25,179350,13197,1475,164678,1339923,161578,398285,46772,697665,224215,19900,310063,
TX,44,48,2011,25645629,11535095,969403,7.8,31.99873,20.36234,5.92265,1331138,798,10.9,1057757500,682446,112777,49637,3977273,1608476,225,260,312,200,367,526,668,592,786,980,34126,674,0,674,852,4458,17.4,0,49,101,0.33,12,19,0.39,0.0765,0.3400,0.4000,0.4500,464,3094,5112,5751,0.0765,0.1598,0.2106,0.2106,0.000,,,0,7.25,7.25,639869,106981,6695,526193,4024338,993498,2097778,248944,3401746,1256930,116824,1744587,
UT,45,49,2011,2814384,1259337,91107,6.7,28.59991,19.01567,6.41992,124690,64,6.8,96245300,180783,15167,5869,283971,111799,399,498,583,200,367,526,668,766,1024,1251,2800,674,0,674,852,309,11.0,0,17,58,0.23,7,22,0.24,0.0765,0.3400,0.4000,0.4500,464,3094,5112,5751,0.0765,0.1598,0.2106,0.2106,0.000,,,0,7.25,7.25,29412,2599,236,26577,273541,73049,128706,33825,350494,48261,6907,73494,
VT,46,50,2011,627049,338463,19645,5.5,24.61578,13.46412,4.37859,28135,2,1.3,27455200,8271,6278,2869,92038,46239,536,640,726,200,367,526,668,903,1154,1360,1339,674,52,726,888,71,11.6,1,94,48,0.66,21,8,0.72,0.0765,0.3400,0.4000,0.4500,464,3094,5112,5751,0.0765,0.1598,0.2106,0.2106,0.320,,,1,7.25,8.15,15684,1051,73,14560,165213,15913,21472,4043,54919,13195,2191,22633,
VA,47,51,2011,8101155,3934326,277476,6.6,15.66004,9.30131,3.26787,433010,78,3.9,387003900,151204,75077,33847,858782,406811,254,320,382,200,367,526,668,621,846,1050,12209,674,0,674,852,907,11.4,0,39,58,0.40,22,18,0.55,0.0765,0.3400,0.4000,0.4500,464,3094,5112,5751,0.0765,0.1598,0.2106,0.2106,0.200,,,0,7.25,7.25,150804,18844,1147,130813,910595,156085,322413,56496,756503,164639,19280,253730,
WA,48,53,2011,6826627,3140190,321238,9.3,28.99564,15.98768,5.56417,379796,111,6.4,304986900,1976248,148777,62710,1054693,543533,385,478,562,200,367,526,668,752,1004,1230,24089,674,46,720,884,854,12.5,1,56,42,0.57,27,22,0.55,0.0765,0.3400,0.4000,0.4500,464,3094,5112,5751,0.0765,0.1598,0.2106,0.2106,0.000,,,0,7.25,8.67,142848,16498,884,125466,1146112,192565,281812,53386,545986,124469,19738,179861,
WV,49,54,2011,1856301,741972,65049,8.1,29.07483,15.48878,4.09868,68447,23,5.8,63349200,160151,23642,10376,345955,160721,301,340,384,200,367,526,668,668,866,1052,4872,674,0,674,852,318,17.5,1,65,35,0.65,28,6,0.82,0.0765,0.3400,0.4000,0.4500,464,3094,5112,5751,0.0765,0.1598,0.2106,0.2106,0.000,,,0,7.25,7.25,80734,2982,497,77255,354604,49117,94059,15220,205872,55914,7333,95849,
WI,50,55,2011,5705288,2840996,238763,7.8,22.10095,12.93992,4.67090,264166,47,3.4,234910000,47584,61745,25806,801073,370372,628,628,628,200,367,526,668,987,1146,1291,12244,674,84,758,911,743,13.1,0,38,60,0.39,14,19,0.42,0.0765,0.3400,0.4000,0.4500,464,3094,5112,5751,0.0765,0.1598,0.2106,0.2106,0.040,0.110,0.340,1,7.25,7.25,110881,7099,866,102916,1118449,121516,242248,37764,606117,108128,11342,166478,
WY,51,56,2011,567299,289019,17796,5.8,26.56524,11.83551,4.36603,39415,7,4.6,28356600,156870,617,314,36031,15341,543,577,577,200,367,526,668,910,1103,1245,220,674,25,699,869,60,10.7,0,10,50,0.17,4,26,0.13,0.0765,0.3400,0.4000,0.4500,464,3094,5112,5751,0.0765,0.1598,0.2106,0.2106,0.000,,,0,7.25,5.15,6534,337,33,6164,67821,12997,18952,6293,57420,8437,1829,15747,
AL,1,1,2012,4815588,2003290,173047,8.0,29.72847,17.89144,5.75132,186554,58,4.9,172804100,89349,52072,21585,910244,411745,190,215,245,200,367,526,668,557,741,913,8085,698,,,,777,16.2,0,40,65,0.38,12,22,0.35,0.0765,0.3400,0.4000,0.4500,475,3169,5236,5891,0.0765,0.1598,0.2106,0.2106,0.000,,,0,7.25,7.25,177062,10894,798,165370,937851,141900,322605,38984,562959,169140,13398,224490,
AK,2,2,2012,730443,339474,26045,7.1,18.63730,10.54522,3.76205,57718,13,6.4,39169200,19419,10217,3774,91298,37952,821,923,1025,239,438,627,797,1195,1455,1699,1001,698,,,,70,10.0,0,16,24,0.40,10,10,0.50,0.0765,0.3400,0.4000,0.4500,475,3169,5236,5891,0.0765,0.1598,0.2106,0.2106,0.000,,,0,7.25,7.75,12901,1847,85,10969,122005,24969,31017,4957,53920,13563,1716,20759,
AZ,3,4,2012,6554978,2776349,252529,8.3,28.12342,16.47931,6.21234,268068,175,10.2,236846100,227701,39828,17429,1123974,484906,220,277,334,200,367,526,668,587,803,1002,6693,698,,,,1260,19.0,0,20,40,0.33,9,21,0.30,0.0765,0.3400,0.4000,0.4500,475,3169,5236,5891,0.0765,0.1598,0.2106,0.2106,0.000,,,0,7.25,7.65,115904,14970,941,99993,1356605,193214,412102,51059,662564,197904,18930,274857,
AR,4,5,2012,2952164,1241127,101626,7.6,35.10123,21.66834,8.11646,107719,50,6.7,106984700,51579,17225,7602,502125,220095,162,204,247,200,367,526,668,529,730,915,2823,698,,,,584,20.1,1,54,46,0.54,20,15,0.57,0.0765,0.3400,0.4000,0.4500,475,3169,5236,5891,0.0765,0.1598,0.2106,0.2106,0.000,,,0,7.25,6.25,112349,6210,662,105477,657256,94293,199418,35217,348909,114585,14907,162018,
CA,5,6,2012,37948800,16602672,1921121,10.4,27.89361,16.48582,5.79252,2144090,653,6.7,1852397500,2010342,1397103,577357,3964221,1779241,577,714,849,200,367,526,668,944,1208,1447,264754,698,,,,6015,15.9,1,52,28,0.65,25,15,0.63,0.0765,0.3400,0.4000,0.4500,475,3169,5236,5891,0.0765,0.1598,0.2106,0.2106,0.000,,,0,7.25,8.00,1296033,358035,19128,918870,9532021,1472468,2148390,347538,3333409,1017873,133018,1396431,
CO,6,8,2012,5192647,2539941,217281,7.9,25.35906,15.79645,6.63973,273594,53,4.0,237141500,458107,35883,13880,491630,220707,364,462,561,200,367,526,668,731,988,1229,4514,698,,,,613,11.9,1,32,33,0.49,20,15,0.57,0.0765,0.3400,0.4000,0.4500,475,3169,5236,5891,0.0765,0.1598,0.2106,0.2106,0.000,,,0,7.25,7.64,70603,9086,521,60996,649893,103769,195455,35916,389955,92562,14769,142956,
CT,7,9,2012,3594547,1729838,157581,8.3,25.03312,16.48793,4.42079,244114,17,2.0,233337800,71025,30049,15352,403466,219817,470,576,677,200,367,526,668,837,1102,1326,6596,698,,,,363,10.3,1,99,52,0.66,22,14,0.61,0.0765,0.3400,0.4000,0.4500,475,3169,5236,5891,0.0765,0.1598,0.2106,0.2106,0.300,,,1,7.25,8.25,61348,6668,426,54254,702651,56584,124230,22251,296699,60568,6442,86529,
DE,8,10,2012,915179,413457,32115,7.2,23.48605,12.21708,5.14022,61867,15,6.6,40338400,20869,15090,5319,148257,69564,270,338,407,200,367,526,668,637,864,1075,3159,698,,,,121,13.5,1,26,15,0.63,14,7,0.67,0.0765,0.3400,0.4000,0.4500,475,3169,5236,5891,0.0765,0.1598,0.2106,0.2106,0.200,,,0,7.25,7.25,16445,1247,105,15093,210380,22214,49133,5206,96040,25908,2046,38624,
DC,9,11,2012,634924,331984,33005,9.0,21.60344,13.85732,4.70147,112610,3,2.2,43426900,26986,15193,6115,141147,79729,336,428,523,200,367,526,668,703,954,1191,2234,698,,,,116,18.4,.,,,,11,0,1.00,0.0765,0.3400,0.4000,0.4500,475,3169,5236,5891,0.0765,0.1598,0.2106,0.2106,0.400,,,1,7.25,8.25,26718,1913,136,24669,216729,16474,33585,3232,47735,23491,2182,33281,
FL,10,12,2012,19297822,8588669,794324,8.5,25.98572,15.56894,5.04632,768723,368,8.7,793428800,403344,91573,52526,3353064,1825813,241,303,364,200,367,526,668,608,829,1032,39455,698,,,,2926,15.3,0,39,81,0.33,12,28,0.30,0.0765,0.3400,0.4000,0.4500,475,3169,5236,5891,0.0765,0.1598,0.2106,0.2106,0.000,,,0,7.25,7.67,527625,117638,2828,407159,3279773,495405,1072836,135139,1653685,512870,49591,711292,
GA,11,13,2012,9901430,4348083,439284,9.2,28.44438,16.29346,6.29524,443566,231,8.7,368868100,162782,36195,18794,1912839,879493,235,280,330,200,367,526,668,602,806,998,14603,698,,,,1752,18.1,0,63,115,0.35,20,36,0.36,0.0765,0.3400,0.4000,0.4500,475,3169,5236,5891,0.0765,0.1598,0.2106,0.2106,0.000,,,0,7.25,5.15,247843,24732,1909,221202,1576189,303875,745652,95649,1287033,441158,44116,620655,
HI,12,15,2012,1394804,608302,38883,6.0,26.48000,18.21149,6.09584,73677,7,2.2,62455900,29516,28091,9569,176823,88455,486,610,736,314,575,824,1046,1061,1434,1782,1677,698,,,,188,13.8,1,42,8,0.84,24,1,0.96,0.0765,0.3400,0.4000,0.4500,475,3169,5236,5891,0.0765,0.1598,0.2106,0.2106,0.000,,,0,7.25,7.25,25296,5930,187,19179,275675,37169,52042,12811,113618,24206,3927,38943,
ID,13,16,2012,1595324,713704,55552,7.2,25.47182,13.58387,5.15484,57780,33,7.2,56139800,144466,2875,1886,233034,100495,309,309,309,200,367,526,668,676,835,977,1684,698,,,,229,14.4,0,13,57,0.19,7,28,0.20,0.0765,0.3400,0.4000,0.4500,475,3169,5236,5891,0.0765,0.1598,0.2106,0.2106,0.000,,,0,7.25,7.25,29448,1851,213,27384,234899,43751,82766,18897,170127,46991,8448,77706,
IL,14,17,2012,12882510,5990644,591223,9.0,21.49295,12.78368,4.10193,720882,124,3.9,593239100,145731,99468,33715,1869713,914287,318,432,474,200,367,526,668,685,958,1142,14408,698,,,,1608,12.6,1,64,54,0.54,35,24,0.59,0.0765,0.3400,0.4000,0.4500,475,3169,5236,5891,0.0765,0.1598,0.2106,0.2106,0.050,,,1,7.25,8.25,277978,30191,2382,245405,2796968,288847,664806,73139,1142443,304866,20943,395045,
IN,15,18,2012,6537703,2905549,264286,8.3,22.67738,15.04687,7.50395,297816,118,6.9,257149500,54959,36420,16785,908705,401415,229,288,346,200,367,526,668,596,814,1014,9519,698,,,,964,15.2,0,40,60,0.40,13,37,0.26,0.0765,0.3400,0.4000,0.4500,475,3169,5236,5891,0.0765,0.1598,0.2106,0.2106,0.060,,,1,7.25,7.25,124998,5470,873,118655,1067501,164281,353153,68143,801376,177297,20676,256202,
IA,16,19,2012,3076190,1569879,83262,5.0,23.45946,15.66546,4.87939,157839,25,3.3,131984200,18405,40950,16186,408050,190721,361,426,495,200,367,526,668,728,952,1163,5554,698,,,,310,10.3,0,40,60,0.40,26,24,0.52,0.0765,0.3400,0.4000,0.4500,475,3169,5236,5891,0.0765,0.1598,0.2106,0.2106,0.070,,,1,7.25,7.25,49806,3157,698,45951,521509,69159,134882,28986,395600,56983,7280,93108,
KS,17,20,2012,2885257,1400122,85098,5.7,28.72552,16.68169,5.96478,140764,21,2.8,130182000,21564,28637,11315,304719,143242,352,429,497,200,367,526,668,719,955,1165,3694,698,,,,397,14.0,0,33,92,0.26,8,32,0.20,0.0765,0.3400,0.4000,0.4500,475,3169,5236,5891,0.0765,0.1598,0.2106,0.2106,0.180,,,1,7.25,7.25,48537,3019,347,45171,351856,74761,152600,35006,361686,72827,10861,107459,
KY,18,21,2012,4386346,1891162,167965,8.2,27.42790,16.02931,5.61473,176323,71,6.8,156827600,237057,61472,30453,849248,402734,225,262,325,200,367,526,668,592,788,993,18475,698,,,,776,17.9,1,59,40,0.60,15,22,0.41,0.0765,0.3400,0.4000,0.4500,475,3169,5236,5891,0.0765,0.1598,0.2106,0.2106,0.000,,,0,7.25,7.25,192886,10195,1199,181492,810363,132698,291507,40003,549534,186518,17845,269771,
LA,19,22,2012,4600972,1933137,147143,7.1,28.16991,17.09384,5.87510,233481,74,6.3,186589400,120462,21145,9261,948758,422680,188,240,284,200,367,526,668,555,766,952,6160,698,,,,944,21.1,0,45,58,0.44,15,24,0.38,0.0765,0.3400,0.4000,0.4500,475,3169,5236,5891,0.0765,0.1598,0.2106,0.2106,0.035,,,1,7.25,7.25,180847,12968,1388,166491,1244542,145346,347666,39521,588506,199075,15624,267443,
ME,20,23,2012,1327729,650117,52519,7.5,28.30312,16.80387,8.54864,52867,4,1.5,53490000,25426,22554,9854,252860,131153,363,485,611,200,367,526,668,730,1011,1279,2634,698,,,,170,12.8,0,72,77,0.48,14,20,0.41,0.0765,0.3400,0.4000,0.4500,475,3169,5236,5891,0.0765,0.1598,0.2106,0.2106,0.050,,,0,7.25,7.50,37114,1906,226,34982,334786,25690,51925,8031,107179,28017,3758,44366,
MD,21,24,2012,5886992,2902307,217340,7.0,26.30313,15.10803,5.03691,334556,59,4.2,315230900,340197,58716,24118,716379,360523,453,574,695,200,367,526,668,820,1100,1339,7858,698,,,,585,9.9,1,98,43,0.70,35,12,0.74,0.0765,0.3400,0.4000,0.4500,475,3169,5236,5891,0.0765,0.1598,0.2106,0.2106,0.250,,,1,7.25,7.25,114800,14909,628,99263,1036650,146272,231490,35315,434140,127389,15441,191429,
MA,22,25,2012,6663005,3252531,232630,6.7,20.45031,10.79463,3.38907,444478,29,1.9,382009400,124157,98549,50062,861568,479830,531,633,731,200,367,526,668,898,1151,1364,16847,698,,,,743,11.3,1,125,33,0.79,36,4,0.90,0.0765,0.3400,0.4000,0.4500,475,3169,5236,5891,0.0765,0.1598,0.2106,0.2106,0.150,,,1,7.25,8.00,185762,21935,2414,161413,1335399,122568,239060,32199,534456,106982,9570,149885,
MI,23,26,2012,9897145,4246658,426037,9.1,25.15599,13.83836,4.67461,418742,54,2.3,386568400,76822,105978,44514,1828384,924643,403,492,597,200,367,526,668,770,1018,1265,14599,698,,,,1331,13.7,0,46,62,0.43,12,26,0.32,0.0765,0.3400,0.4000,0.4500,475,3169,5236,5891,0.0765,0.1598,0.2106,0.2106,0.060,,,1,7.25,7.40,271713,17150,1584,252979,1820792,255954,517811,56592,907684,280494,18221,379452,
MN,24,27,2012,5376643,2781141,165215,5.6,18.67087,11.76091,5.17769,296273,62,4.5,257319700,88575,48225,22389,538869,264739,437,532,621,200,367,526,668,804,1058,1287,10949,698,,,,534,10.0,1,62,72,0.46,30,37,0.45,0.0765,0.3400,0.4000,0.4500,475,3169,5236,5891,0.0765,0.1598,0.2106,0.2106,0.330,,,1,7.25,6.15,91560,10392,702,80466,891789,128436,208849,51420,627280,103939,19011,179640,
MS,25,28,2012,2983816,1198196,118340,9.0,37.98708,24.83963,6.17769,99616,44,5.5,99386400,42533,24180,11377,659872,296508,146,170,194,200,367,526,668,513,696,862,4782,698,,,,636,22.0,0,58,64,0.48,21,31,0.40,0.0765,0.3400,0.4000,0.4500,475,3169,5236,5891,0.0765,0.1598,0.2106,0.2106,0.000,,,0,7.25,7.25,126679,9933,887,115859,653658,94773,267374,30526,398654,163673,12533,207859,
MO,26,29,2012,6024367,2815275,210034,6.9,26.56495,16.25304,7.14645,268862,117,7.9,241762700,73054,83171,34642,947889,441626,234,292,342,200,367,526,668,601,818,1010,8277,698,,,,905,15.2,1,56,106,0.35,8,26,0.24,0.0765,0.3400,0.4000,0.4500,475,3169,5236,5891,0.0765,0.1598,0.2106,0.2106,0.000,,,0,7.25,7.25,140146,7510,859,131777,981086,145900,307434,50962,638943,173080,20286,257271,
MT,27,30,2012,1003783,476174,30311,6.0,23.59375,13.16480,5.70434,42042,17,7.4,40471000,132567,8063,3229,125874,58988,401,504,606,200,367,526,668,768,1030,1274,1390,698,,,,134,13.4,1,32,68,0.32,22,28,0.44,0.0765,0.3400,0.4000,0.4500,475,3169,5236,5891,0.0765,0.1598,0.2106,0.2106,0.000,,,0,7.25,7.65,18562,1249,126,17187,115931,20457,37098,8727,86705,17651,2803,28134,
NE,28,31,2012,1853303,974428,40552,4.0,25.20529,15.54406,5.18911,102605,29,6.0,86293700,11711,13572,5888,176073,77066,293,364,435,200,367,526,668,660,890,1103,3646,698,,,,226,12.2,0,,,,,,,0.0765,0.3400,0.4000,0.4500,475,3169,5236,5891,0.0765,0.1598,0.2106,0.2106,0.100,,,1,7.25,7.25,27144,2068,234,24842,243011,42727,91997,23550,251186,38096,6692,66641,
NV,29,32,2012,2743996,1222710,153671,11.2,28.63440,18.22511,7.13877,127789,94,13.3,108825100,39104,27057,10577,354900,169147,318,383,448,200,367,526,668,685,909,1116,4881,698,,,,433,15.8,0,26,16,0.62,11,10,0.52,0.0765,0.3400,0.4000,0.4500,475,3169,5236,5891,0.0765,0.1598,0.2106,0.2106,0.000,,,0,7.25,8.25,45928,11081,673,34174,305455,76108,138276,22083,218552,64881,7781,87213,
NH,30,33,2012,1324232,700371,40726,5.5,18.10439,10.47077,4.90227,67636,8,2.9,67528800,20779,8764,4211,116895,56354,606,675,738,200,367,526,668,973,1180,1369,1855,698,,,,106,8.1,1,104,292,0.26,5,19,0.21,0.0765,0.3400,0.4000,0.4500,475,3169,5236,5891,0.0765,0.1598,0.2106,0.2106,0.000,,,0,7.25,7.25,19310,956,140,18214,139768,16299,33031,6507,104546,13595,1543,24251,
NJ,31,34,2012,8844942,4159986,428047,9.3,19.91162,12.27747,4.37659,519569,82,3.8,491662000,409796,83280,34234,826134,406143,322,424,488,200,367,526,668,689,950,1156,9279,698,,,,814,9.3,0,47,32,0.59,24,16,0.60,0.0765,0.3400,0.4000,0.4500,475,3169,5236,5891,0.0765,0.1598,0.2106,0.2106,0.200,,,1,7.25,7.25,177494,34978,793,141723,1213512,172333,357776,57561,729099,156582,16433,218062,
NM,32,35,2012,2087309,861617,66178,7.1,29.43011,15.36689,5.14358,87645,58,10.7,74578400,60048,45958,18201,438252,193522,304,380,459,200,367,526,668,671,906,1127,6749,698,,,,420,20.4,0,36,33,0.52,28,14,0.67,0.0765,0.3400,0.4000,0.4500,475,3169,5236,5891,0.0765,0.1598,0.2106,0.2106,0.100,,,1,7.25,7.50,63421,8655,457,54309,567631,63844,142930,20647,227863,101620,12820,150554,
NY,33,36,2012,19572932,8793385,818847,8.5,24.54985,12.84584,4.50207,1323401,146,3.3,1056671200,2111378,277257,121979,3076911,1650099,562,770,928,200,367,526,668,929,1247,1502,57899,698,,,,3328,17.2,1,96,49,0.66,29,32,0.48,0.0765,0.3400,0.4000,0.4500,475,3169,5236,5891,0.0765,0.1598,0.2106,0.2106,0.300,,,1,7.25,7.25,698226,129902,2963,565361,5086664,524148,986984,145103,1796235,442777,49069,644136,
NC,34,37,2012,9749476,4245675,434382,9.3,29.90053,17.99771,4.50486,439540,126,5.2,379925300,116479,41907,21686,1668588,785072,236,272,297,200,367,526,668,603,798,965,15318,698,,,,1652,17.2,1,52,68,0.43,19,31,0.38,0.0765,0.3400,0.4000,0.4500,475,3169,5236,5891,0.0765,0.1598,0.2106,0.2106,0.050,,,1,7.25,7.25,230593,19664,1750,209179,1673525,269335,563334,68445,942745,299515,28291,405295,
ND,35,38,2012,701176,385674,12193,3.1,15.97567,8.28467,2.97624,51625,5,2.8,38859800,206235,4177,1651,58796,27269,328,427,523,200,367,526,668,695,953,1191,670,698,,,,79,11.4,0,25,69,0.27,12,35,0.26,0.0765,0.3400,0.4000,0.4500,475,3169,5236,5891,0.0765,0.1598,0.2106,0.2106,0.000,,,0,7.25,7.25,8456,730,58,7668,66982,13661,24348,5125,85078,11813,1585,23292,
OH,36,39,2012,11548923,5284001,421590,7.4,27.55623,19.07348,9.00505,540882,128,4.6,469260800,1351238,172943,81331,1807913,873828,368,450,555,200,367,526,668,735,976,1223,46303,698,,,,1751,15.4,0,40,59,0.40,10,23,0.30,0.0765,0.3400,0.4000,0.4500,475,3169,5236,5891,0.0765,0.1598,0.2106,0.2106,0.000,,,0,7.25,7.70,304010,14742,1787,287481,2327730,275627,552640,79317,1114371,289075,26034,418371,
OK,37,40,2012,3818814,1709258,94605,5.2,31.57849,20.16912,7.45934,173239,48,5.0,158353900,317473,19168,8546,614947,279649,225,292,361,200,367,526,668,592,818,1029,5091,698,,,,668,18.0,0,33,68,0.33,16,32,0.33,0.0765,0.3400,0.4000,0.4500,475,3169,5236,5891,0.0765,0.1598,0.2106,0.2106,0.050,,,1,7.25,7.25,97031,6388,631,90012,795009,123070,249472,42249,446144,153706,20283,227417,
OR,38,41,2012,3899001,1780790,172649,8.8,25.44330,15.53066,5.40365,174428,34,3.7,154408500,377983,67475,26945,815221,447338,432,506,621,200,367,526,668,799,1032,1287,5770,698,,,,523,13.5,1,30,30,0.50,16,14,0.53,0.0765,0.3400,0.4000,0.4500,475,3169,5236,5891,0.0765,0.1598,0.2106,0.2106,0.060,,,1,7.25,8.80,80941,8946,618,71377,622975,111648,183713,23234,307110,96404,11501,142435,
PA,39,42,2012,12767118,5957314,505625,7.8,20.69190,12.07631,3.95753,640663,122,4.3,587521900,444712,196773,77972,1799209,869157,316,403,497,200,367,526,668,683,929,1165,22097,698,,,,1756,13.9,0,87,110,0.44,20,30,0.40,0.0765,0.3400,0.4000,0.4500,475,3169,5236,5891,0.0765,0.1598,0.2106,0.2106,0.000,,,0,7.25,7.25,376600,24925,1960,349715,2140039,253011,481444,79928,1127444,225283,23611,343390,
RI,40,44,2012,1054621,500434,58053,10.4,26.11636,17.13654,4.71154,51607,10,4.4,48810300,16222,15755,6557,172846,95282,449,554,634,200,367,526,668,816,1080,1296,2002,698,,,,141,13.6,0,65,10,0.87,29,8,0.78,0.0765,0.3400,0.4000,0.4500,475,3169,5236,5891,0.0765,0.1598,0.2106,0.2106,0.150,,,1,7.25,7.40,32644,3185,179,29280,188736,24261,45010,5825,79747,23817,1991,32981,
SC,41,45,2012,4717354,1985618,201260,9.2,27.97341,16.45136,5.57457,175329,75,6.5,167797500,189552,33223,14439,869801,410491,171,216,261,200,367,526,668,538,742,929,6492,698,,,,779,16.7,0,48,76,0.39,19,27,0.41,0.0765,0.3400,0.4000,0.4500,475,3169,5236,5891,0.0765,0.1598,0.2106,0.2106,0.000,,,0,7.25,7.25,116975,8981,1246,106748,924736,130525,303204,33552,493488,198105,16337,272470,
SD,42,46,2012,833566,423501,18941,4.3,24.81176,15.47281,5.71581,43551,13,6.0,37659400,10616,6733,3251,103846,45111,496,555,613,200,367,526,668,863,1081,1281,2243,698,,,,106,12.8,0,19,50,0.28,5,30,0.14,0.0765,0.3400,0.4000,0.4500,475,3169,5236,5891,0.0765,0.1598,0.2106,0.2106,0.000,,,0,7.25,7.25,14701,1464,106,13131,118483,22153,38236,9127,107367,17610,2329,27503,
TN,43,47,2012,6453898,2857945,242726,7.8,34.06615,20.53859,7.27005,283482,83,5.4,253613100,102778,141005,56997,1316810,641211,142,185,226,200,367,526,668,509,711,894,18456,698,,,,1194,18.6,0,34,64,0.35,13,20,0.39,0.0765,0.3400,0.4000,0.4500,475,3169,5236,5891,0.0765,0.1598,0.2106,0.2106,0.000,,,0,7.25,7.25,182945,12736,1426,168783,1336325,162775,398150,50953,687452,239465,23312,333403,
TX,44,48,2012,26084481,11818675,851780,6.7,31.21111,21.03051,6.24716,1410448,783,10.8,1132222100,718696,104214,45797,4038440,1666362,228,263,316,200,367,526,668,595,789,984,31698,698,,,,4444,17.0,0,49,101,0.33,12,19,0.39,0.0765,0.3400,0.4000,0.4500,475,3169,5236,5891,0.0765,0.1598,0.2106,0.2106,0.000,,,0,7.25,7.25,656588,106111,6748,543729,4082884,969893,2099253,258120,3374154,1286212,123709,1786414,
UT,45,49,2012,2853375,1298807,74164,5.4,29.81315,16.76626,3.88284,128764,38,4.0,103120600,204692,12082,4858,276890,113254,399,498,583,200,367,526,668,766,1024,1251,2657,698,,,,312,11.0,0,17,58,0.23,7,22,0.24,0.0765,0.3400,0.4000,0.4500,475,3169,5236,5891,0.0765,0.1598,0.2106,0.2106,0.000,,,0,7.25,7.25,30670,2687,219,27764,282322,69641,129859,36061,348886,48638,7585,74580,
VT,46,50,2012,626090,337284,17573,5.0,24.32998,14.63184,5.89419,28894,4,3.1,28395700,8384,6508,2987,96579,49350,536,640,726,200,367,526,668,903,1156,1360,1483,698,,,,69,11.2,1,94,48,0.66,21,8,0.72,0.0765,0.3400,0.4000,0.4500,475,3169,5236,5891,0.0765,0.1598,0.2106,0.2106,0.320,,,1,7.25,8.46,15947,1050,71,14826,168726,15471,23062,3468,54209,14360,1926,23523,
VA,47,51,2012,8185080,3967987,255857,6.1,21.67122,11.37694,4.67810,445121,62,3.1,405863900,153868,68812,31619,913878,439924,254,320,382,200,367,526,668,621,846,1050,12374,698,,,,850,10.6,0,32,67,0.32,20,20,0.50,0.0765,0.3400,0.4000,0.4500,475,3169,5236,5891,0.0765,0.1598,0.2106,0.2106,0.200,,,0,7.25,7.25,153013,18699,1129,133185,956477,159137,328890,62318,749115,175674,23265,271107,
WA,48,53,2012,6897058,3189271,282011,8.1,25.23580,15.39390,5.97101,400623,47,2.8,329258600,1975775,123704,52707,1108090,580211,385,478,562,200,367,526,668,752,1004,1230,18918,698,,,,796,11.6,1,56,42,0.57,27,22,0.55,0.0765,0.3400,0.4000,0.4500,475,3169,5236,5891,0.0765,0.1598,0.2106,0.2106,0.000,,,0,7.25,9.04,147380,16828,886,129666,1153726,194706,291704,49736,539859,131452,18820,185961,
WV,49,54,2012,1856872,747384,60533,7.5,27.34671,16.82551,5.51000,69336,14,3.3,65206200,129208,21105,9453,346833,164034,301,340,384,200,367,526,668,668,866,1052,4908,698,,,,301,16.7,1,65,35,0.65,28,6,0.82,0.0765,0.3400,0.4000,0.4500,475,3169,5236,5891,0.0765,0.1598,0.2106,0.2106,0.000,,,0,7.25,7.25,80046,2850,490,76706,354082,47891,95159,15611,201333,64100,8816,114120,
WI,50,55,2012,5719960,2857418,216563,7.0,23.29327,14.24283,5.54580,274541,53,3.8,246150800,48410,61702,25873,835312,398966,608,608,608,200,367,526,668,974,1133,1276,12015,698,,,,640,11.4,0,39,59,0.40,16,17,0.48,0.0765,0.3400,0.4000,0.4500,475,3169,5236,5891,0.0765,0.1598,0.2106,0.2106,0.040,0.110,0.340,1,7.25,7.25,114102,7086,868,106148,1114925,118585,240233,38032,596222,108726,12043,172949,
WY,51,56,2012,576305,290932,16335,5.3,22.85464,14.98277,5.06753,38438,6,4.0,30846100,158869,601,311,34347,14947,567,602,602,200,367,526,668,934,1128,1270,209,698,,,,56,9.6,0,10,50,0.17,4,26,0.13,0.0765,0.3400,0.4000,0.4500,475,3169,5236,5891,0.0765,0.1598,0.2106,0.2106,0.000,,,0,7.25,5.15,6716,332,35,6349,67298,12602,18927,6266,56578,8490,1789,15703,
AL,1,1,2013,4830081,2017043,156957,7.2,28.99388,17.68159,6.46037,192167,38,3.2,174415400,90913,47676,19774,915322,421302,190,215,245,200,367,526,668,557,741,913,7695,710,,,,796,16.7,0,37,65,0.36,11,22,0.33,0.0765,0.3400,0.4000,0.4500,487,3250,5372,6044,0.0765,0.1598,0.2106,0.2106,0.000,,,0,7.25,7.25,176633,10049,806,165778,955355,139001,346893,40274,539664,185351,13934,224173,
AK,2,2,2013,737068,339801,25491,7.0,20.02825,12.84441,4.72369,56625,7,3.8,38859500,20038,9646,3600,91364,38279,821,923,1025,239,438,627,797,1259,1550,1816,963,710,,,,76,10.9,0,14,26,0.35,7,13,0.35,0.0765,0.3400,0.4000,0.4500,487,3250,5372,6044,0.0765,0.1598,0.2106,0.2106,0.000,,,0,7.25,7.75,12662,1834,78,10750,109600,23055,33915,4923,52589,15544,1841,20794,
AZ,3,4,2013,6632764,2794697,234728,7.7,26.27032,18.60442,5.38482,275008,141,8.4,242856000,165576,37059,16281,1111105,476689,220,277,334,200,367,526,668,587,803,1002,6306,710,,,,1345,20.2,0,24,36,0.40,13,17,0.43,0.0765,0.3400,0.4000,0.4500,487,3250,5372,6044,0.0765,0.1598,0.2106,0.2106,0.000,,,0,7.25,7.80,117962,15318,981,101663,1329250,182501,444447,54015,646932,225135,21495,289277,
AR,4,5,2013,2959400,1226859,95717,7.2,37.03111,23.23058,7.88573,112765,27,3.7,107240700,52928,15715,6964,504621,224454,162,204,247,200,367,526,668,529,730,915,2601,710,,,,504,17.1,1,49,51,0.49,14,21,0.40,0.0765,0.3400,0.4000,0.4500,487,3250,5372,6044,0.0765,0.1598,0.2106,0.2106,0.000,,,0,7.25,6.25,112922,5837,664,106421,664890,89777,212916,35877,332497,127885,16301,166376,
CA,5,6,2013,38260787,16958403,1666589,8.9,25.53890,15.72165,5.06253,2261511,488,5.1,1886376600,2124687,1355305,563785,4159031,1905869,577,714,849,200,367,526,668,944,1211,1451,262133,710,,,,5675,14.9,1,55,25,0.69,26,11,0.70,0.0765,0.3400,0.4000,0.4500,487,3250,5372,6044,0.0765,0.1598,0.2106,0.2106,0.000,,,0,7.25,8.00,1305574,359036,18980,927558,10406883,1431881,2316910,371935,3285779,1191511,151924,1509726,
CO,6,8,2013,5269035,2577556,189597,6.9,22.93322,13.68426,4.38270,288384,62,4.8,249281600,503101,39502,15124,507934,231488,364,462,561,200,367,526,668,731,988,1229,4863,710,,,,560,10.6,1,37,28,0.57,20,15,0.57,0.0765,0.3400,0.4000,0.4500,487,3250,5372,6044,0.0765,0.1598,0.2106,0.2106,0.000,,,0,7.25,7.78,72005,9036,501,62468,729100,96874,209937,37499,375023,109225,17059,155730,
CT,7,9,2013,3594841,1717764,145573,7.8,20.93243,13.62521,4.21855,244128,14,1.7,228472200,69105,29180,14824,425320,233171,470,576,677,200,367,526,668,837,1102,1331,6232,710,,,,400,11.3,1,99,52,0.66,22,14,0.61,0.0765,0.3400,0.4000,0.4500,487,3250,5372,6044,0.0765,0.1598,0.2106,0.2106,0.250,,,1,7.25,8.25,62476,6645,426,55405,736910,54248,134358,22127,280253,66570,6620,87971,
DE,8,10,2013,923576,413119,29609,6.7,21.12294,15.22675,4.71178,61008,5,2.6,40949500,21184,14072,4992,153137,72244,270,338,407,200,367,526,668,637,864,1075,3148,710,,,,127,14.0,1,27,14,0.66,13,8,0.62,0.0765,0.3400,0.4000,0.4500,487,3250,5372,6044,0.0765,0.1598,0.2106,0.2106,0.200,,,0,7.25,7.25,16630,1213,99,15318,211000,20797,54517,4946,94571,29287,1911,39522,
DC,9,11,2013,650581,342351,31775,8.5,23.32191,15.94521,4.32610,115021,1,1.2,44189200,27523,17446,6659,144889,81904,336,428,523,200,367,526,668,703,954,1191,2301,710,,,,139,21.3,.,,,,11,0,1.00,0.0765,0.3400,0.4000,0.4500,487,3250,5372,6044,0.0765,0.1598,0.2106,0.2106,0.400,,,1,7.25,8.25,26959,1945,132,24882,203700,15674,42940,1858,50502,30327,1122,35038,
FL,10,12,2013,19545621,8770084,683663,7.2,24.33901,15.37839,6.48664,800886,309,7.4,795425000,364550,94587,53632,3556473,1943902,241,303,364,200,367,526,668,608,829,1032,39877,710,,,,2888,14.9,0,44,76,0.37,14,26,0.35,0.0765,0.3400,0.4000,0.4500,487,3250,5372,6044,0.0765,0.1598,0.2106,0.2106,0.000,,,0,7.25,7.79,547595,122588,2877,422130,3290000,483565,1183195,136455,1638775,584803,54053,750969,
GA,11,13,2013,9972479,4366374,389783,8.2,31.29816,18.04106,4.62469,459579,179,6.9,374489200,165192,35038,17836,1948189,907896,235,280,330,200,367,526,668,602,806,998,13554,710,,,,1592,16.3,0,60,119,0.34,18,38,0.32,0.0765,0.3400,0.4000,0.4500,487,3250,5372,6044,0.0765,0.1598,0.2106,0.2106,0.000,,,0,7.25,5.15,253268,24394,1934,226940,1590800,289524,816682,96037,1245368,474415,44122,608138,
HI,12,15,2013,1408243,619691,31866,4.9,21.93546,13.09514,3.05086,75808,6,2.0,63316600,30026,27081,9314,189350,96022,485,610,735,319,585,839,1065,1070,1449,1800,1661,710,,,,152,11.1,1,44,7,0.86,24,1,0.96,0.0765,0.3400,0.4000,0.4500,487,3250,5372,6044,0.0765,0.1598,0.2106,0.2106,0.000,,,0,7.25,7.25,25314,5846,176,19292,280085,36370,58201,13359,113609,26482,4000,38466,
ID,13,16,2013,1611206,723636,47197,6.1,28.89348,15.57945,5.56941,61155,23,5.2,58338300,154821,2810,1836,227006,97927,309,309,309,200,367,526,668,676,835,977,1664,710,,,,205,12.9,0,13,57,0.19,7,28,0.20,0.0765,0.3400,0.4000,0.4500,487,3250,5372,6044,0.0765,0.1598,0.2106,0.2106,0.000,,,0,7.25,7.25,30348,1811,211,28326,241656,43292,86416,19285,160198,49227,8961,75379,
IL,14,17,2013,12895129,5956749,592724,9.0,20.22414,12.69269,3.70547,734809,79,2.5,607671400,148443,46185,20916,2040053,1017190,318,432,474,200,367,526,668,685,958,1142,13836,710,,,,1695,13.3,1,71,47,0.60,40,19,0.68,0.0765,0.3400,0.4000,0.4500,487,3250,5372,6044,0.0765,0.1598,0.2106,0.2106,0.050,,,1,7.25,8.25,278588,30213,2411,245964,2610700,280463,760100,65766,1124196,356171,19224,416091,
IN,15,18,2013,6568713,2944275,244131,7.7,23.76791,15.60724,5.00661,308725,91,5.5,260424400,55987,25286,12399,926011,415518,229,288,346,200,367,526,668,596,814,1014,8575,710,,,,743,11.6,0,31,69,0.31,13,37,0.26,0.0765,0.3400,0.4000,0.4500,487,3250,5372,6044,0.0765,0.1598,0.2106,0.2106,0.060,,,1,7.25,7.25,127225,5457,863,120905,1090911,159525,386021,70624,781172,194495,21995,259036,
IA,16,19,2013,3092997,1594891,79299,4.7,21.92420,12.26123,3.20822,161583,17,2.3,134463500,18912,37855,15059,420344,198500,361,426,495,200,367,526,668,728,952,1163,5511,710,,,,330,10.8,0,47,53,0.47,26,24,0.52,0.0765,0.3400,0.4000,0.4500,487,3250,5372,6044,0.0765,0.1598,0.2106,0.2106,0.070,,,1,7.25,7.25,50874,3148,700,47026,535942,65876,149005,28814,384219,64691,7502,94783,
KS,17,20,2013,2893212,1407217,78700,5.3,29.58604,19.08708,5.86206,143066,30,4.0,132978600,22134,20467,8461,316983,149233,352,429,497,200,367,526,668,719,955,1165,3397,710,,,,373,13.2,0,33,92,0.26,8,32,0.20,0.0765,0.3400,0.4000,0.4500,487,3250,5372,6044,0.0765,0.1598,0.2106,0.2106,0.180,,,1,7.25,7.25,49155,2955,345,45855,359100,70615,166472,36056,348152,83018,11634,111453,
KY,18,21,2013,4404659,1890879,164563,8.0,31.49158,20.01716,5.86272,182471,39,3.7,158218400,238463,61812,30530,872439,420211,225,262,328,200,367,526,668,592,788,996,18582,710,,,,871,20.0,1,55,45,0.55,14,23,0.38,0.0765,0.3400,0.4000,0.4500,487,3250,5372,6044,0.0765,0.1598,0.2106,0.2106,0.000,,,0,7.25,7.25,190976,9765,1187,180024,802100,129923,333341,34400,532791,216233,15346,276997,
LA,19,22,2013,4624527,1960539,140877,6.7,29.29081,18.26622,5.62563,228688,42,3.6,189197100,180321,16980,7531,940100,425648,188,240,284,200,367,526,668,555,766,952,5238,710,,,,863,19.2,0,45,58,0.44,15,24,0.38,0.0765,0.3400,0.4000,0.4500,487,3250,5372,6044,0.0765,0.1598,0.2106,0.2106,0.035,,,1,7.25,7.25,181647,12741,1359,167547,1246714,139856,370330,39775,565263,215727,16097,265629,
ME,20,23,2013,1328009,658522,46895,6.6,26.05182,14.75908,6.22947,53671,7,2.7,53346300,25862,15070,6900,249119,130374,363,485,611,200,367,526,668,730,1011,1279,2672,710,,,,161,12.3,0,58,89,0.39,19,15,0.56,0.0765,0.3400,0.4000,0.4500,487,3250,5372,6044,0.0765,0.1598,0.2106,0.2106,0.050,,,0,7.25,7.50,37484,1818,234,35432,275700,24380,54331,8394,100839,30366,4169,44986,
MD,21,24,2013,5923188,2923498,205854,6.6,22.91599,14.24835,3.99990,340706,30,2.2,314267300,350667,53015,21958,771021,392184,455,576,697,200,367,526,668,822,1102,1345,7665,710,,,,611,10.3,1,98,43,0.70,35,12,0.74,0.0765,0.3400,0.4000,0.4500,487,3250,5372,6044,0.0765,0.1598,0.2106,0.2106,0.250,,,1,7.25,7.25,117352,14973,646,101733,936000,144628,253903,36413,422721,147964,17693,211658,
MA,22,25,2013,6713315,3276792,236035,6.7,17.22145,9.34758,4.16350,455653,10,0.7,385192000,127756,91844,47951,887619,498580,531,633,731,200,367,526,668,898,1155,1368,20164,710,,,,784,11.9,1,129,29,0.82,36,4,0.90,0.0765,0.3400,0.4000,0.4500,487,3250,5372,6044,0.0765,0.1598,0.2106,0.2106,0.150,,,1,7.25,8.00,187999,22019,2390,163590,1365814,119952,261001,33459,514426,117094,10445,151464,
MI,23,26,2013,9913065,4308030,415915,8.8,25.04779,14.72339,5.99688,433756,63,2.7,390199700,77994,84901,36553,1775646,909764,403,492,597,200,367,526,668,770,1018,1265,14627,710,,,,1428,14.5,0,51,59,0.46,11,26,0.30,0.0765,0.3400,0.4000,0.4500,487,3250,5372,6044,0.0765,0.1598,0.2106,0.2106,0.060,,,1,7.25,7.40,277316,17776,1606,257934,1898287,254126,555841,58824,874098,308178,19513,381516,
MN,24,27,2013,5413479,2811762,146834,5.0,17.15103,10.64746,3.40431,308785,43,3.2,259538900,108385,46495,21435,552928,274236,437,532,621,200,367,526,668,804,1058,1289,10729,710,,,,649,12.0,1,73,61,0.54,39,28,0.58,0.0765,0.3400,0.4000,0.4500,487,3250,5372,6044,0.0765,0.1598,0.2106,0.2106,0.330,,,1,7.25,6.15,93729,10434,720,82575,906167,124745,228886,52918,608867,115595,19369,181891,
MS,25,28,2013,2988711,1163752,108725,8.5,34.09844,25.22412,9.12167,101474,44,5.8,101176800,43769,21172,10063,668624,305005,146,170,194,200,367,526,668,513,696,862,4461,710,,,,657,22.5,0,56,65,0.46,20,31,0.39,0.0765,0.3400,0.4000,0.4500,487,3250,5372,6044,0.0765,0.1598,0.2106,0.2106,0.000,,,0,7.25,7.25,126312,9283,894,116135,648113,91652,288108,32285,391574,176607,13550,207305,
MO,26,29,2013,6040715,2817435,202767,6.7,25.71886,16.53001,6.19847,277394,66,4.6,243582200,77063,76997,32108,929943,437443,234,292,342,200,367,526,668,601,818,1010,7814,710,,,,824,13.7,1,52,109,0.32,10,24,0.29,0.0765,0.3400,0.4000,0.4500,487,3250,5372,6044,0.0765,0.1598,0.2106,0.2106,0.000,,,0,7.25,7.35,142259,7373,873,134013,961400,140821,330811,52439,610364,191435,21858,263359,
MT,27,30,2013,1013569,483071,27710,5.4,22.62560,11.74446,4.28784,43137,12,5.3,40720800,134916,7488,3249,128531,59398,405,510,615,200,367,526,668,772,1036,1283,1246,710,,,,145,14.5,1,39,61,0.39,21,29,0.42,0.0765,0.3400,0.4000,0.4500,487,3250,5372,6044,0.0765,0.1598,0.2106,0.2106,0.000,,,0,7.25,7.80,18647,1255,127,17265,120800,19848,39695,9146,84069,19108,2995,28155,
NE,28,31,2013,1865279,979937,38357,3.8,26.08019,16.42139,4.95363,106517,18,3.8,86913900,11857,12750,5598,179711,79379,293,364,435,200,367,526,668,660,890,1103,3611,710,,,,202,11.0,0,,,,,,,0.0765,0.3400,0.4000,0.4500,487,3250,5372,6044,0.0765,0.1598,0.2106,0.2106,0.100,,,1,7.25,7.25,27496,2106,227,25163,212300,40151,98737,24822,243120,41015,7215,66556,
NV,29,32,2013,2775970,1248122,133035,9.6,26.74611,17.59667,6.44166,130687,71,10.4,109055100,39893,26923,10501,360953,174638,318,383,448,200,367,526,668,685,909,1116,4671,710,,,,480,17.4,0,27,15,0.64,11,10,0.52,0.0765,0.3400,0.4000,0.4500,487,3250,5372,6044,0.0765,0.1598,0.2106,0.2106,0.000,,,0,7.25,8.25,48465,11569,677,36219,313500,75011,151785,23848,215821,74668,8771,92738,
NH,30,33,2013,1326622,703534,37751,5.1,17.85051,10.88510,4.21584,69496,5,1.9,67320400,21166,7522,3527,117315,56201,606,675,738,200,367,526,668,973,1184,1373,1349,710,,,,119,9.0,1,217,178,0.55,11,13,0.46,0.0765,0.3400,0.4000,0.4500,487,3250,5372,6044,0.0765,0.1598,0.2106,0.2106,0.000,,,0,7.25,7.25,19609,920,142,18547,138800,15679,35328,6711,97396,14250,1537,22497,
NJ,31,34,2013,8856972,4173828,374732,8.2,17.65338,10.18211,3.96643,537346,70,3.3,496464800,401664,75727,31914,876266,432270,322,424,488,200,367,526,668,689,950,1156,8866,710,,,,984,11.1,0,48,31,0.61,24,16,0.60,0.0765,0.3400,0.4000,0.4500,487,3250,5372,6044,0.0765,0.1598,0.2106,0.2106,0.200,,,1,7.25,7.25,180543,35268,770,144505,1235086,167873,390119,58313,694018,187930,18476,242563,
NM,32,35,2013,2092273,859804,64095,6.9,22.65485,11.81065,3.96060,88533,30,5.7,73437900,60412,37434,14952,440362,197359,304,380,459,200,367,526,668,671,906,1127,6070,710,,,,454,21.7,0,38,32,0.54,25,17,0.60,0.0765,0.3400,0.4000,0.4500,487,3250,5372,6044,0.0765,0.1598,0.2106,0.2106,0.100,,,1,7.25,7.50,64346,8564,460,55322,507600,61405,151485,21980,220187,108020,13863,148155,
NY,33,36,2013,19624447,8913788,745382,7.7,24.89330,16.19103,5.70719,1361963,103,2.3,1069556200,1695215,276195,120749,3170465,1710501,574,789,951,200,367,526,668,941,1264,1522,56089,710,,,,2825,14.5,1,106,42,0.72,33,30,0.52,0.0765,0.3400,0.4000,0.4500,487,3250,5372,6044,0.0765,0.1598,0.2106,0.2106,0.300,,,1,7.25,7.25,700175,129542,3013,567620,5291654,513299,1142702,120104,1723748,518724,38564,641178,
NC,34,37,2013,9843336,4318114,374826,8.0,27.31228,17.25775,7.00031,455267,105,4.4,376023900,117872,38955,20149,1703700,786064,236,272,297,200,367,526,668,603,798,965,14239,710,,,,1793,18.6,0,43,77,0.36,17,33,0.34,0.0765,0.3400,0.4000,0.4500,487,3250,5372,6044,0.0765,0.1598,0.2106,0.2106,0.045,,,1,7.25,7.25,234257,19036,1768,213453,1501300,264755,598073,73548,906350,330347,33266,419858,
ND,35,38,2013,722036,394392,11801,2.9,11.70520,7.98654,2.03557,53733,6,3.6,38860600,260943,3636,1446,56523,26270,378,477,573,200,367,526,668,745,1003,1241,664,710,,,,71,9.9,0,23,71,0.24,14,33,0.30,0.0765,0.3400,0.4000,0.4500,487,3250,5372,6044,0.0765,0.1598,0.2106,0.2106,0.000,,,0,7.25,7.25,8382,704,55,7623,65200,13273,25030,6148,87065,12415,1921,23805,
OH,36,39,2013,11576684,5290609,426121,7.5,25.35299,15.85187,5.88856,560937,94,3.4,475776200,1246530,137108,68564,1824675,889427,374,458,564,200,367,526,668,741,984,1232,46065,710,,,,1571,13.7,0,39,60,0.39,10,23,0.30,0.0765,0.3400,0.4000,0.4500,487,3250,5372,6044,0.0765,0.1598,0.2106,0.2106,0.000,,,0,7.25,7.85,311021,14924,1810,294287,2378599,263683,607243,76767,1063869,325787,24765,422839,
OK,37,40,2013,3853214,1706861,95212,5.3,31.20902,19.34952,9.19658,181858,60,6.1,166063400,313246,17213,7752,621831,287398,225,292,361,200,367,526,668,592,818,1029,4926,710,,,,518,14.0,0,29,72,0.29,12,36,0.25,0.0765,0.3400,0.4000,0.4500,487,3250,5372,6044,0.0765,0.1598,0.2106,0.2106,0.050,,,1,7.25,7.25,97647,6170,628,90849,814173,118552,270714,44104,438112,166775,21467,227624,
OR,38,41,2013,3922468,1760302,150400,7.9,31.01348,20.61205,7.68877,179390,31,3.5,156977100,392101,60604,24971,817575,451420,432,506,621,200,367,526,668,799,1032,1289,5413,710,,,,593,15.1,1,34,26,0.57,16,14,0.53,0.0765,0.3400,0.4000,0.4500,487,3250,5372,6044,0.0765,0.1598,0.2106,0.2106,0.060,,,1,7.25,8.95,83104,8983,629,73492,626055,107859,191173,24946,293394,101591,12525,139708,
PA,39,42,2013,12776309,5967811,474600,7.4,21.16839,12.57805,5.01283,663335,92,3.3,592972700,459021,178607,72628,1784790,869836,316,403,497,200,367,526,668,683,929,1165,20188,710,,,,1576,12.4,0,90,111,0.45,23,27,0.46,0.0765,0.3400,0.4000,0.4500,487,3250,5372,6044,0.0765,0.1598,0.2106,0.2106,0.000,,,0,7.25,7.25,378937,24527,1958,352452,2157982,253258,535189,76459,1065977,251500,23554,345403,
RI,40,44,2013,1055081,505370,51556,9.3,22.14301,12.43116,3.26989,52798,7,3.2,48772600,16350,14670,6102,179925,100543,449,554,634,200,367,526,668,816,1080,1301,1889,710,,,,142,13.5,0,69,6,0.92,32,5,0.86,0.0765,0.3400,0.4000,0.4500,487,3250,5372,6044,0.0765,0.1598,0.2106,0.2106,0.150,,,1,7.25,7.75,33070,3199,171,29700,178600,23416,49138,5702,77353,25514,1986,32531,
SC,41,45,2013,4764080,2023642,167326,7.6,23.42021,11.81579,3.89469,182837,53,4.7,170227200,160657,28971,12675,875866,416724,177,223,269,200,367,526,668,544,749,937,5961,710,,,,745,15.9,0,46,77,0.37,18,28,0.39,0.0765,0.3400,0.4000,0.4500,487,3250,5372,6044,0.0765,0.1598,0.2106,0.2106,0.000,,,0,7.25,7.25,118174,8605,1193,108376,781100,124287,324405,34742,478132,214721,17333,273455,
SD,42,46,2013,842316,426284,16795,3.8,25.32021,13.51385,5.40449,44957,8,3.9,38108600,10323,6407,3164,104052,45312,520,582,643,200,367,526,668,887,1108,1307,2296,710,,,,85,10.3,0,17,53,0.24,7,28,0.20,0.0765,0.3400,0.4000,0.4500,487,3250,5372,6044,0.0765,0.1598,0.2106,0.2106,0.000,,,0,7.25,7.25,14858,1447,112,13299,118157,20430,42559,9368,106252,19788,2415,28026,
TN,43,47,2013,6494340,2828479,238952,7.8,29.70652,21.84568,6.65465,293265,62,4.0,256016100,104637,123879,51535,1342089,662204,142,185,226,200,367,526,668,509,711,894,18937,710,,,,1170,18.1,0,28,70,0.29,7,26,0.21,0.0765,0.3400,0.4000,0.4500,487,3250,5372,6044,0.0765,0.1598,0.2106,0.2106,0.000,,,0,7.25,7.25,183764,12229,1415,170120,1329254,159426,429097,51290,656847,269677,25349,350108,
TX,44,48,2013,26480266,12052646,804949,6.3,32.32812,20.91595,7.56883,1500554,604,8.3,1159721600,763049,91281,40641,4041891,1674350,235,271,326,200,367,526,668,602,797,994,28903,710,,,,4425,16.8,0,56,94,0.37,12,19,0.39,0.0765,0.3400,0.4000,0.4500,487,3250,5372,6044,0.0765,0.1598,0.2106,0.2106,0.000,,,0,7.25,7.25,665658,105434,6735,553489,3644200,955072,2262751,272085,3313702,1409268,135999,1818179,
UT,45,49,2013,2897640,1341192,64438,4.6,24.19767,13.95844,4.22679,134530,59,6.4,106427300,220992,10119,4176,251626,101027,399,498,583,200,367,526,668,766,1024,1251,2558,710,,,,239,8.3,0,14,61,0.19,5,24,0.17,0.0765,0.3400,0.4000,0.4500,487,3250,5372,6044,0.0765,0.1598,0.2106,0.2106,0.000,,,0,7.25,7.25,31048,2656,214,28178,288468,66726,138670,37229,331693,52473,7923,74310,
VT,46,50,2013,626210,334964,15483,4.4,20.57579,12.36022,4.72862,28966,2,1.4,28768900,8422,7169,3260,100541,52337,536,640,726,200,367,526,668,903,1159,1365,1456,710,,,,54,8.7,1,96,45,0.68,21,7,0.75,0.0765,0.3400,0.4000,0.4500,487,3250,5372,6044,0.0765,0.1598,0.2106,0.2106,0.320,,,1,7.25,8.60,15775,997,68,14710,170133,14836,24124,3920,51537,15070,2137,22926,
VA,47,51,2013,8252427,3995182,242095,5.7,20.55286,11.92881,4.44046,455167,59,3.0,403198400,156581,64080,29351,940932,456489,254,320,382,200,367,526,668,621,846,1050,11654,710,,,,854,10.4,0,32,67,0.32,20,20,0.50,0.0765,0.3400,0.4000,0.4500,487,3250,5372,6044,0.0765,0.1598,0.2106,0.2106,0.200,,,0,7.25,7.25,153450,18381,1106,133963,851400,155935,361147,64785,717614,194660,24664,272470,
WA,48,53,2013,6963985,3219842,244027,7.0,23.61673,14.51117,3.90950,419671,53,3.2,336333500,2094757,109780,47226,1113441,591113,385,478,562,200,367,526,668,752,1004,1230,16989,710,,,,819,12.0,1,55,43,0.56,26,23,0.53,0.0765,0.3400,0.4000,0.4500,487,3250,5372,6044,0.0765,0.1598,0.2106,0.2106,0.000,,,0,7.25,9.19,150085,17010,893,132182,1169381,191753,311910,51535,519615,140950,19537,183984,
WV,49,54,2013,1853914,744410,54120,6.8,27.42385,16.81162,5.69775,70999,12,3.0,64785000,127927,19686,8960,350695,167014,301,340,384,200,367,526,668,668,866,1052,4854,710,,,,315,17.3,1,53,47,0.53,25,9,0.74,0.0765,0.3400,0.4000,0.4500,487,3250,5372,6044,0.0765,0.1598,0.2106,0.2106,0.000,,,0,7.25,7.25,79048,2687,481,75880,353243,46402,115493,9732,194032,79085,5029,117346,
WI,50,55,2013,5736754,2871997,207308,6.7,21.19721,13.05643,5.83651,281833,41,3.0,247744900,46044,61864,25945,856730,416826,608,608,608,200,367,526,668,975,1134,1276,11748,710,,,,618,11.0,0,39,59,0.40,15,18,0.45,0.0765,0.3400,0.4000,0.4500,487,3250,5372,6044,0.0765,0.1598,0.2106,0.2106,0.040,0.110,0.340,1,7.25,7.25,116703,6918,882,108903,956500,113763,263167,39050,563653,122737,12542,172767,
WY,51,56,2013,582122,292131,14477,4.7,27.08008,16.39853,5.41117,38943,3,2.2,30789600,179025,725,351,38046,16211,580,616,616,200,367,526,668,947,1142,1284,217,710,,,,68,11.8,0,8,52,0.13,4,26,0.13,0.0765,0.3400,0.4000,0.4500,487,3250,5372,6044,0.0765,0.1598,0.2106,0.2106,0.000,,,0,7.25,5.15,6890,333,38,6519,66378,11980,20154,6634,53764,8964,1918,14914,
AL,1,1,2014,4841799,2014290,146552,6.8,31.73338,20.69137,8.68087,195038,32,2.8,180457700,93054,40903,17078,902073,419552,190,215,245,189,347,497,632,537,712,877,7030,721,,,,848,17.8,0,37,64,0.37,11,23,0.32,0.0765,0.3400,0.4000,0.4500,496,3305,5460,6143,0.0765,0.1598,0.2106,0.2106,0.000,,,0,7.25,7.25,174539,9570,824,164145,1034955,131046,351725,38073,531105,194242,14067,236582,
AK,2,2,2014,736283,340302,25081,6.9,26.89804,16.37202,5.40815,55751,8,4.4,41110400,20251,9466,3523,87486,36997,821,923,1025,226,415,594,755,1236,1517,1780,918,721,,,,82,11.9,0,14,26,0.35,7,13,0.35,0.0765,0.3400,0.4000,0.4500,496,3305,5460,6143,0.0765,0.1598,0.2106,0.2106,0.000,,,0,7.25,7.75,12424,1783,74,10567,117568,19605,33587,4624,51028,15974,1782,21058,
AZ,3,4,2014,6730413,2889380,210504,6.8,29.12121,18.53910,6.37269,284851,121,7.2,257410400,92519,29409,13159,1044310,449640,220,277,334,189,347,497,632,567,774,966,5813,721,,,,1409,21.2,0,23,36,0.39,13,17,0.43,0.0765,0.3400,0.4000,0.4500,496,3305,5460,6143,0.0765,0.1598,0.2106,0.2106,0.000,,,0,7.25,7.90,119309,15755,1024,102530,1600050,173020,446990,54796,644221,233237,22601,300480,
AR,4,5,2014,2967392,1237248,79258,6.0,30.91239,19.46596,6.92963,116152,21,2.9,113545500,53333,13493,6000,491965,221446,162,204,247,189,347,497,632,509,701,879,2357,721,,,,532,18.4,1,48,51,0.48,13,22,0.37,0.0765,0.3400,0.4000,0.4500,496,3305,5460,6143,0.0765,0.1598,0.2106,0.2106,0.000,,,0,7.25,6.25,111464,5565,665,105234,870178,83289,213577,35608,327469,131811,17212,172605,
CA,5,6,2014,38596972,17310937,1403769,7.5,24.16489,13.69295,4.15612,2399078,341,3.6,2021035600,2150668,1298103,537583,4349634,2019272,606,750,891,189,347,497,632,953,1211,1448,232991,721,,,,6112,15.8,1,55,25,0.69,28,11,0.72,0.0765,0.3400,0.4000,0.4500,496,3305,5460,6143,0.0765,0.1598,0.2106,0.2106,0.000,,,0,7.25,9.00,1305589,360683,18803,926103,7726295,1348939,2310835,365535,3257076,1261774,162197,1620885,
CO,6,8,2014,5350101,2662404,140124,5.0,21.23692,13.29352,4.07665,305691,40,3.1,271307500,508992,45018,17098,505169,234098,364,462,561,189,347,497,632,711,959,1193,5927,721,,,,661,12.3,1,37,28,0.57,18,17,0.51,0.0765,0.3400,0.4000,0.4500,496,3305,5460,6143,0.0765,0.1598,0.2106,0.2106,0.100,,,1,7.25,8.00,72831,9078,513,63240,1047466,91991,209994,37258,372676,118125,17763,168992,
CT,7,9,2014,3594524,1762564,124864,6.6,22.17556,13.98822,6.71922,248779,14,1.8,239001100,68109,28806,14458,438559,242982,470,576,677,189,347,497,632,817,1073,1298,5988,721,,,,308,8.6,1,98,53,0.65,22,14,0.61,0.0765,0.3400,0.4000,0.4500,496,3305,5460,6143,0.0765,0.1598,0.2106,0.2106,0.275,,,1,7.25,8.70,63244,6678,429,56137,650639,52561,140044,21713,281949,70734,6748,93248,
DE,8,10,2014,932487,426325,25862,5.7,20.88318,11.24678,3.13219,67550,7,3.3,42888300,20936,13209,4697,150232,71408,270,338,407,189,347,497,632,617,835,1039,3085,721,,,,103,11.0,1,27,14,0.66,13,8,0.62,0.0765,0.3400,0.4000,0.4500,496,3305,5460,6143,0.0765,0.1598,0.2106,0.2106,0.200,,,0,7.25,7.75,16655,1230,97,15328,191451,19873,55947,4838,94824,30865,1957,41137,
DC,9,11,2014,662328,349686,29437,7.8,22.64053,11.77848,3.50397,119723,2,1.3,47259700,28163,16687,6491,142707,80360,336,428,523,189,347,497,632,683,925,1155,2286,721,,,,125,19.0,.,,,,11,0,1.00,0.0765,0.3400,0.4000,0.4500,496,3305,5460,6143,0.0765,0.1598,0.2106,0.2106,0.400,,,1,7.25,9.50,26852,1986,127,24739,236148,14501,43876,1854,51349,30387,1180,35188,
FL,10,12,2014,19845911,8966245,601050,6.3,26.34302,15.62672,6.14209,840386,253,6.0,856161800,342337,86765,50146,3526311,1920697,241,303,364,189,347,497,632,588,800,996,38381,721,,,,3282,16.7,0,45,74,0.38,14,26,0.35,0.0765,0.3400,0.4000,0.4500,496,3305,5460,6143,0.0765,0.1598,0.2106,0.2106,0.000,,,0,7.25,7.93,560810,127928,2969,429913,3878138,466736,1229659,118688,1652023,616401,47151,772998,
GA,11,13,2014,10067278,4403433,335513,7.1,29.78863,17.40487,7.23246,485283,143,5.5,400696100,168926,29948,15390,1815833,838034,235,280,330,189,347,497,632,582,777,962,12118,721,,,,1676,16.8,0,60,117,0.34,18,38,0.32,0.0765,0.3400,0.4000,0.4500,496,3305,5460,6143,0.0765,0.1598,0.2106,0.2106,0.000,,,0,7.25,5.15,256197,24346,1931,229920,1739952,271416,861066,81266,1236304,506345,36939,626650,
HI,12,15,2014,1414538,636495,28970,4.4,24.26301,14.96529,3.54783,77819,5,1.6,66846100,30738,24399,8470,194264,98830,485,610,735,330,605,867,1100,1090,1477,1835,1618,721,,,,147,10.8,1,44,7,0.86,24,1,0.96,0.0765,0.3400,0.4000,0.4500,496,3305,5460,6143,0.0765,0.1598,0.2106,0.2106,0.000,,,0,7.25,7.25,25215,5810,171,19234,287162,33923,58995,13043,113989,26307,3762,37587,
ID,13,16,2014,1631112,742302,37684,4.8,25.55666,13.21957,4.42971,63799,21,4.6,61827300,164399,2803,1867,211781,90161,309,309,309,189,347,497,632,656,806,941,1729,721,,,,199,12.4,0,13,57,0.19,7,28,0.20,0.0765,0.3400,0.4000,0.4500,496,3305,5460,6143,0.0765,0.1598,0.2106,0.2106,0.000,,,0,7.25,7.25,30451,1801,210,28440,276856,41423,86528,18297,158266,49967,8681,76033,
IL,14,17,2014,12884493,6052151,461710,7.1,22.45601,12.31656,4.48482,766121,61,2.0,637280000,153797,44546,20050,2015303,1021150,318,432,474,189,347,497,632,665,929,1106,13147,721,,,,1756,13.7,1,71,47,0.60,40,19,0.68,0.0765,0.3400,0.4000,0.4500,496,3305,5460,6143,0.0765,0.1598,0.2106,0.2106,0.100,,,1,7.25,8.25,275772,30315,2394,243063,2934779,265923,777182,52208,1100934,361744,14439,413318,
IN,15,18,2014,6593644,3032497,192275,6.0,27.18069,16.58495,6.94927,325008,74,4.5,270985700,57467,21296,10587,892699,404575,229,288,346,189,347,497,632,576,785,978,7659,721,,,,948,14.6,0,31,69,0.31,13,37,0.26,0.0765,0.3400,0.4000,0.4500,496,3305,5460,6143,0.0765,0.1598,0.2106,0.2106,0.090,,,1,7.25,7.25,127944,5443,892,121609,1096804,155323,391323,69262,774693,196101,21478,260521,
IA,16,19,2014,3109350,1629331,72114,4.2,18.62878,9.99725,3.86079,172122,14,1.9,139303300,20178,39028,15529,408070,193372,361,426,495,189,347,497,632,708,923,1127,5363,721,,,,317,10.3,0,47,53,0.47,26,24,0.52,0.0765,0.3400,0.4000,0.4500,496,3305,5460,6143,0.0765,0.1598,0.2106,0.2106,0.140,,,1,7.25,7.25,51223,3153,684,47386,549935,63767,152589,28571,383594,65462,7342,93853,
KS,17,20,2014,2900475,1424439,67719,4.5,30.09224,17.70771,6.91241,148943,27,3.7,135975900,23227,16990,7087,293456,132825,352,429,497,189,347,497,632,699,926,1129,3135,721,,,,345,12.1,0,33,92,0.26,8,32,0.20,0.0765,0.3400,0.4000,0.4500,496,3305,5460,6143,0.0765,0.1598,0.2106,0.2106,0.170,,,1,7.25,7.25,48870,2947,332,45591,369707,65699,168473,36037,346298,84987,11857,113862,
KY,18,21,2014,4414349,1876841,129518,6.5,29.83813,19.18903,8.00848,186419,29,2.8,165914700,250439,57766,28587,828076,399207,225,262,325,189,347,497,632,572,759,957,17902,721,,,,861,20.0,1,54,46,0.54,14,23,0.38,0.0765,0.3400,0.4000,0.4500,496,3305,5460,6143,0.0765,0.1598,0.2106,0.2106,0.000,,,0,7.25,7.25,188535,9616,1159,177760,1108768,121682,352555,29325,529401,226876,12673,278707,
LA,19,22,2014,4644013,2014189,137093,6.4,32.15151,22.77953,8.70458,237717,35,3.1,198233900,198283,12889,5770,877340,396428,188,240,284,189,347,497,632,535,737,916,4234,721,,,,1049,23.1,0,44,59,0.43,13,26,0.33,0.0765,0.3400,0.4000,0.4500,496,3305,5460,6143,0.0765,0.1598,0.2106,0.2106,0.035,,,1,7.25,7.25,181261,12375,1319,167567,1264882,130399,374881,36381,554244,217809,14801,264461,
ME,20,23,2014,1330513,657188,39125,5.6,27.32054,17.97533,7.01835,55827,8,3.0,55650000,26475,53208,25608,230536,122690,363,485,611,189,347,497,632,710,982,1243,2418,721,,,,190,14.6,0,89,58,0.61,19,15,0.56,0.0765,0.3400,0.4000,0.4500,496,3305,5460,6143,0.0765,0.1598,0.2106,0.2106,0.050,,,0,7.25,7.50,37628,1795,231,35602,294435,22947,54005,8200,99023,31158,4240,46815,
MD,21,24,2014,5957283,2941562,181486,5.8,20.34910,12.32481,6.45193,353249,24,1.7,325837000,358426,50146,20770,787597,403781,493,624,755,189,347,497,632,840,1121,1353,7492,721,,,,584,9.8,1,98,43,0.70,35,12,0.74,0.0765,0.3400,0.4000,0.4500,496,3305,5460,6143,0.0765,0.1598,0.2106,0.2106,0.250,,,1,7.25,7.25,118153,15006,654,102493,1160217,140467,263140,35753,423553,161526,18940,235995,
MA,22,25,2014,6762596,3363438,204883,5.7,17.78283,10.22150,5.34616,473052,11,0.7,405505900,131808,162239,68598,863412,489039,531,633,731,189,347,497,632,878,1129,1336,18110,721,,,,902,13.6,1,125,29,0.81,35,4,0.90,0.0765,0.3400,0.4000,0.4500,496,3305,5460,6143,0.0765,0.1598,0.2106,0.2106,0.150,,,1,7.25,8.00,188606,22220,2352,164034,1798346,115110,279747,30256,515506,128453,8772,158634,
MI,23,26,2014,9929848,4417024,344367,7.2,22.56409,14.01908,4.38064,448572,55,2.4,408617500,79194,61280,26721,1679421,872538,403,492,597,189,347,497,632,750,989,1229,12551,721,,,,1462,14.8,0,51,59,0.46,12,26,0.32,0.0765,0.3400,0.4000,0.4500,496,3305,5460,6143,0.0765,0.1598,0.2106,0.2106,0.060,,,1,7.25,8.15,277362,18155,1584,257623,2129065,251716,550572,58250,860174,314214,19964,388785,
MN,24,27,2014,5451079,2848788,124013,4.2,18.41877,10.13517,3.68182,322690,30,2.3,273960600,105262,48805,21939,533743,260437,437,532,621,189,347,497,632,784,1029,1253,10436,721,,,,447,8.3,1,73,61,0.54,39,28,0.58,0.0765,0.3400,0.4000,0.4500,496,3305,5460,6143,0.0765,0.1598,0.2106,0.2106,0.330,,,1,7.25,8.00,94215,10602,730,82883,1029769,121755,233135,53253,610327,119011,20026,190639,
MS,25,28,2014,2990468,1156341,93830,7.5,35.60239,21.28461,6.53561,103520,28,3.7,103310800,44925,18036,8694,656871,302202,146,170,194,189,347,497,632,493,667,826,4304,721,,,,654,22.1,0,57,65,0.47,20,32,0.38,0.0765,0.3400,0.4000,0.4500,496,3305,5460,6143,0.0765,0.1598,0.2106,0.2106,0.000,,,0,7.25,7.25,125605,8791,891,115923,689153,87973,292733,30286,389497,178072,12716,206865,
MO,26,29,2014,6056202,2859966,186937,6.1,27.29426,17.17801,6.63947,284237,70,4.9,252999600,99972,73733,30582,858416,403913,234,292,342,189,347,497,632,581,789,974,7108,721,,,,620,10.4,1,52,108,0.33,9,24,0.27,0.0765,0.3400,0.4000,0.4500,496,3305,5460,6143,0.0765,0.1598,0.2106,0.2106,0.000,,,0,7.25,7.50,142743,7239,858,134646,782371,138657,334931,51079,604486,196881,22171,271377,
MT,27,30,2014,1021869,488336,23909,4.7,22.01782,15.10729,6.14686,44608,12,5.2,42817500,138796,7418,3060,124906,59097,405,510,615,189,347,497,632,752,1007,1247,1115,721,,,,121,12.0,1,39,61,0.39,21,29,0.42,0.0765,0.3400,0.4000,0.4500,496,3305,5460,6143,0.0765,0.1598,0.2106,0.2106,0.000,,,0,7.25,7.90,18249,1293,126,16830,148812,19227,40621,8341,83248,19894,2804,28944,
NE,28,31,2014,1879321,977617,33201,3.3,22.95840,14.96761,5.12534,111387,17,3.4,91999000,12030,14410,6009,173530,76919,293,364,435,189,347,497,632,640,861,1067,3238,721,,,,221,11.8,0,,,,,,,0.0765,0.3400,0.4000,0.4500,496,3305,5460,6143,0.0765,0.1598,0.2106,0.2106,0.100,,,1,7.25,7.25,27683,2172,229,25282,231795,39211,99773,25044,242273,42501,7422,68913,
NV,29,32,2014,2817628,1278808,109961,7.9,29.65686,16.37958,6.75020,134518,43,6.3,116945300,40773,31869,12134,383622,188739,318,383,448,189,347,497,632,665,880,1080,4775,721,,,,478,17.0,0,27,15,0.64,11,10,0.52,0.0765,0.3400,0.4000,0.4500,496,3305,5460,6143,0.0765,0.1598,0.2106,0.2106,0.000,,,0,7.25,8.25,50714,12147,695,37872,514707,74262,151931,23910,212395,73167,8817,90758,
NH,30,33,2014,1333341,711551,31769,4.3,17.79189,10.07827,3.95391,72304,5,1.7,70225100,21692,14442,5924,111701,53559,606,675,738,189,347,497,632,953,1159,1341,1406,721,,,,95,7.2,1,216,178,0.55,11,13,0.46,0.0765,0.3400,0.4000,0.4500,496,3305,5460,6143,0.0765,0.1598,0.2106,0.2106,0.000,,,0,7.25,7.25,19656,894,137,18625,139105,14736,35111,6475,91812,15008,1613,22112,
NJ,31,34,2014,8864525,4183541,303497,6.8,21.02693,14.21361,5.57978,545465,51,2.4,520079000,408699,66125,28052,883434,439695,322,424,488,189,347,497,632,669,921,1120,8352,721,,,,1013,11.3,0,48,32,0.60,24,16,0.60,0.0765,0.3400,0.4000,0.4500,496,3305,5460,6143,0.0765,0.1598,0.2106,0.2106,0.200,,,1,7.25,8.25,181864,35736,758,145370,1534071,163049,398231,55303,688937,213288,19652,273380,
NM,32,35,2014,2089568,869558,62194,6.7,24.84547,15.43118,5.60373,92586,27,5.1,77747600,60761,36143,13161,430622,194963,304,380,459,189,347,497,632,651,877,1091,5472,721,,,,406,20.0,0,37,33,0.53,25,17,0.60,0.0765,0.3400,0.4000,0.4500,496,3305,5460,6143,0.0765,0.1598,0.2106,0.2106,0.100,,,1,7.25,7.50,64072,8508,447,55117,679117,58376,152153,20290,215567,110058,13044,149229,
NY,33,36,2014,19651049,8925698,603720,6.3,27.40817,17.03566,4.60392,1425724,86,2.0,1115351800,1636849,383880,150461,3122879,1698559,574,789,951,189,347,497,632,921,1238,1490,52910,721,,,,2755,14.0,1,100,40,0.71,32,29,0.52,0.0765,0.3400,0.4000,0.4500,496,3305,5460,6143,0.0765,0.1598,0.2106,0.2106,0.300,,,1,7.25,8.00,654316,118518,2837,532961,5778646,485825,1124158,123592,1697757,527273,39770,660112,
NC,34,37,2014,9932887,4400314,296467,6.3,26.68405,17.98793,6.72191,476260,83,3.5,397996000,120355,31223,16554,1575676,761105,236,272,297,189,347,497,632,583,769,929,12360,721,,,,1678,17.1,0,43,77,0.36,17,33,0.34,0.0765,0.3400,0.4000,0.4500,496,3305,5460,6143,0.0765,0.1598,0.2106,0.2106,0.000,,,0,7.25,7.25,235256,18575,1782,214899,1859214,255672,604781,69714,889937,337235,32328,432595,
ND,35,38,2014,737401,402521,11023,2.7,16.13859,9.58788,3.11388,58680,4,2.3,41526200,250512,3274,1304,53753,25011,378,477,573,189,347,497,632,725,974,1205,651,721,,,,71,9.7,0,23,71,0.24,14,33,0.30,0.0765,0.3400,0.4000,0.4500,496,3305,5460,6143,0.0765,0.1598,0.2106,0.2106,0.000,,,0,7.25,7.25,8237,703,57,7477,79076,12814,25353,6046,89002,12581,1940,24087,
OH,36,39,2014,11602700,5373053,331318,5.8,27.81514,17.94523,7.00755,592876,83,3.0,496069100,1218182,163521,76140,1752135,851972,380,465,572,189,347,497,632,727,962,1204,45942,721,,,,1792,15.6,0,39,60,0.39,10,23,0.30,0.0765,0.3400,0.4000,0.4500,496,3305,5460,6143,0.0765,0.1598,0.2106,0.2106,0.050,,,0,7.25,7.95,313170,15215,1883,296072,2751033,250370,619418,70441,1051279,335988,22466,428384,
OK,37,40,2014,3878187,1717628,80632,4.5,29.86756,17.39088,6.36391,193546,50,5.1,176621900,298384,15707,7162,608492,279606,225,292,361,189,347,497,632,572,789,993,4810,721,,,,647,17.3,0,29,72,0.29,12,36,0.25,0.0765,0.3400,0.4000,0.4500,496,3305,5460,6143,0.0765,0.1598,0.2106,0.2106,0.050,,,1,7.25,7.25,96969,6126,642,90201,732897,114490,274341,43488,439578,166344,21199,226576,
OR,38,41,2014,3963244,1805524,131345,6.8,30.38999,18.19265,6.48649,188778,27,3.0,168408800,370749,119618,46333,802190,448855,432,506,621,189,347,497,632,779,1003,1253,6067,721,,,,570,14.4,1,34,26,0.57,16,14,0.53,0.0765,0.3400,0.4000,0.4500,496,3305,5460,6143,0.0765,0.1598,0.2106,0.2106,0.080,,,1,7.25,9.10,85051,9093,634,75324,965191,103227,191358,23680,288160,102323,11934,139405,
PA,39,42,2014,12788313,6017923,374432,5.9,20.98697,11.82763,4.76011,691173,86,3.1,619387100,436419,171544,69295,1796154,889725,316,403,497,189,347,497,632,663,900,1129,19421,721,,,,1581,12.5,0,92,110,0.46,23,26,0.47,0.0765,0.3400,0.4000,0.4500,496,3305,5460,6143,0.0765,0.1598,0.2106,0.2106,0.000,,,0,7.25,7.25,373914,24295,1953,347666,2095848,248761,545798,70145,1040494,259027,21367,346468,
RI,40,44,2014,1055936,513753,42826,7.7,22.32257,11.56978,4.70218,54298,4,1.9,50863300,16588,13423,5597,178518,101002,449,554,634,189,347,497,632,796,1051,1266,1807,721,,,,119,11.3,1,69,6,0.92,32,5,0.86,0.0765,0.3400,0.4000,0.4500,496,3305,5460,6143,0.0765,0.1598,0.2106,0.2106,0.150,,,1,7.25,8.00,33345,3235,170,29940,259243,22139,48734,5687,76867,25414,2072,32832,
SC,41,45,2014,4823617,2078592,143753,6.5,27.56631,17.85489,5.83099,191982,40,3.6,181483100,149752,25356,11252,834511,395209,217,274,330,189,347,497,632,564,771,962,5823,721,,,,788,16.5,0,46,78,0.37,18,28,0.39,0.0765,0.3400,0.4000,0.4500,496,3305,5460,6143,0.0765,0.1598,0.2106,0.2106,0.000,,,0,7.25,7.25,118245,8292,1207,108746,1089973,113179,327074,32923,472290,214644,16219,270239,
SD,42,46,2014,849129,431382,15333,3.4,21.47927,13.47008,5.68179,46370,7,3.1,39872200,10631,6237,3122,100938,44039,536,599,662,189,347,497,632,883,1096,1288,2345,721,,,,109,12.8,0,17,53,0.24,7,28,0.20,0.0765,0.3400,0.4000,0.4500,496,3305,5460,6143,0.0765,0.1598,0.2106,0.2106,0.000,,,0,7.25,7.25,14880,1434,116,13330,105085,19573,43135,9118,107749,20348,2336,28420,
TN,43,47,2014,6541223,2825051,199135,6.6,24.36637,13.29023,4.68317,303789,54,3.5,266873500,107238,113749,47692,1312505,650251,142,185,226,189,347,497,632,489,682,858,18610,721,,,,1122,17.3,0,27,71,0.28,7,26,0.21,0.0765,0.3400,0.4000,0.4500,496,3305,5460,6143,0.0765,0.1598,0.2106,0.2106,0.000,,,0,7.25,7.25,183778,11846,1411,170521,1424822,153742,439701,47356,649935,278621,23936,361070,
TX,44,48,2014,26964333,12374172,665280,5.1,28.95899,18.26607,5.22829,1568071,527,7.1,1248709900,801005,80118,36500,3852675,1607669,240,277,333,189,347,497,632,587,774,965,26994,721,,,,4364,16.4,0,55,95,0.37,12,18,0.40,0.0765,0.3400,0.4000,0.4500,496,3305,5460,6143,0.0765,0.1598,0.2106,0.2106,0.000,,,0,7.25,7.25,665989,104973,6730,554286,4089970,916461,2280923,268962,3322460,1448789,136499,1864859,
UT,45,49,2014,2936879,1372636,54429,3.8,23.47348,13.58095,5.72051,141528,54,5.7,113140900,222363,10562,4320,229911,90570,399,498,583,189,347,497,632,746,995,1215,2095,721,,,,298,10.2,0,14,61,0.19,5,24,0.17,0.0765,0.3400,0.4000,0.4500,496,3305,5460,6143,0.0765,0.1598,0.2106,0.2106,0.000,,,0,7.25,7.25,31163,2746,210,28207,311905,61259,137290,37388,329701,52294,8214,75078,
VT,46,50,2014,625214,333383,13675,3.9,20.82197,11.73575,4.54270,29691,1,1.0,29886800,8604,8177,3557,93000,48575,536,640,726,189,347,497,632,883,1134,1333,1467,721,,,,57,9.3,1,96,45,0.68,20,7,0.74,0.0765,0.3400,0.4000,0.4500,496,3305,5460,6143,0.0765,0.1598,0.2106,0.2106,0.320,,,1,7.25,8.73,15825,1002,64,14759,183705,14227,23827,4385,50500,14976,2361,22969,
VA,47,51,2014,8310993,4019470,221709,5.2,20.99165,11.48600,3.96601,464514,69,3.6,421873600,159863,60724,27777,918902,443607,254,320,382,189,347,497,632,601,817,1014,11100,721,,,,842,10.2,1,33,67,0.33,20,20,0.50,0.0765,0.3400,0.4000,0.4500,496,3305,5460,6143,0.0765,0.1598,0.2106,0.2106,0.200,,,0,7.25,7.25,155434,18216,1099,136119,906574,144598,369732,65287,708105,199994,24947,276308,
WA,48,53,2014,7054655,3277540,213947,6.1,24.69598,15.90029,6.61183,442930,43,2.6,363326700,2129807,94337,41044,1095551,585105,385,478,562,189,347,497,632,732,975,1194,15807,721,,,,852,12.0,1,55,43,0.56,25,24,0.51,0.0765,0.3400,0.4000,0.4500,496,3305,5460,6143,0.0765,0.1598,0.2106,0.2106,0.000,,,0,7.25,9.32,151180,17116,887,133177,1588275,183405,317319,52691,523556,143540,20001,187540,
WV,49,54,2014,1849489,736472,52349,6.6,27.72344,16.50368,4.99931,71769,5,1.3,66863600,102821,18649,8591,362501,176029,301,340,384,189,347,497,632,648,837,1016,4917,721,,,,376,20.6,1,53,47,0.53,24,10,0.71,0.0765,0.3400,0.4000,0.4500,496,3305,5460,6143,0.0765,0.1598,0.2106,0.2106,0.000,,,0,7.25,7.25,77725,2560,472,74693,497890,43763,119726,8444,192217,91153,4882,131986,
WI,50,55,2014,5751525,2914992,166551,5.4,18.82976,11.99040,5.11301,293837,37,2.8,258489400,46093,66071,27240,841533,420833,608,608,608,189,347,497,632,955,1105,1240,11677,721,,,,628,10.9,0,39,60,0.39,15,18,0.45,0.0765,0.3400,0.4000,0.4500,496,3305,5460,6143,0.0765,0.1598,0.2106,0.2106,0.040,0.110,0.340,1,7.25,7.25,117641,6901,875,109865,1200151,108901,266134,36626,550170,127167,12131,177034,
WY,51,56,2014,582531,293302,12668,4.1,16.87504,11.66071,3.35089,39432,5,3.4,33035400,191156,743,357,35871,15249,597,635,635,189,347,497,632,944,1131,1267,221,721,,,,55,9.7,0,8,52,0.13,4,26,0.13,0.0765,0.3400,0.4000,0.4500,496,3305,5460,6143,0.0765,0.1598,0.2106,0.2106,0.000,,,0,7.25,5.15,6807,329,38,6440,68320,11629,20698,6343,52885,9173,1846,14860,
AL,1,1,2015,4852347,2030005,131476,6.1,30.90252,19.58149,7.04400,200198,24,2.1,188711400,92732,31774,13595,889380,417943,190,215,245,194,357,511,649,547,726,894,6430,733,,,,784,16.3,0,33,72,0.31,8,26,0.24,0.0765,0.3400,0.4000,0.4500,503,3359,5548,6242,0.0765,0.1598,0.2106,0.2106,0.000,,,0,7.25,7.25,170844,9007,850,161006,1050432,132133,370852,30415,531306,211747,11330,254270,
AK,2,2,2015,737498,339619,23651,6.5,26.50842,15.43435,3.26499,50728,8,3.9,42505800,20272,8471,3139,81121,34187,821,923,1025,227,417,598,759,1238,1521,1784,841,733,,,,65,9.2,0,16,23,0.41,6,14,0.30,0.0765,0.3400,0.4000,0.4500,503,3359,5548,6242,0.0765,0.1598,0.2106,0.2106,0.000,,,0,7.25,8.75,12515,1789,79,10652,130021,19682,37478,3127,53617,20162,1057,25111,
AZ,3,4,2015,6829676,2972014,191814,6.1,26.50268,14.15975,5.86075,298615,99,5.9,271258000,92072,24869,11551,999401,439330,220,277,334,194,357,511,649,577,788,983,5849,733,,,,1156,17.2,0,24,36,0.40,13,17,0.43,0.0765,0.3400,0.4000,0.4500,503,3359,5548,6242,0.0765,0.1598,0.2106,0.2106,0.000,,,0,7.25,8.05,119715,16164,1049,102374,1737871,167072,451434,54465,647391,242126,22383,308723,
AR,4,5,2015,2978048,1264455,66922,5.0,29.13671,20.12329,6.43638,117734,27,3.7,117671800,52457,10855,4861,468904,214056,162,204,247,194,357,511,649,519,715,896,2039,733,,,,475,16.1,0,36,64,0.36,11,23,0.32,0.0765,0.3400,0.4000,0.4500,503,3359,5548,6242,0.0765,0.1598,0.2106,0.2106,0.000,,,0,7.25,7.50,110053,5365,669,104060,915045,84220,214488,32760,320995,136768,16780,180503,
CA,5,6,2015,38918045,17660651,1168112,6.2,22.19720,13.74365,3.84920,2559643,193,2.0,2172930200,1891682,1806069,623452,4417772,2096960,636,788,936,194,357,511,649,993,1256,1501,167594,733,,,,5441,13.9,1,52,28,0.65,26,14,0.65,0.0765,0.3400,0.4000,0.4500,503,3359,5548,6242,0.0765,0.1598,0.2106,0.2106,0.000,,,0,7.25,9.00,1292302,360518,18445,914341,9626603,1265005,2313964,363524,3271857,1295232,170213,1691546,
CO,6,8,2015,5450623,2714821,110290,3.9,15.31881,9.93199,4.56163,317992,27,2.1,284819600,500865,45174,17137,495134,233113,364,462,561,194,357,511,649,721,973,1210,5819,733,,,,538,9.9,1,34,31,0.52,17,18,0.49,0.0765,0.3400,0.4000,0.4500,503,3359,5548,6242,0.0765,0.1598,0.2106,0.2106,0.100,,,1,7.25,8.23,72806,9332,519,62913,1241434,90954,208546,38693,378229,127208,19573,185014,
CT,7,9,2015,3587122,1780915,108079,5.7,26.13580,14.38694,5.85649,262373,12,1.6,245244000,65814,26274,13144,442161,248204,487,597,701,194,357,511,649,844,1108,1336,5515,733,,,,324,9.1,1,87,64,0.58,21,15,0.58,0.0765,0.3400,0.4000,0.4500,503,3359,5548,6242,0.0765,0.1598,0.2106,0.2106,0.275,,,1,7.25,9.15,63736,6773,429,56538,815915,51295,151205,17461,280152,75353,5137,95009,
DE,8,10,2015,941252,442855,22631,4.9,18.47028,12.30917,1.89932,71548,3,1.6,45196400,20669,12789,4535,149981,71821,270,338,407,194,357,511,649,627,849,1056,3102,733,,,,106,11.1,1,25,16,0.61,12,9,0.57,0.0765,0.3400,0.4000,0.4500,503,3359,5548,6242,0.0765,0.1598,0.2106,0.2106,0.200,,,0,7.25,8.25,16880,1238,90,15541,209937,18998,63355,3364,97978,38145,1320,47974,
DC,9,11,2015,675400,362304,26797,6.9,24.51493,13.72085,3.95223,124854,1,0.6,50963600,28027,15670,6244,141845,80007,341,434,531,194,357,511,649,698,945,1180,2154,733,,,,113,16.6,.,,,,11,0,1.00,0.0765,0.3400,0.4000,0.4500,503,3359,5548,6242,0.0765,0.1598,0.2106,0.2106,0.400,,,1,7.25,10.50,26886,2052,128,24785,248868,14526,44419,1950,52668,29598,1156,34499,
FL,10,12,2015,20209042,9070977,523406,5.5,19.70984,11.81545,5.40261,897755,195,4.6,914928400,333722,84148,49046,3656169,2009594,241,303,364,194,357,511,649,598,814,1013,38070,733,,,,3253,16.2,0,38,80,0.32,14,25,0.36,0.0765,0.3400,0.4000,0.4500,503,3359,5548,6242,0.0765,0.1598,0.2106,0.2106,0.000,,,0,7.25,8.05,571293,134445,3149,433284,4080246,483811,1287805,98058,1675731,643574,39307,786519,
GA,11,13,2015,10178447,4482922,285903,6.0,23.26232,13.70662,4.81186,515753,127,4.9,425498400,168348,25853,13337,1800531,839207,235,280,330,194,357,511,649,592,791,979,10701,733,,,,1833,18.1,0,59,120,0.33,18,38,0.32,0.0765,0.3400,0.4000,0.4500,503,3359,5548,6242,0.0765,0.1598,0.2106,0.2106,0.000,,,0,7.25,5.15,258401,24488,1998,231839,1819982,264299,870801,78324,1236154,509007,35663,626930,
HI,12,15,2015,1422052,649808,24006,3.6,15.92585,6.92335,2.19286,82644,2,0.8,70376200,30647,21735,7587,188895,95545,485,610,735,332,609,872,1107,1094,1482,1842,1523,733,,,,151,10.9,1,43,8,0.84,24,1,0.96,0.0765,0.3400,0.4000,0.4500,503,3359,5548,6242,0.0765,0.1598,0.2106,0.2106,0.000,,,0,7.25,7.75,24778,5692,170,18913,299123,31616,56966,12059,109591,26271,3639,37814,
ID,13,16,2015,1651059,762070,32617,4.1,25.19941,13.18434,4.80709,66082,13,2.9,65683400,170348,2735,1862,196872,83869,309,309,309,194,357,511,649,666,820,958,1772,733,,,,204,12.3,0,14,56,0.20,7,28,0.20,0.0765,0.3400,0.4000,0.4500,503,3359,5548,6242,0.0765,0.1598,0.2106,0.2106,0.000,,,0,7.25,7.25,30774,1816,208,28711,300242,40506,86189,17328,156992,51876,7820,77465,
IL,14,17,2015,12858913,6117766,388089,6.0,19.53119,10.56688,4.19435,795326,44,1.4,665490100,154366,41886,18643,2042306,1060589,318,432,474,194,357,511,649,675,943,1123,12253,733,,,,1380,10.9,0,71,47,0.60,39,20,0.66,0.0765,0.3400,0.4000,0.4500,503,3359,5548,6242,0.0765,0.1598,0.2106,0.2106,0.100,,,1,7.25,8.25,274621,30513,2447,241782,3006972,247594,830182,32397,1108557,387319,7677,423306,
IN,15,18,2015,6608422,3108735,158018,4.8,23.25559,14.23572,5.03816,329528,68,4.2,281848500,57468,18397,9183,831740,379929,229,288,346,194,357,511,649,586,799,995,6852,733,,,,880,13.5,0,29,71,0.29,10,40,0.20,0.0765,0.3400,0.4000,0.4500,503,3359,5548,6242,0.0765,0.1598,0.2106,0.2106,0.090,,,1,7.25,7.25,128781,5448,914,122412,1151221,154485,399311,63938,768262,207248,19821,272047,
IA,16,19,2015,3120960,1634249,63843,3.8,18.83566,10.24370,3.89563,179459,15,2.1,144493600,20493,33633,16553,391224,184850,361,426,495,194,357,511,649,718,937,1144,5134,733,,,,321,10.4,0,43,57,0.43,26,23,0.53,0.0765,0.3400,0.4000,0.4500,503,3359,5548,6242,0.0765,0.1598,0.2106,0.2106,0.140,,,1,7.25,7.25,51059,3162,672,47186,570133,63481,158504,26832,381709,71126,6877,98260,
KS,17,20,2015,2909011,1427337,62223,4.2,20.50437,10.55146,3.25973,154016,23,3.1,137721200,21812,14384,6099,273974,121991,352,429,497,194,357,511,649,709,940,1146,2946,733,,,,404,14.2,0,28,97,0.22,8,32,0.20,0.0765,0.3400,0.4000,0.4500,503,3359,5548,6242,0.0765,0.1598,0.2106,0.2106,0.170,,,1,7.25,7.25,48360,2910,352,45112,373592,62850,169259,35773,345398,86447,11955,115827,
KY,18,21,2015,4425976,1876497,104876,5.3,25.19207,14.48034,5.58315,192819,26,2.5,173495800,272768,50185,25301,768882,368596,225,262,328,194,357,511,649,582,773,977,16779,733,,,,851,19.5,1,54,46,0.54,11,26,0.30,0.0765,0.3400,0.4000,0.4500,503,3359,5548,6242,0.0765,0.1598,0.2106,0.2106,0.000,,,0,7.25,7.25,184103,9372,1133,173620,1283812,116179,377259,20109,525267,239754,8242,283065,
LA,19,22,2015,4664628,2021509,136614,6.3,31.03158,19.62937,6.74795,231752,29,2.5,200110300,148552,11859,5266,859738,389519,188,240,284,194,357,511,649,545,751,933,3820,733,,,,854,18.6,0,44,59,0.43,13,26,0.33,0.0765,0.3400,0.4000,0.4500,503,3359,5548,6242,0.0765,0.1598,0.2106,0.2106,0.035,,,1,7.25,7.25,178954,11945,1346,165694,1414670,128935,388919,30041,548567,227530,11843,267794,
ME,20,23,2015,1328262,653259,29984,4.4,24.32290,15.20721,7.76613,57560,7,2.8,57941800,26392,48181,22403,202579,105075,363,485,611,194,357,511,649,720,996,1260,2224,733,,,,165,12.3,0,79,68,0.54,14,21,0.40,0.0765,0.3400,0.4000,0.4500,503,3359,5548,6242,0.0765,0.1598,0.2106,0.2106,0.050,,,0,7.25,7.50,37328,1755,219,35383,278348,21781,55143,8122,100243,63121,7420,93782,
MD,21,24,2015,5985562,2981859,159743,5.1,19.04621,10.26410,1.52390,370768,27,2.0,341389900,354578,16493,19333,781035,404708,503,636,762,194,357,511,649,860,1147,1379,7434,733,,,,566,9.6,0,91,50,0.65,33,14,0.70,0.0765,0.3400,0.4000,0.4500,503,3359,5548,6242,0.0765,0.1598,0.2106,0.2106,0.250,,,1,7.25,8.25,120254,15140,704,104390,1125293,142841,273048,36313,434494,178073,20411,264688,
MA,22,25,2015,6794228,3417113,172200,4.8,15.95308,9.29554,4.13506,503179,7,0.5,432237400,128535,140722,59578,785778,449468,531,633,731,194,357,511,649,888,1144,1357,16552,733,,,,782,11.5,0,125,35,0.78,34,6,0.85,0.0765,0.3400,0.4000,0.4500,503,3359,5548,6242,0.0765,0.1598,0.2106,0.2106,0.150,,,1,7.25,9.00,188207,22663,2341,163047,1875935,113262,298726,23528,515426,141567,7130,169164,
MI,23,26,2015,9931715,4500448,258403,5.4,24.24818,14.07212,4.90905,473150,44,1.9,431805500,78706,52225,21354,1571344,824971,403,492,597,194,357,511,649,760,1003,1246,10852,733,,,,1259,12.8,0,47,63,0.43,12,26,0.32,0.0765,0.3400,0.4000,0.4500,503,3359,5548,6242,0.0765,0.1598,0.2106,0.2106,0.060,,,1,7.25,8.15,275866,18449,1626,255798,2255990,244829,536970,59714,842748,316228,22381,399379,
MN,24,27,2015,5482032,2889488,110852,3.7,16.57593,10.62659,4.20129,333066,21,1.6,287012300,95540,44032,19469,496023,240410,437,532,621,194,357,511,649,794,1043,1270,9908,733,,,,428,7.8,1,62,72,0.46,39,28,0.58,0.0765,0.3400,0.4000,0.4500,503,3359,5548,6242,0.0765,0.1598,0.2106,0.2106,0.330,,,1,7.25,9.00,94146,10703,718,82726,1174293,119403,234704,56174,613740,127137,22530,214810,
MS,25,28,2015,2988471,1184093,80747,6.4,31.36335,20.16063,6.67674,105428,20,2.7,105212700,44383,13972,6967,636322,296094,146,170,194,194,357,511,649,503,681,843,3723,733,,,,563,19.1,0,56,66,0.46,20,32,0.38,0.0765,0.3400,0.4000,0.4500,503,3359,5548,6242,0.0765,0.1598,0.2106,0.2106,0.000,,,0,7.25,7.25,123207,8306,936,113959,745775,89449,299264,25194,384628,179378,10181,203931,
MO,26,29,2015,6071732,2920639,154723,5.0,23.24446,13.35388,4.89031,293938,58,4.1,262012600,128772,67268,27738,844597,398662,234,292,342,194,357,511,649,591,803,991,6612,733,,,,582,9.8,1,44,118,0.27,9,25,0.26,0.0765,0.3400,0.4000,0.4500,503,3359,5548,6242,0.0765,0.1598,0.2106,0.2106,0.000,,,0,7.25,7.65,140271,7030,886,132341,904979,134780,342425,48385,603698,206141,21069,280757,
MT,27,30,2015,1030475,496042,21614,4.2,22.90163,13.13567,4.02072,46269,11,4.7,44956100,115444,7113,2961,119082,56112,465,586,707,194,357,511,649,822,1097,1340,1189,733,,,,121,11.9,1,41,59,0.41,21,29,0.42,0.0765,0.3400,0.4000,0.4500,503,3359,5548,6242,0.0765,0.1598,0.2106,0.2106,0.000,,,0,7.25,8.05,18312,1289,123,16903,130948,18476,41783,6698,81872,22157,2211,31311,
NE,28,31,2015,1891277,976735,30281,3.0,26.04830,16.42560,5.38604,115664,17,3.4,95935500,11902,13417,5564,174092,77755,293,364,435,194,357,511,649,650,875,1084,3079,733,,,,192,10.3,0,,,,,,,0.0765,0.3400,0.4000,0.4500,503,3359,5548,6242,0.0765,0.1598,0.2106,0.2106,0.100,,,1,7.25,8.00,27909,2220,229,25443,235833,37601,99033,24335,241037,43109,7617,70327,
NV,29,32,2015,2866939,1312816,94932,6.7,26.94099,14.80594,4.26688,143554,33,4.8,127046800,40432,28802,11115,420413,209787,318,383,448,194,357,511,649,675,894,1097,4890,733,,,,371,13.0,0,17,25,0.40,10,11,0.48,0.0765,0.3400,0.4000,0.4500,503,3359,5548,6242,0.0765,0.1598,0.2106,0.2106,0.000,,,0,7.25,8.25,53440,12841,728,39711,527035,73144,155321,24001,216351,75664,8873,93917,
NH,30,33,2015,1336350,720583,25118,3.4,21.15306,10.88072,4.19198,75832,3,1.1,72874800,21551,13436,5530,106296,51478,606,675,738,194,357,511,649,963,1177,1362,1422,733,,,,94,7.3,1,160,239,0.40,14,10,0.58,0.0765,0.3400,0.4000,0.4500,503,3359,5548,6242,0.0765,0.1598,0.2106,0.2106,0.000,,,0,7.25,7.25,19588,881,131,18607,181532,14705,34492,6159,88737,14182,1519,20577,
NJ,31,34,2015,8867949,4227638,259670,5.8,17.00714,9.63647,3.26790,569117,45,2.2,542298800,414691,56865,24212,905728,453338,322,424,488,194,357,511,649,679,935,1137,7785,733,,,,1004,11.2,0,48,32,0.60,24,16,0.60,0.0765,0.3400,0.4000,0.4500,503,3359,5548,6242,0.0765,0.1598,0.2106,0.2106,0.300,,,1,7.25,8.38,182247,36102,754,145604,1762204,161664,409902,51689,695655,239023,18221,302617,
NM,32,35,2015,2089291,874206,60776,6.5,34.34962,22.24681,9.09181,91322,18,3.4,80061700,61120,31120,12018,453146,205540,304,380,459,194,357,511,649,661,891,1108,5252,733,,,,400,19.7,0,33,37,0.47,25,17,0.60,0.0765,0.3400,0.4000,0.4500,503,3359,5548,6242,0.0765,0.1598,0.2106,0.2106,0.100,,,1,7.25,7.50,64175,8417,454,55300,796158,55234,169797,11625,216778,122093,6526,149737,
NY,33,36,2015,19654666,9054569,504183,5.3,20.93578,11.79649,4.34375,1485621,61,1.4,1164400300,1647257,382006,148545,3039108,1665683,574,789,951,194,357,511,649,931,1257,1511,50518,733,,,,2791,14.2,1,106,44,0.71,31,32,0.49,0.0765,0.3400,0.4000,0.4500,503,3359,5548,6242,0.0765,0.1598,0.2106,0.2106,0.300,,,1,7.25,8.75,648707,118488,2900,527889,6651763,471869,1171550,104771,1698511,549048,34449,673332,
NC,34,37,2015,10031646,4497906,272213,5.7,26.79647,15.59240,4.59960,502808,70,3.0,419717400,119874,23920,12122,1646202,803495,236,272,297,194,357,511,649,593,783,946,7960,733,,,,1509,15.3,0,46,74,0.38,16,34,0.32,0.0765,0.3400,0.4000,0.4500,503,3359,5548,6242,0.0765,0.1598,0.2106,0.2106,0.000,,,0,7.25,7.25,235704,18167,1830,215611,1973855,248860,645749,55496,903946,368821,24870,455912,
ND,35,38,2015,754066,401409,11548,2.8,15.36200,8.88005,3.05943,55069,6,3.6,40540000,207676,2917,1176,53148,24771,385,486,583,194,357,511,649,742,997,1232,634,733,,,,82,10.7,0,23,71,0.24,15,32,0.32,0.0765,0.3400,0.4000,0.4500,503,3359,5548,6242,0.0765,0.1598,0.2106,0.2106,0.000,,,0,7.25,7.25,8198,692,58,7456,88820,12415,26192,5852,90355,13359,1851,24948,
OH,36,39,2015,11617527,5419361,279826,4.9,25.86107,16.03116,5.06062,609322,73,2.7,515871400,1040650,113806,60074,1676263,818704,386,473,582,194,357,511,649,743,984,1231,45840,733,,,,1550,13.6,0,34,65,0.34,10,23,0.30,0.0765,0.3400,0.4000,0.4500,503,3359,5548,6242,0.0765,0.1598,0.2106,0.2106,0.050,,,0,7.25,8.10,312351,15412,1932,294893,3078163,244201,630975,64322,1035551,354129,20645,441117,
OK,37,40,2015,3909500,1751434,80723,4.4,27.68102,15.60488,6.03424,184140,45,4.5,172770100,197505,15802,7131,598257,271065,225,292,361,194,357,511,649,582,803,1010,4807,733,,,,551,14.2,0,29,72,0.29,8,40,0.17,0.0765,0.3400,0.4000,0.4500,503,3359,5548,6242,0.0765,0.1598,0.2106,0.2106,0.050,,,1,7.25,7.25,96921,6010,628,90237,756312,112892,278247,40512,440455,166960,19442,225681,
OR,38,41,2015,4015792,1867302,110812,5.6,28.72592,15.77299,5.00655,202719,18,2.1,181367000,369860,171457,57058,779749,442090,432,506,621,194,357,511,649,789,1017,1270,6727,733,,,,478,11.9,1,35,25,0.58,18,12,0.60,0.0765,0.3400,0.4000,0.4500,503,3359,5548,6242,0.0765,0.1598,0.2106,0.2106,0.060,,,1,7.25,9.25,86153,9184,624,76248,1113781,98304,206230,18645,294408,111406,8746,141989,
PA,39,42,2015,12784826,6073961,339484,5.3,23.61713,13.69661,3.38137,711787,66,2.4,644445800,447788,162233,65236,1826667,918761,316,403,497,194,357,511,649,673,914,1146,20796,733,,,,1542,12.3,1,84,119,0.41,20,30,0.40,0.0765,0.3400,0.4000,0.4500,503,3359,5548,6242,0.0765,0.1598,0.2106,0.2106,0.000,,,0,7.25,7.25,368212,24018,1969,342008,2482034,245979,603080,50991,1035498,292340,12959,355146,
RI,40,44,2015,1056065,521209,33217,6.0,18.02828,11.42109,4.53537,56561,6,2.6,52739200,16265,11675,4914,175025,100949,449,554,634,194,357,511,649,806,1065,1283,1721,733,,,,123,11.8,1,63,11,0.85,32,5,0.86,0.0765,0.3400,0.4000,0.4500,503,3359,5548,6242,0.0765,0.1598,0.2106,0.2106,0.100,,,1,7.25,9.00,33114,3177,162,29798,277074,20728,47751,5790,76254,24918,2182,32379,
SC,41,45,2015,4891938,2137158,135838,6.0,28.06057,13.86164,3.70656,204000,25,2.2,192966800,143755,23572,10451,804572,379992,220,277,334,194,357,511,649,577,788,983,5672,733,,,,683,14.3,0,46,78,0.37,18,28,0.39,0.0765,0.3400,0.4000,0.4500,503,3359,5548,6242,0.0765,0.1598,0.2106,0.2106,0.000,,,0,7.25,7.25,118080,8067,1218,108762,1205228,114562,341780,29149,483026,215514,13290,266238,
SD,42,46,2015,853988,435901,13943,3.1,20.10443,11.91080,4.34324,47631,9,4.3,41570700,10607,5935,3014,98553,43176,536,599,662,194,357,511,649,893,1110,1309,2370,733,,,,118,13.9,0,12,58,0.17,8,27,0.23,0.0765,0.3400,0.4000,0.4500,503,3359,5548,6242,0.0765,0.1598,0.2106,0.2106,0.000,,,0,7.25,8.50,14834,1442,121,13257,109828,19474,44432,8443,107332,21687,2058,28962,
TN,43,47,2015,6591170,2885145,172156,5.6,23.17795,14.63595,6.99308,323659,44,2.9,280955200,107356,88505,38228,1229391,611805,142,185,226,194,357,511,649,499,696,875,17208,733,,,,973,14.7,0,26,73,0.26,5,28,0.15,0.0765,0.3400,0.4000,0.4500,503,3359,5548,6242,0.0765,0.1598,0.2106,0.2106,0.000,,,0,7.25,7.25,181992,11457,1448,169004,1567914,150116,506894,28996,676703,318591,12684,376866,
TX,44,48,2015,27470056,12505617,581620,4.4,25.66165,14.33469,5.70034,1564374,450,6.0,1278809800,809702,70524,32406,3724688,1558597,243,281,338,194,357,511,649,600,792,987,24351,733,,,,4036,14.7,0,52,98,0.35,11,20,0.35,0.0765,0.3400,0.4000,0.4500,503,3359,5548,6242,0.0765,0.1598,0.2106,0.2106,0.000,,,0,7.25,7.25,666218,104851,6769,554392,4297120,886409,2355897,232111,3379274,1506772,110360,1902636,
UT,45,49,2015,2981835,1407186,52950,3.6,21.90887,12.55974,3.48535,148918,42,4.4,121954100,227892,9518,3869,225603,88160,399,498,583,194,357,511,649,756,1009,1232,1993,733,,,,279,9.3,0,12,63,0.16,5,24,0.17,0.0765,0.3400,0.4000,0.4500,503,3359,5548,6242,0.0765,0.1598,0.2106,0.2106,0.000,,,0,7.25,7.25,31365,2741,221,28363,327676,58995,141038,35211,334253,54385,7650,76546,
VT,46,50,2015,625216,332432,12265,3.6,16.99626,9.83401,4.10990,30664,0,0.3,30882300,8580,7688,3346,84994,44950,536,640,726,194,357,511,649,893,1151,1354,1438,733,,,,65,10.7,1,85,53,0.62,19,9,0.68,0.0765,0.3400,0.4000,0.4500,503,3359,5548,6242,0.0765,0.1598,0.2106,0.2106,0.320,,,1,7.25,9.15,15664,967,71,14675,200447,13733,24225,4206,49159,15161,2233,22704,
VA,47,51,2015,8361808,4028801,187878,4.5,17.57691,10.30686,2.91168,484531,55,2.9,441016700,159791,55257,25336,860375,404348,323,389,451,194,357,511,649,680,900,1100,10613,733,,,,894,10.9,1,32,68,0.32,19,21,0.48,0.0765,0.3400,0.4000,0.4500,503,3359,5548,6242,0.0765,0.1598,0.2106,0.2106,0.200,,,0,7.25,7.25,156517,18195,1111,137140,965314,139632,376301,64699,702670,207567,25251,284825,
WA,48,53,2015,7163657,3350352,200221,5.6,24.80361,12.22598,3.55121,471703,21,1.2,385904800,2174262,75739,33734,1070933,572261,420,521,613,194,357,511,649,777,1032,1262,14685,733,,,,819,11.4,1,51,47,0.52,24,25,0.49,0.0765,0.3400,0.4000,0.4500,503,3359,5548,6242,0.0765,0.1598,0.2106,0.2106,0.000,,,0,7.25,9.47,151062,17099,879,133003,1748214,176133,320206,50129,521071,146036,19078,189557,
WV,49,54,2015,1842050,728778,52649,6.7,28.04136,15.51405,6.25207,70816,5,1.3,68269100,136258,16139,7689,367908,181961,301,340,384,194,357,511,649,658,851,1033,4868,733,,,,261,14.5,1,36,64,0.36,16,18,0.47,0.0765,0.3400,0.4000,0.4500,503,3359,5548,6242,0.0765,0.1598,0.2106,0.2106,0.000,,,0,7.25,8.00,76375,2444,473,73487,539092,41701,123678,7665,194379,103643,4980,150485,
WI,50,55,2015,5760940,2951132,140591,4.5,21.23995,12.12090,3.43372,306499,29,2.2,269952100,46122,55339,23520,805540,406754,608,608,608,194,357,511,649,965,1119,1257,11680,733,,,,654,11.4,0,36,63,0.36,14,19,0.42,0.0765,0.3400,0.4000,0.4500,503,3359,5548,6242,0.0765,0.1598,0.2106,0.2106,0.040,0.110,0.340,1,7.25,7.25,118556,6796,901,110790,1205893,105504,274640,32726,541726,138235,10397,185070,
WY,51,56,2015,585613,290987,13125,4.3,26.44690,14.68406,5.89267,37861,6,4.2,33274600,184640,675,333,32606,13868,613,652,652,194,357,511,649,970,1161,1301,214,733,,,,56,9.8,0,9,51,0.15,4,26,0.13,0.0765,0.3400,0.4000,0.4500,503,3359,5548,6242,0.0765,0.1598,0.2106,0.2106,0.000,,,0,7.25,5.15,6697,310,34,6357,72639,10995,20006,6281,51854,8913,1905,14683,
AL,1,1,2016,4863525,2055251,127307,5.8,29.24350,18.56084,7.30719,204455,20,1.7,192281900,94706,25772,11239,850504,399728,190,215,245,194,357,511,649,547,726,894,5870,733,,,,782,16.2,0,33,70,0.32,8,26,0.24,0.0765,0.3400,0.4000,0.4500,506,3373,5572,6269,0.0765,0.1598,0.2106,0.2106,0.000,,,0,7.25,7.25,167371,8635,868,157868,1038991,129160,372290,28180,525960,221665,10845,266956,
AK,2,2,2016,741456,336979,24812,6.9,20.48619,10.92392,2.06689,49756,7,3.5,41745600,20108,8142,3009,82326,34648,821,923,1025,237,435,622,790,1256,1545,1815,835,733,,,,89,12.6,0,16,23,0.41,6,14,0.30,0.0765,0.3400,0.4000,0.4500,506,3373,5572,6269,0.0765,0.1598,0.2106,0.2106,0.000,,,0,7.25,9.75,12468,1769,80,10619,154319,19121,37342,3108,52480,21036,1157,25979,
AZ,3,4,2016,6941072,3063017,173277,5.4,26.45574,14.70954,3.88317,313057,81,4.8,283199300,93610,20512,9922,960105,427061,220,278,335,194,357,511,649,577,789,984,5819,733,,,,1108,16.1,0,24,36,0.40,12,18,0.40,0.0765,0.3400,0.4000,0.4500,506,3373,5572,6269,0.0765,0.1598,0.2106,0.2106,0.000,,,0,7.25,8.05,118913,16682,1085,101146,1892665,163998,453165,48300,641045,250480,20660,315992,
AR,4,5,2016,2989918,1286419,53106,4.0,25.54992,16.91338,4.96974,119192,19,2.6,120748200,53117,8501,3825,426069,191636,162,204,247,194,357,511,649,519,715,896,1737,733,,,,471,16.0,0,35,64,0.35,11,24,0.31,0.0765,0.3400,0.4000,0.4500,506,3373,5572,6269,0.0765,0.1598,0.2106,0.2106,0.000,,,0,7.25,8.00,108596,5180,658,102758,880172,80555,218000,29062,317039,141736,15343,183707,
CA,5,6,2016,39167117,17980080,1041096,5.5,21.20924,12.93771,4.18443,2671101,165,1.8,2273557500,1622689,1698467,589670,4340042,2093562,636,788,936,194,357,511,649,993,1260,1506,157578,733,,,,5435,13.9,1,51,28,0.65,26,14,0.65,0.0765,0.3400,0.4000,0.4500,506,3373,5572,6269,0.0765,0.1598,0.2106,0.2106,0.850,,,1,7.25,10.00,1277078,359851,18111,899116,12656781,1174875,2301565,352626,3252515,1306726,173621,1723138,
CO,6,8,2016,5539215,2796966,94711,3.3,14.99084,8.71994,2.42225,327757,28,2.1,290669600,479045,43317,16461,475690,225334,364,462,561,194,357,511,649,721,973,1210,5667,733,,,,467,8.5,1,34,31,0.52,17,18,0.49,0.0765,0.3400,0.4000,0.4500,506,3373,5572,6269,0.0765,0.1598,0.2106,0.2106,0.100,,,1,7.25,8.31,72576,9861,526,62189,1330977,86999,210091,37414,376750,130045,19039,187318,
CT,7,9,2016,3578141,1794477,97309,5.1,20.00864,12.00383,5.41313,266747,7,0.9,250178600,65336,22548,11401,431597,244927,487,597,701,194,357,511,649,844,1108,1341,5127,733,,,,351,9.8,1,86,64,0.57,21,15,0.58,0.0765,0.3400,0.4000,0.4500,506,3373,5572,6269,0.0765,0.1598,0.2106,0.2106,0.275,,,1,7.25,9.60,64607,7010,452,57145,862818,49155,157547,14617,280949,84457,4149,105046,
DE,8,10,2016,948921,450526,21326,4.5,17.93351,12.63825,5.14020,69284,3,1.5,46341800,20373,12014,4254,147559,71099,270,338,407,194,357,511,649,627,849,1056,2980,733,,,,110,11.6,1,25,16,0.61,12,9,0.57,0.0765,0.3400,0.4000,0.4500,506,3373,5572,6269,0.0765,0.1598,0.2106,0.2106,0.200,,,0,7.25,8.25,16884,1225,89,15570,202383,18097,64507,3093,98528,40549,1245,51378,
DC,9,11,2016,685815,370897,24124,6.1,18.50723,11.00075,3.27032,129477,2,2.0,53375800,27831,13634,5472,134625,75819,346,441,539,194,357,511,649,703,952,1188,2143,733,,,,112,16.3,.,,,,11,0,1.00,0.0765,0.3400,0.4000,0.4500,506,3373,5572,6269,0.0765,0.1598,0.2106,0.2106,0.400,,,1,7.25,11.50,26838,2070,129,24639,246961,14363,46747,1001,53886,31832,482,35798,
FL,10,12,2016,20613477,9335870,470057,4.8,19.89918,12.69334,3.78912,941561,166,3.9,949718000,328426,79040,47592,3454530,1870739,241,303,364,194,357,511,649,598,814,1013,38570,733,,,,2659,13.0,0,39,81,0.33,14,26,0.35,0.0765,0.3400,0.4000,0.4500,506,3373,5572,6269,0.0765,0.1598,0.2106,0.2106,0.000,,,0,7.25,8.05,575195,139554,3277,432364,3987962,481520,1350737,80317,1704154,690368,33971,832401,
GA,11,13,2016,10301890,4649755,263852,5.4,23.08855,13.39790,4.29482,541292,110,4.2,441905500,171865,24830,12806,1733473,800670,235,280,330,194,357,511,649,592,791,979,10432,733,,,,1580,15.4,0,61,117,0.34,17,39,0.30,0.0765,0.3400,0.4000,0.4500,506,3373,5572,6269,0.0765,0.1598,0.2106,0.2106,0.000,,,0,7.25,5.15,258528,24794,2051,231683,1857529,253653,878781,70349,1224627,525854,34022,646702,
HI,12,15,2016,1427559,663056,20167,3.0,16.71507,10.43311,3.26254,85900,3,1.1,73048000,31310,18033,6412,176729,89095,485,610,735,343,630,902,1146,1115,1512,1881,1375,733,,,,129,9.3,1,44,7,0.86,24,1,0.96,0.0765,0.3400,0.4000,0.4500,506,3373,5572,6269,0.0765,0.1598,0.2106,0.2106,0.000,,,0,7.25,8.50,24221,5648,176,18397,327447,30117,56464,11128,106993,25688,3297,36454,
ID,13,16,2016,1682380,783891,30777,3.8,21.59271,12.26876,3.74368,69076,11,2.3,68248400,175084,2797,1919,185303,79531,309,309,309,194,357,511,649,666,820,958,1858,733,,,,187,11.1,0,14,56,0.20,7,28,0.20,0.0765,0.3400,0.4000,0.4500,506,3373,5572,6269,0.0765,0.1598,0.2106,0.2106,0.000,,,0,7.25,7.25,30712,1809,229,28674,307033,39010,87242,15443,157149,53845,7077,80395,
IL,14,17,2016,12820527,6161676,380337,5.8,18.38881,10.41827,4.74816,803944,36,1.2,672019900,171114,34881,15690,1914393,996092,318,432,474,194,357,511,649,675,943,1123,11059,733,,,,1517,12.1,0,71,47,0.60,39,20,0.66,0.0765,0.3400,0.4000,0.4500,506,3373,5572,6269,0.0765,0.1598,0.2106,0.2106,0.100,,,1,7.25,8.25,272247,30756,2469,239022,2890038,225159,798473,44025,1084030,391575,11352,431275,
IN,15,18,2016,6634304,3181085,147288,4.4,20.93069,13.72552,5.74762,337217,55,3.4,289731400,58005,16485,8216,741610,328688,229,288,346,194,357,511,649,586,799,995,6115,733,,,,768,11.8,0,29,71,0.29,10,40,0.20,0.0765,0.3400,0.4000,0.4500,506,3373,5572,6269,0.0765,0.1598,0.2106,0.2106,0.090,,,1,7.25,7.25,128340,5467,915,121958,1281242,147906,401557,57945,754995,215185,18387,280446,
IA,16,19,2016,3131371,1628686,61113,3.6,16.29712,11.62066,3.93045,179940,11,1.5,145756400,17220,30537,12362,380705,178874,361,426,495,194,357,511,649,718,937,1144,5047,733,,,,302,9.8,0,43,57,0.43,26,24,0.52,0.0765,0.3400,0.4000,0.4500,506,3373,5572,6269,0.0765,0.1598,0.2106,0.2106,0.150,,,1,7.25,7.25,50958,3171,677,47110,591725,61163,160709,25325,381883,75191,6738,103664,
KS,17,20,2016,2910844,1423730,59903,4.0,24.38401,18.33797,6.32152,159233,19,2.6,137945100,19973,12150,5279,253833,114392,352,429,497,194,357,511,649,709,940,1146,2736,733,,,,321,11.2,0,28,97,0.22,8,32,0.20,0.0765,0.3400,0.4000,0.4500,506,3373,5572,6269,0.0765,0.1598,0.2106,0.2106,0.170,,,1,7.25,7.25,48064,2910,366,44788,400709,58955,168825,33207,342540,88622,11389,119169,
KY,18,21,2016,4438182,1911978,103182,5.1,29.44746,19.04407,7.80054,195840,24,2.3,176435100,275444,44682,22758,666264,313476,225,262,325,194,357,511,649,582,773,974,15704,733,,,,667,15.2,0,50,46,0.52,11,27,0.29,0.0765,0.3400,0.4000,0.4500,506,3373,5572,6269,0.0765,0.1598,0.2106,0.2106,0.000,,,0,7.25,7.25,180639,9344,1099,170196,1316256,111926,411279,12272,528677,267582,4847,303019,
LA,19,22,2016,4678135,1992249,128731,6.1,27.72354,17.95732,7.25334,223410,23,2.0,198952000,130880,13359,5657,927168,422090,188,240,284,194,357,511,649,545,751,933,3640,733,,,,923,20.2,1,42,61,0.41,14,25,0.36,0.0765,0.3400,0.4000,0.4500,506,3373,5572,6269,0.0765,0.1598,0.2106,0.2106,0.035,,,1,7.25,7.25,177526,11545,1378,164603,1461548,127387,413515,22358,548136,241421,8589,275217,
ME,20,23,2016,1331317,664838,26145,3.8,25.97488,17.23628,5.71857,59754,6,2.1,59685400,26951,65557,20376,189245,98549,363,485,611,194,357,511,649,720,996,1260,1949,733,,,,167,12.7,0,78,69,0.53,15,20,0.43,0.0765,0.3400,0.4000,0.4500,506,3373,5572,6269,0.0765,0.1598,0.2106,0.2106,0.050,,,0,7.25,7.50,37313,1738,228,35347,266872,20806,55701,7612,99422,33709,4032,50073,
MD,21,24,2016,6003323,3025243,140961,4.5,19.50272,11.98412,4.77339,387620,20,1.4,354260600,317139,52754,21254,744343,388957,503,636,762,194,357,511,649,860,1147,1384,7297,733,,,,424,7.1,0,91,50,0.65,32,14,0.70,0.0765,0.3400,0.4000,0.4500,506,3373,5572,6269,0.0765,0.1598,0.2106,0.2106,0.260,,,1,7.25,8.75,120670,15255,733,104682,1137919,139576,289926,31308,446283,187173,19132,277334,
MA,22,25,2016,6823608,3477553,139977,3.9,17.19736,10.16308,2.29034,519144,6,0.4,448480500,123667,133490,55393,779192,450364,531,633,731,194,357,511,649,888,1144,1362,15023,733,,,,649,9.6,0,123,34,0.78,34,5,0.87,0.0765,0.3400,0.4000,0.4500,506,3373,5572,6269,0.0765,0.1598,0.2106,0.2106,0.230,,,1,7.25,10.00,186783,23237,2299,161247,1819279,114419,322763,19349,531660,165426,5873,192915,
MI,23,26,2016,9950571,4605820,241189,5.0,22.82837,13.64896,5.52266,488963,41,1.8,444166800,81914,41016,16942,1473614,777906,403,492,597,194,357,511,649,760,1003,1246,9699,733,,,,1091,11.1,0,46,61,0.43,11,27,0.29,0.0765,0.3400,0.4000,0.4500,506,3373,5572,6269,0.0765,0.1598,0.2106,0.2106,0.060,,,1,7.25,8.50,274059,18752,1651,253656,2321180,234546,526498,56289,823892,317670,22196,404085,
MN,24,27,2016,5522744,2918185,117057,3.9,15.77926,9.45292,2.57480,341696,23,1.7,293162500,90638,45000,19296,478783,231228,437,532,621,194,357,511,649,794,1043,1270,9477,733,,,,470,8.7,1,61,72,0.46,39,28,0.58,0.0765,0.3400,0.4000,0.4500,506,3373,5572,6269,0.0765,0.1598,0.2106,0.2106,0.330,,,1,7.25,9.50,93806,11022,749,82035,1140230,116031,238978,55564,616213,134279,22735,224850,
MS,25,28,2016,2987938,1204372,74075,5.8,26.98341,17.39522,6.21791,106493,22,3.0,106585100,45163,11777,5924,582658,269082,146,170,194,194,357,511,649,503,681,843,3346,733,,,,622,21.1,0,48,74,0.39,20,32,0.38,0.0765,0.3400,0.4000,0.4500,506,3373,5572,6269,0.0765,0.1598,0.2106,0.2106,0.000,,,0,7.25,7.25,120696,8124,940,111632,726473,84867,303769,21044,381642,182753,8384,205115,
MO,26,29,2016,6087135,2941072,140261,4.6,22.36054,14.34298,6.89213,297753,42,2.9,269771200,133844,45310,19236,810690,378373,234,292,342,194,357,511,649,591,803,991,5837,733,,,,762,13.0,1,45,117,0.28,8,24,0.25,0.0765,0.3400,0.4000,0.4500,506,3373,5572,6269,0.0765,0.1598,0.2106,0.2106,0.000,,,0,7.25,7.65,138515,6958,917,130640,977324,127551,344916,44252,598665,210986,20268,288220,
MT,27,30,2016,1040859,500830,21667,4.1,19.30247,11.93638,3.57355,45680,6,2.7,45822500,121458,7653,3110,116626,54612,467,588,709,194,357,511,649,824,1099,1347,1366,733,,,,121,11.7,1,41,59,0.41,21,29,0.42,0.0765,0.3400,0.4000,0.4500,506,3373,5572,6269,0.0765,0.1598,0.2106,0.2106,0.000,,,0,7.25,8.05,18287,1332,129,16826,208391,18296,44420,5913,82747,23420,1916,32761,
NE,28,31,2016,1905616,978237,30965,3.1,23.55642,13.77987,6.69635,116879,16,3.3,94547500,11970,12971,5313,175851,78482,367,436,505,194,357,511,649,724,947,1154,2955,733,,,,179,9.6,0,,,,,,,0.0765,0.3400,0.4000,0.4500,506,3373,5572,6269,0.0765,0.1598,0.2106,0.2106,0.100,,,1,7.25,9.00,27867,2256,228,25383,235898,38125,101362,23466,242254,45541,8083,75387,
NV,29,32,2016,2917563,1344258,81193,5.7,22.99488,11.90886,3.65720,150287,31,4.5,132315000,40959,24980,9822,439782,222253,318,383,448,194,357,511,649,675,894,1097,4734,733,,,,298,10.1,0,17,25,0.40,10,11,0.48,0.0765,0.3400,0.4000,0.4500,506,3373,5572,6269,0.0765,0.1598,0.2106,0.2106,0.000,,,0,7.25,8.25,55199,13469,728,41002,591436,70467,162844,22918,222218,95762,10629,121311,
NH,30,33,2016,1342307,730066,21434,2.9,14.97914,9.37114,3.82267,78509,3,1.2,75858200,21811,12236,5021,98464,48037,606,675,738,194,357,511,649,963,1181,1367,1413,733,,,,84,6.4,1,160,239,0.40,14,10,0.58,0.0765,0.3400,0.4000,0.4500,506,3373,5572,6269,0.0765,0.1598,0.2106,0.2106,0.000,,,0,7.25,7.25,19262,885,132,18245,189727,14121,33928,5526,85946,14748,1494,21661,
NJ,31,34,2016,8870827,4251211,222570,5.0,14.55656,9.73229,2.04538,581504,43,2.1,557461900,416571,42066,18210,879987,440091,322,424,488,194,357,511,649,679,935,1137,6790,733,,,,828,9.4,0,52,28,0.65,24,16,0.60,0.0765,0.3400,0.4000,0.4500,506,3373,5572,6269,0.0765,0.1598,0.2106,0.2106,0.350,,,1,7.25,8.38,182381,36681,805,144895,1693201,155285,416894,46169,695967,254462,17494,322967,
NM,32,35,2016,2091630,874970,61753,6.6,36.12376,22.91599,8.40613,91240,16,3.1,81626500,62318,29364,11586,471247,216877,327,409,493,194,357,511,649,684,920,1142,5136,733,,,,364,17.8,0,33,37,0.47,25,17,0.60,0.0765,0.3400,0.4000,0.4500,506,3373,5572,6269,0.0765,0.1598,0.2106,0.2106,0.100,,,1,7.25,7.50,63636,8336,481,54819,866277,51902,178023,9249,219437,130972,4986,155743,
NY,33,36,2016,19633428,9088257,463671,4.9,16.17574,9.78134,2.67269,1545988,58,1.3,1205507200,1655044,372208,144569,2968227,1635764,574,789,951,194,357,511,649,931,1261,1516,48156,733,,,,2314,11.9,1,104,43,0.71,31,32,0.49,0.0765,0.3400,0.4000,0.4500,506,3373,5572,6269,0.0765,0.1598,0.2106,0.2106,0.300,,,1,7.25,9.00,644944,118522,3032,523390,6113605,459101,1182240,92856,1679716,597832,32511,724859,
NC,34,37,2016,10154788,4613476,246576,5.1,23.97755,15.28553,5.70069,520357,67,2.8,434789000,122282,31681,17289,1568387,761999,236,272,297,194,357,511,649,593,783,946,13276,733,,,,1363,13.6,0,45,74,0.38,16,34,0.32,0.0765,0.3400,0.4000,0.4500,506,3373,5572,6269,0.0765,0.1598,0.2106,0.2106,0.000,,,0,7.25,7.25,233263,17837,1842,213584,1992836,241288,651312,50412,892869,379729,23295,465467,
ND,35,38,2016,754434,399691,12778,3.1,16.61867,9.48460,3.81365,50792,6,3.2,39104000,161759,2707,1105,54252,25262,385,486,583,194,357,511,649,742,997,1232,641,733,,,,83,11.1,0,23,71,0.24,15,32,0.32,0.0765,0.3400,0.4000,0.4500,506,3373,5572,6269,0.0765,0.1598,0.2106,0.2106,0.000,,,0,7.25,7.25,8206,662,63,7481,93422,12884,26996,6012,91374,14047,2280,26228,
OH,36,39,2016,11634370,5454611,288590,5.0,21.61981,11.92023,5.10317,621543,54,2.0,526177200,929626,107761,57644,1608633,793923,386,473,582,194,357,511,649,743,984,1231,45500,733,,,,1573,13.7,0,34,65,0.34,10,23,0.30,0.0765,0.3400,0.4000,0.4500,506,3373,5572,6269,0.0765,0.1598,0.2106,0.2106,0.100,,,0,7.25,8.10,310318,15719,1962,292637,3022125,234719,624827,60558,1013673,360943,20765,450165,
OK,37,40,2016,3926331,1743766,87946,4.8,28.17117,17.48331,6.59562,177813,41,4.2,164463400,107502,16036,7160,612869,276268,225,292,361,194,357,511,649,582,803,1010,4906,733,,,,571,14.6,0,30,71,0.30,8,40,0.17,0.0765,0.3400,0.4000,0.4500,506,3373,5572,6269,0.0765,0.1598,0.2106,0.2106,0.050,,,0,7.25,7.25,96368,5960,638,89770,662828,110725,296022,36225,448072,177915,17228,233294,
OR,38,41,2016,4089976,1948757,98556,4.8,25.82920,13.41223,5.12064,214618,15,1.7,190534200,357980,155953,51401,734864,419778,432,506,621,194,357,511,649,789,1017,1270,6735,733,,,,486,11.8,1,35,25,0.58,18,12,0.60,0.0765,0.3400,0.4000,0.4500,506,3373,5572,6269,0.0765,0.1598,0.2106,0.2106,0.080,,,1,7.25,9.75,87343,9384,635,77324,1055130,92792,209368,20100,303164,113958,9088,146582,
PA,39,42,2016,12782275,6102096,346693,5.4,20.75112,11.66651,3.58866,726885,69,2.5,662352900,411029,144087,57897,1863836,950739,316,403,497,194,357,511,649,673,914,1146,21269,733,,,,1396,11.1,1,84,119,0.41,19,31,0.38,0.0765,0.3400,0.4000,0.4500,506,3373,5572,6269,0.0765,0.1598,0.2106,0.2106,0.000,,,0,7.25,7.25,363371,23952,1976,337443,2767234,237205,633750,41409,1029045,323770,11371,386502,
RI,40,44,2016,1056770,524493,28684,5.2,25.40656,17.41358,8.44802,57529,2,0.9,53530200,16207,9542,4047,171055,100433,449,554,634,194,357,511,649,806,1065,1283,1601,733,,,,119,11.4,1,63,11,0.85,32,4,0.89,0.0765,0.3400,0.4000,0.4500,506,3373,5572,6269,0.0765,0.1598,0.2106,0.2106,0.125,,,1,7.25,9.60,33228,3269,158,29801,283405,20375,49494,5482,77882,26170,2111,34153,
SC,41,45,2016,4957968,2181587,115213,5.0,17.49178,9.93311,3.79497,213585,27,2.3,201138800,139024,21013,9536,805012,378328,223,282,340,194,357,511,649,580,793,989,5783,733,,,,690,14.1,0,46,78,0.37,17,28,0.38,0.0765,0.3400,0.4000,0.4500,506,3373,5572,6269,0.0765,0.1598,0.2106,0.2106,0.000,,,0,7.25,7.25,117205,7839,1234,108132,1214254,107257,351702,23613,478436,223062,10610,268223,
SD,42,46,2016,862996,439302,13492,3.0,21.04035,9.62232,3.11837,48731,5,2.2,42049000,10190,6015,3044,95983,42234,550,615,680,194,357,511,649,907,1126,1327,2463,733,,,,124,14.5,0,12,58,0.17,8,27,0.23,0.0765,0.3400,0.4000,0.4500,506,3373,5572,6269,0.0765,0.1598,0.2106,0.2106,0.000,,,0,7.25,8.55,14718,1443,125,13150,108339,19120,45423,7958,108458,22588,2036,30163,
TN,43,47,2016,6646010,2976105,147178,4.7,23.26804,14.29354,6.87085,334436,34,2.2,289936000,109633,69624,30942,1113231,547850,142,185,226,194,357,511,649,499,696,875,15733,733,,,,988,14.9,0,26,73,0.26,5,28,0.15,0.0765,0.3400,0.4000,0.4500,506,3373,5572,6269,0.0765,0.1598,0.2106,0.2106,0.000,,,0,7.25,7.25,180057,11175,1456,167426,1714111,143730,507640,26478,671671,332632,12432,395114,
TX,44,48,2016,27914410,12720226,615352,4.6,26.06745,15.71743,5.47551,1567687,436,5.7,1278552100,811268,64233,29567,3768472,1588116,247,285,343,194,357,511,649,604,796,992,22134,733,,,,3812,13.8,0,51,98,0.34,11,20,0.35,0.0765,0.3400,0.4000,0.4500,506,3373,5572,6269,0.0765,0.1598,0.2106,0.2106,0.000,,,0,7.25,7.25,657595,104692,6825,546078,4304647,859819,2380802,215277,3377166,1535722,103066,1928262,
UT,45,49,2016,3041868,1453543,51906,3.4,18.91399,10.23278,3.55984,157443,29,3.0,128900600,141506,9106,3789,219820,86244,399,498,583,194,357,511,649,756,1009,1232,1993,733,,,,264,8.6,0,12,63,0.16,5,23,0.18,0.0765,0.3400,0.4000,0.4500,506,3373,5572,6269,0.0765,0.1598,0.2106,0.2106,0.000,,,0,7.25,7.25,31323,2765,237,28321,333114,56584,137269,34993,334438,57634,8679,84557,
VT,46,50,2016,623657,333628,11120,3.2,15.40786,9.72887,3.45500,31430,1,0.8,31445000,8754,7648,3302,79715,42976,536,640,726,194,357,511,649,893,1151,1359,1397,733,,,,60,9.6,1,85,53,0.62,19,9,0.68,0.0765,0.3400,0.4000,0.4500,506,3373,5572,6269,0.0765,0.1598,0.2106,0.2106,0.320,,,1,7.25,9.60,15617,972,73,14572,202387,12756,24540,3964,48418,16243,2127,24265,
VA,47,51,2016,8410106,4069395,173665,4.1,17.61077,9.72907,4.72063,496570,54,2.8,452400500,162823,50193,23153,826354,387633,339,409,474,194,357,511,649,696,920,1123,10177,733,,,,929,11.4,1,34,66,0.34,19,21,0.48,0.0765,0.3400,0.4000,0.4500,506,3373,5572,6269,0.0765,0.1598,0.2106,0.2106,0.200,,,0,7.25,7.25,156523,18056,1135,137332,995213,132404,387346,59026,702389,227812,24715,309950,
WA,48,53,2016,7294771,3452854,191465,5.3,21.25253,11.61275,4.90724,493635,23,1.4,407060400,2205932,79985,37250,1011412,546931,420,521,613,194,357,511,649,777,1032,1262,14144,733,,,,800,11.0,1,50,48,0.51,24,25,0.49,0.0765,0.3400,0.4000,0.4500,506,3373,5572,6269,0.0765,0.1598,0.2106,0.2106,0.000,,,0,7.25,9.47,150570,17393,891,132286,1808128,168878,318100,49709,521146,147274,19395,193262,
WV,49,54,2016,1831023,734547,47752,6.1,25.37148,15.23981,5.65118,70006,4,1.0,67928700,177543,14843,7250,357531,178274,301,340,384,194,357,511,649,658,851,1033,4881,733,,,,326,18.0,1,36,64,0.36,16,18,0.47,0.0765,0.3400,0.4000,0.4500,506,3373,5572,6269,0.0765,0.1598,0.2106,0.2106,0.000,,,0,7.25,8.75,74707,2383,467,71857,565652,40391,129982,5529,193194,109947,3780,154194,
WI,50,55,2016,5772628,2998625,124970,4.0,16.57483,9.87365,4.23035,313440,26,2.0,274764700,47070,42548,19017,728077,359933,608,608,608,194,357,511,649,965,1119,1257,11631,733,,,,620,10.7,0,36,63,0.36,14,19,0.42,0.0765,0.3400,0.4000,0.4500,506,3373,5572,6269,0.0765,0.1598,0.2106,0.2106,0.040,0.110,0.340,1,7.25,7.25,117819,6784,896,110139,1194497,100152,272108,30354,527339,145152,10095,192092,
WY,51,56,2016,584215,284285,16059,5.3,28.03979,17.89589,4.90122,35704,6,4.3,31645700,178289,927,428,33853,14367,618,657,657,194,357,511,649,975,1168,1306,243,733,,,,62,10.9,0,9,51,0.15,4,26,0.13,0.0765,0.3400,0.4000,0.4500,506,3373,5572,6269,0.0765,0.1598,0.2106,0.2106,0.000,,,0,7.25,5.15,6702,304,39,6359,64442,10783,20464,6172,50876,9524,1950,15385,
AL,1,1,2017,4874486,2090373,96496,4.4,24.10363,13.44144,5.10377,210896,21,1.8,199999800,89410,22172,9749,804336,375919,190,215,245,194,357,511,649,547,726,894,5416,735,,,,723,15.0,0,31,72,0.30,8,26,0.24,0.0765,0.3400,0.4000,0.4500,510,3400,5616,6318,0.0765,0.1598,0.2106,0.2106,0.000,,,0,7.25,7.25,165002,8359,868,155775,1017416,123993,361904,27959,511653,220444,11417,271324,
AK,2,2,2017,739700,334449,24850,6.9,20.97868,11.88429,3.28195,51737,7,3.5,42454400,18398,8580,3152,89113,38632,821,923,1025,237,435,622,790,1256,1545,1815,847,735,,,,103,14.4,0,17,21,0.45,6,14,0.30,0.0765,0.3400,0.4000,0.4500,510,3400,5616,6318,0.0765,0.1598,0.2106,0.2106,0.000,,,0,7.25,9.80,12572,1753,89,10730,185347,18188,38854,3079,53578,22169,1113,26769,
AZ,3,4,2017,7044008,3160248,161316,4.9,23.50124,14.39032,6.79021,330147,78,4.6,300007500,88283,18263,8715,918728,412989,220,278,335,194,357,511,649,577,789,984,5276,735,,,,926,13.2,0,25,35,0.42,13,17,0.43,0.0765,0.3400,0.4000,0.4500,510,3400,5616,6318,0.0765,0.1598,0.2106,0.2106,0.000,,,0,7.25,10.00,119378,17285,1120,100973,1935994,153510,449794,48278,638369,250507,20628,314885,
AR,4,5,2017,3001345,1297215,49800,3.7,28.60892,19.84534,5.54384,122979,18,2.5,125025700,50854,7149,3201,388362,170644,162,204,247,194,357,511,649,519,715,896,1536,735,,,,432,14.8,0,24,76,0.24,9,26,0.26,0.0765,0.3400,0.4000,0.4500,510,3400,5616,6318,0.0765,0.1598,0.2106,0.2106,0.000,,,0,7.25,8.50,107563,5047,664,101852,935173,76519,215844,28717,314201,141289,15259,184851,
CA,5,6,2017,39358497,18257103,919268,4.8,18.78524,10.80018,3.47386,2831038,147,1.6,2383130500,1598070,1511265,527382,4112066,1987758,645,799,949,194,357,511,649,1002,1273,1519,146970,735,,,,4872,12.4,1,55,25,0.69,27,13,0.68,0.0765,0.3400,0.4000,0.4500,510,3400,5616,6318,0.0765,0.1598,0.2106,0.2106,0.850,,,1,7.25,10.00,1262537,360178,17811,884548,11568990,1080241,2270081,334588,3215762,1305764,161236,1727064,
CO,6,8,2017,5611885,2902749,83773,2.8,14.51944,8.98303,2.44880,348176,26,2.0,312045500,459805,43103,16329,459247,221885,364,462,561,194,357,511,649,721,973,1210,5691,735,,,,427,7.7,1,37,28,0.57,17,18,0.49,0.0765,0.3400,0.4000,0.4500,510,3400,5616,6318,0.0765,0.1598,0.2106,0.2106,0.100,,,1,7.25,9.30,73309,10416,531,62362,1365940,84582,203665,37473,368664,125250,19290,183179,
CT,7,9,2017,3573297,1808328,89311,4.7,23.21252,13.34074,2.52708,272570,8,1.1,256348800,64319,19617,9973,410344,235306,487,597,701,194,357,511,649,844,1108,1345,5336,735,,,,388,10.9,1,79,72,0.52,18,18,0.50,0.0765,0.3400,0.4000,0.4500,510,3400,5616,6318,0.0765,0.1598,0.2106,0.2106,0.230,,,1,7.25,10.10,65801,7197,451,58153,889083,47830,162509,14624,283198,88093,4179,108240,
DE,8,10,2017,956823,454928,21342,4.5,19.32208,12.31019,4.05618,69899,3,1.4,48604300,18942,11213,4016,146805,71465,270,338,407,194,357,511,649,627,849,1056,2898,735,,,,89,9.2,1,25,16,0.61,10,10,0.50,0.0765,0.3400,0.4000,0.4500,510,3400,5616,6318,0.0765,0.1598,0.2106,0.2106,0.200,,,0,7.25,8.25,16911,1291,91,15529,206792,17162,64831,2814,98977,41133,1170,52746,
DC,9,11,2017,694906,376716,24305,6.1,20.47309,11.56649,4.56052,132854,0,0.1,55051100,25615,10628,4294,123289,70900,398,508,621,194,357,511,649,755,1019,1270,1715,735,,,,94,13.6,.,,,,12,0,1.00,0.0765,0.3400,0.4000,0.4500,510,3400,5616,6318,0.0765,0.1598,0.2106,0.2106,0.400,,,1,7.25,11.50,26617,2156,135,24326,258414,13580,45001,757,52712,30615,341,35031,
FL,10,12,2017,20963613,9639326,424105,4.2,23.60175,14.87963,3.50605,990097,179,4.1,1016819000,306706,74440,45735,3186537,1690926,241,303,364,194,357,511,649,598,814,1013,38135,735,,,,2864,13.7,0,41,79,0.34,15,25,0.38,0.0765,0.3400,0.4000,0.4500,510,3400,5616,6318,0.0765,0.1598,0.2106,0.2106,0.000,,,0,7.25,8.10,578733,143369,3477,431887,4014312,468867,1391819,78551,1715901,723126,33544,855037,
GA,11,13,2017,10410330,4812097,236554,4.7,20.64821,13.22763,3.30225,568399,120,4.6,467359400,162247,17133,11539,1625415,756158,235,280,330,194,357,511,649,592,791,979,9077,735,,,,1356,13.3,0,62,118,0.34,18,38,0.32,0.0765,0.3400,0.4000,0.4500,510,3400,5616,6318,0.0765,0.1598,0.2106,0.2106,0.000,,,0,7.25,5.15,259666,25341,2121,232204,1853348,237224,870901,68520,1211207,526926,33567,649924,
HI,12,15,2017,1424393,667154,16645,2.4,18.82132,9.49333,3.05748,89619,2,0.7,76109600,29558,14640,5325,169045,85869,485,610,735,354,650,931,1182,1135,1541,1917,1256,735,,,,144,10.3,1,45,5,0.90,25,0,1.00,0.0765,0.3400,0.4000,0.4500,510,3400,5616,6318,0.0765,0.1598,0.2106,0.2106,0.000,,,0,7.25,9.25,23922,5653,172,18097,331277,26856,56016,9935,104299,24603,2905,34760,
ID,13,16,2017,1717715,807147,26759,3.2,20.19791,12.09460,3.24694,73287,7,1.5,72605000,178658,2800,1929,171251,74534,309,309,309,194,357,511,649,666,820,958,1883,735,,,,202,11.7,0,11,59,0.16,6,29,0.17,0.0765,0.3400,0.4000,0.4500,510,3400,5616,6318,0.0765,0.1598,0.2106,0.2106,0.000,,,0,7.25,7.25,30862,1784,249,28829,319976,36526,84025,15669,155249,51453,6825,78542,
IL,14,17,2017,12778828,6159030,319277,4.9,21.81771,12.40737,4.14607,823776,46,1.5,693273700,177856,29100,13461,1878519,976672,318,432,474,194,357,511,649,675,943,1123,10313,735,,,,1379,10.9,0,71,47,0.60,39,20,0.66,0.0765,0.3400,0.4000,0.4500,510,3400,5616,6318,0.0765,0.1598,0.2106,0.2106,0.100,,,1,7.25,8.25,270954,31198,2486,237270,2868638,211367,795552,33806,1059266,387945,8851,424740,
IN,15,18,2017,6658078,3215427,119006,3.6,20.05535,12.68376,2.98927,350436,59,3.6,301238300,54295,14827,7373,671986,297486,229,288,346,194,357,511,649,586,799,995,5598,735,,,,748,11.4,0,30,70,0.30,9,41,0.18,0.0765,0.3400,0.4000,0.4500,510,3400,5616,6318,0.0765,0.1598,0.2106,0.2106,0.090,,,1,7.25,7.25,128475,5762,928,121785,1331060,143975,390818,60073,743331,212528,20181,283075,
IA,16,19,2017,3141550,1620442,52218,3.1,17.76619,9.29734,3.13381,182151,12,1.6,149732300,16627,27881,11312,365893,172869,361,426,495,194,357,511,649,718,937,1144,4858,735,,,,278,9.1,0,41,59,0.41,20,29,0.41,0.0765,0.3400,0.4000,0.4500,510,3400,5616,6318,0.0765,0.1598,0.2106,0.2106,0.150,,,1,7.25,7.25,51151,3218,677,47256,592855,61996,160860,24360,377927,74630,6656,103258,
KS,17,20,2017,2908718,1422274,53836,3.6,21.00214,11.95273,4.94828,163968,23,3.1,142185700,19635,10520,4623,233778,108119,352,429,497,194,357,511,649,709,940,1146,2459,735,,,,421,14.7,0,40,85,0.32,9,31,0.23,0.0765,0.3400,0.4000,0.4500,510,3400,5616,6318,0.0765,0.1598,0.2106,0.2106,0.170,,,1,7.25,7.25,48238,2976,379,44883,378916,54135,164474,33431,338077,87819,11624,120177,
KY,18,21,2017,4452268,1952513,100561,4.9,23.01223,13.27318,5.34975,200346,22,2.1,182116000,250469,58549,21828,654873,308458,225,262,325,194,357,511,649,582,773,974,15434,735,,,,633,14.4,0,36,64,0.36,11,27,0.29,0.0765,0.3400,0.4000,0.4500,510,3400,5616,6318,0.0765,0.1598,0.2106,0.2106,0.000,,,0,7.25,7.25,177903,9360,1092,167451,1341670,107885,419902,9146,525319,276118,3677,311921,
LA,19,22,2017,4670560,1995433,107784,5.1,28.44078,18.01941,6.59747,235712,21,1.8,205188000,126200,13452,5550,928962,429811,188,240,284,194,357,511,649,545,751,933,3376,735,,,,970,21.4,1,41,60,0.41,13,25,0.34,0.0765,0.3400,0.4000,0.4500,510,3400,5616,6318,0.0765,0.1598,0.2106,0.2106,0.035,,,1,7.25,7.25,177306,11493,1394,164419,1624541,119747,442380,14251,550544,256747,5378,283969,
ME,20,23,2017,1334612,674003,23545,3.4,20.66081,11.29555,5.16851,61672,5,2.0,62145800,25447,62140,19023,179734,93391,363,485,611,194,357,511,649,720,996,1260,1717,735,,,,158,12.0,0,77,72,0.52,17,18,0.49,0.0765,0.3400,0.4000,0.4500,510,3400,5616,6318,0.0765,0.1598,0.2106,0.2106,0.050,,,1,7.25,9.00,37303,1747,220,35336,259420,19364,54185,7305,97730,33508,3917,50073,
MD,21,24,2017,6023868,3068886,135695,4.2,17.64741,11.52729,5.61061,399738,23,1.7,365997500,261468,47711,19255,684282,359112,513,648,776,194,357,511,649,870,1159,1398,6937,735,,,,467,7.8,0,91,50,0.65,33,14,0.70,0.0765,0.3400,0.4000,0.4500,510,3400,5616,6318,0.0765,0.1598,0.2106,0.2106,0.270,,,1,7.25,8.75,122271,15523,755,105993,1213844,132843,286442,31180,445433,181110,18941,271783,
MA,22,25,2017,6859789,3551388,138178,3.7,16.24365,9.00428,2.54418,539973,7,0.5,469500700,116937,127416,52189,765714,445591,531,633,731,194,357,511,649,888,1144,1366,13955,735,,,,724,10.6,0,125,35,0.78,34,6,0.85,0.0765,0.3400,0.4000,0.4500,510,3400,5616,6318,0.0765,0.1598,0.2106,0.2106,0.230,,,1,7.25,11.00,186306,23926,2242,160138,1811368,112763,330539,16858,529822,178235,4938,204475,
MI,23,26,2017,9973114,4658713,225387,4.6,20.17796,11.95559,4.18768,501915,34,1.5,458247100,77514,34944,14454,1375434,728586,403,492,597,194,357,511,649,760,1003,1246,8722,735,,,,1259,12.7,0,47,63,0.43,11,27,0.29,0.0765,0.3400,0.4000,0.4500,510,3400,5616,6318,0.0765,0.1598,0.2106,0.2106,0.060,,,1,7.25,8.90,274896,19434,1687,253775,2108819,224106,505486,56401,801891,311043,23061,402252,
MN,24,27,2017,5566230,2953440,103918,3.4,16.88884,9.32223,3.35899,353416,22,1.6,305921200,81962,44821,18887,453564,222674,437,532,621,194,357,511,649,794,1043,1270,8920,735,,,,519,9.2,1,57,77,0.43,33,34,0.49,0.0765,0.3400,0.4000,0.4500,510,3400,5616,6318,0.0765,0.1598,0.2106,0.2106,0.350,,,1,7.25,9.50,93851,11097,743,82011,1141971,111121,236004,56662,613846,134521,24011,233298,
MS,25,28,2017,2988510,1212553,65049,5.1,25.17732,16.36690,4.96166,109431,21,2.8,109189500,42662,10486,5250,537370,244490,146,170,194,194,357,511,649,503,681,843,3069,735,,,,538,18.3,0,48,74,0.39,20,32,0.38,0.0765,0.3400,0.4000,0.4500,510,3400,5616,6318,0.0765,0.1598,0.2106,0.2106,0.000,,,0,7.25,7.25,119584,8007,982,110595,711923,83857,294150,21561,371355,179668,8894,203724,
MO,26,29,2017,6106670,2948905,114569,3.7,21.30102,12.79277,2.98956,305471,46,3.3,276887600,129994,30584,13338,758918,351513,234,292,342,194,357,511,649,591,803,991,5184,735,,,,666,11.1,0,46,117,0.28,9,25,0.26,0.0765,0.3400,0.4000,0.4500,510,3400,5616,6318,0.0765,0.1598,0.2106,0.2106,0.000,,,0,7.25,7.70,137771,7012,930,129829,975247,119620,335077,43843,586909,206271,20077,283779,
MT,27,30,2017,1052482,504871,20704,3.9,18.74570,10.85736,3.18900,47947,7,3.0,48623300,153093,10138,4056,120889,57589,467,588,709,194,357,511,649,824,1099,1351,1541,735,,,,101,9.7,1,41,59,0.41,18,32,0.36,0.0765,0.3400,0.4000,0.4500,510,3400,5616,6318,0.0765,0.1598,0.2106,0.2106,0.000,,,0,7.25,8.15,18232,1376,130,16726,238672,17445,44572,5922,82175,24551,2068,34182,
NE,28,31,2017,1915947,982435,29542,2.9,22.53790,13.20743,5.70907,120950,15,3.1,97032400,11247,13002,5294,175849,78872,378,450,522,194,357,511,649,735,961,1171,2906,735,,,,194,10.4,0,,,,,,,0.0765,0.3400,0.4000,0.4500,510,3400,5616,6318,0.0765,0.1598,0.2106,0.2106,0.100,,,1,7.25,9.00,28249,2346,242,25661,229476,37440,106248,22449,242852,47464,7772,77356,
NV,29,32,2017,2969905,1387628,73126,5.0,24.37718,14.85588,6.00636,158503,31,4.4,141515900,38665,23929,9402,440614,225337,318,383,448,194,357,511,649,675,894,1097,4493,735,,,,409,13.7,0,27,15,0.64,11,9,0.55,0.0765,0.3400,0.4000,0.4500,510,3400,5616,6318,0.0765,0.1598,0.2106,0.2106,0.000,,,0,7.25,8.25,55841,14016,742,41083,607542,66625,163929,20556,224528,107563,10253,139251,
NH,30,33,2017,1348787,734205,20477,2.7,12.46426,6.36246,1.63069,80838,2,0.8,79253400,20594,11454,4741,92457,45859,812,1021,1230,194,357,511,649,1128,1428,1716,1486,735,,,,88,6.6,0,172,222,0.44,9,14,0.39,0.0765,0.3400,0.4000,0.4500,510,3400,5616,6318,0.0765,0.1598,0.2106,0.2106,0.000,,,0,7.25,7.25,19028,895,136,17997,191125,13064,32071,5307,83276,13939,1528,21052,
NJ,31,34,2017,8885525,4248743,205939,4.6,12.32597,7.63921,2.12595,590697,40,2.0,577407800,412390,31367,13890,817979,407230,322,424,488,194,357,511,649,679,935,1137,5729,735,,,,774,8.6,0,52,28,0.65,24,16,0.60,0.0765,0.3400,0.4000,0.4500,510,3400,5616,6318,0.0765,0.1598,0.2106,0.2106,0.350,,,1,7.25,8.44,181806,37068,817,143921,1701389,147937,414896,45997,694111,254905,18098,326874,
NM,32,35,2017,2091784,880442,54817,5.9,25.07995,15.37024,4.67104,94457,16,3.2,83141600,59648,28006,11055,460534,217356,327,409,493,194,357,511,649,684,920,1142,5004,735,,,,380,18.6,0,38,32,0.54,26,16,0.62,0.0765,0.3400,0.4000,0.4500,510,3400,5616,6318,0.0765,0.1598,0.2106,0.2106,0.100,,,1,7.25,7.50,63667,8362,494,54811,896397,49975,179109,7627,217324,127259,3912,149960,
NY,33,36,2017,19589572,9100976,448102,4.7,20.53463,11.63749,3.56464,1608890,57,1.3,1289263200,1751340,349812,136273,2910894,1610723,574,789,951,194,357,511,649,931,1266,1520,45643,735,,,,2641,13.4,1,106,43,0.71,32,31,0.51,0.0765,0.3400,0.4000,0.4500,510,3400,5616,6318,0.0765,0.1598,0.2106,0.2106,0.300,,,1,7.25,9.70,638132,118529,3018,516585,6118975,435382,1203348,80245,1663296,638290,29411,759450,
NC,34,37,2017,10268233,4715754,220494,4.5,24.53306,15.68803,5.38922,541041,66,2.8,455997100,115435,100240,16859,1453827,731364,236,272,297,194,357,511,649,593,783,946,13859,735,,,,1494,14.5,1,46,74,0.38,15,35,0.30,0.0765,0.3400,0.4000,0.4500,510,3400,5616,6318,0.0765,0.1598,0.2106,0.2106,0.000,,,0,7.25,7.25,232314,17749,1877,212688,2087218,230660,644771,44935,866759,381362,21585,464599,
ND,35,38,2017,754942,398823,10929,2.7,15.96767,10.88186,4.22234,52607,6,3.5,39812900,127354,2692,1097,53748,25240,385,486,583,194,357,511,649,742,997,1232,654,735,,,,84,11.3,0,13,81,0.14,9,38,0.19,0.0765,0.3400,0.4000,0.4500,510,3400,5616,6318,0.0765,0.1598,0.2106,0.2106,0.000,,,0,7.25,7.25,8452,691,70,7691,92595,12729,27913,5929,91950,14460,2280,26520,
OH,36,39,2017,11659650,5491543,287186,5.0,22.20732,13.41121,5.59506,642351,70,2.6,546006000,731688,143157,67595,1501795,746747,387,474,584,194,357,511,649,744,985,1233,44912,735,,,,1458,12.7,0,33,66,0.33,9,24,0.27,0.0765,0.3400,0.4000,0.4500,510,3400,5616,6318,0.0765,0.1598,0.2106,0.2106,0.100,,,0,7.25,8.15,310312,16295,2019,291998,3080775,221746,612121,58947,994189,355567,21128,449465,
OK,37,40,2017,3931316,1758210,77515,4.2,24.49591,14.14902,4.92353,185486,42,4.3,172169500,101508,15368,6895,603896,273898,225,292,361,194,357,511,649,582,803,1010,4730,735,,,,482,12.6,0,26,75,0.26,6,42,0.13,0.0765,0.3400,0.4000,0.4500,510,3400,5616,6318,0.0765,0.1598,0.2106,0.2106,0.050,,,0,7.25,7.25,96794,6092,675,90027,669148,105846,295052,34304,442532,176479,15909,231273,
OR,38,41,2017,4143625,2002804,85976,4.1,17.66414,10.63909,3.27975,227042,18,2.0,202051500,323045,137959,45903,680671,388364,432,506,621,194,357,511,649,789,1017,1270,6707,735,,,,430,10.2,1,35,25,0.58,17,13,0.57,0.0765,0.3400,0.4000,0.4500,510,3400,5616,6318,0.0765,0.1598,0.2106,0.2106,0.080,,,1,7.25,9.75,88601,9628,641,78332,1009254,89534,200810,20567,297120,109571,9370,144676,
PA,39,42,2017,12787641,6112981,313066,4.9,23.09376,11.65452,3.86522,745141,68,2.5,681658500,342941,130386,52459,1842945,951411,316,403,497,194,357,511,649,673,914,1146,18553,735,,,,1411,11.2,1,82,121,0.40,16,34,0.32,0.0765,0.3400,0.4000,0.4500,510,3400,5616,6318,0.0765,0.1598,0.2106,0.2106,0.000,,,0,7.25,7.25,360941,24370,2045,334526,2848611,226060,645866,37983,1021156,332648,10651,394362,
RI,40,44,2017,1055673,528746,24376,4.4,15.26150,10.39677,2.77793,58117,3,1.3,55574700,15262,11000,4619,167431,100158,449,554,634,194,357,511,649,806,1065,1283,1142,735,,,,127,12.2,1,64,10,0.86,33,5,0.87,0.0765,0.3400,0.4000,0.4500,510,3400,5616,6318,0.0765,0.1598,0.2106,0.2106,0.150,,,1,7.25,9.60,33121,3381,160,29580,313477,19501,48674,5382,77399,26609,1956,34464,
SC,41,45,2017,5021268,2212845,98921,4.3,19.05427,10.48828,2.52379,223414,36,3.1,212034100,130962,19186,8819,719977,337213,224,283,341,194,357,511,649,581,794,990,5742,735,,,,773,15.6,0,44,80,0.35,18,28,0.39,0.0765,0.3400,0.4000,0.4500,510,3400,5616,6318,0.0765,0.1598,0.2106,0.2106,0.000,,,0,7.25,7.25,116611,7927,1272,107412,1245292,99332,349586,21887,472538,221446,9964,267280,
SD,42,46,2017,872868,441604,14636,3.2,23.62151,14.57759,5.06011,50343,6,3.0,43457300,9322,6032,3040,93259,41316,550,615,680,194,357,511,649,907,1126,1329,2512,735,,,,91,10.4,0,10,60,0.14,6,29,0.17,0.0765,0.3400,0.4000,0.4500,510,3400,5616,6318,0.0765,0.1598,0.2106,0.2106,0.000,,,0,7.25,8.65,14887,1470,139,13278,106612,18367,43679,8015,107123,21855,2023,29567,
TN,43,47,2017,6708799,3065279,119962,3.8,21.84243,11.81062,4.99529,346283,40,2.5,303460700,103367,59154,26622,1047058,512909,142,185,226,194,357,511,649,499,696,875,14559,735,,,,769,11.5,0,25,73,0.26,5,28,0.15,0.0765,0.3400,0.4000,0.4500,510,3400,5616,6318,0.0765,0.1598,0.2106,0.2106,0.000,,,0,7.25,7.25,179081,11222,1489,166370,1555500,136303,491598,27576,656161,323922,13424,390008,
TX,44,48,2017,28295273,12989682,585113,4.3,25.55163,15.37477,4.84061,1665428,462,6.0,1369329500,778985,62460,28476,3921278,1646209,248,286,344,194,357,511,649,605,797,993,20730,735,,,,3768,13.4,0,55,95,0.37,11,20,0.35,0.0765,0.3400,0.4000,0.4500,510,3400,5616,6318,0.0765,0.1598,0.2106,0.2106,0.000,,,0,7.25,7.25,657812,105446,6888,545478,4305931,821873,2409369,209562,3348977,1538037,102006,1909051,
UT,45,49,2017,3101042,1496465,50522,3.3,20.19106,9.96035,3.01419,167613,38,4.0,136996800,48877,9710,3899,206299,82772,399,498,583,194,357,511,649,756,1009,1232,1938,735,,,,269,8.6,0,13,62,0.17,5,24,0.17,0.0765,0.3400,0.4000,0.4500,510,3400,5616,6318,0.0765,0.1598,0.2106,0.2106,0.000,,,0,7.25,7.25,31720,2867,242,28611,302218,53748,138235,33032,335493,59065,8665,87312,
VT,46,50,2017,624344,335571,10163,2.9,16.31303,9.61303,3.39168,32041,1,0.8,32276900,8297,8075,3453,76558,42087,535,640,726,194,357,511,649,892,1151,1363,1397,735,,,,63,10.2,0,83,53,0.61,23,7,0.77,0.0765,0.3400,0.4000,0.4500,510,3400,5616,6318,0.0765,0.1598,0.2106,0.2106,0.320,,,1,7.25,10.00,15435,942,83,14410,184109,11558,23789,3866,47101,16235,2163,24709,
VA,47,51,2017,8463587,4151746,159430,3.7,18.46269,10.88219,2.98372,511876,51,2.6,470835700,151755,37962,19210,775548,367231,347,419,486,194,357,511,649,704,930,1135,7597,735,,,,847,10.3,1,34,66,0.34,19,21,0.48,0.0765,0.3400,0.4000,0.4500,510,3400,5616,6318,0.0765,0.1598,0.2106,0.2106,0.200,,,0,7.25,7.25,157590,18010,1159,138421,1025032,122185,384710,57298,694964,237412,26024,329202,
WA,48,53,2017,7423362,3551136,174984,4.7,21.18647,12.63359,3.32831,527708,17,1.0,433795800,2217095,91640,39692,929486,520498,420,521,613,194,357,511,649,777,1032,1262,13546,735,,,,736,9.9,1,50,48,0.51,25,24,0.51,0.0765,0.3400,0.4000,0.4500,510,3400,5616,6318,0.0765,0.1598,0.2106,0.2106,0.000,,,0,7.25,11.00,150356,17592,914,131850,1834491,157453,313850,49802,523209,146435,19684,195541,
WV,49,54,2017,1817004,738468,40507,5.2,26.67215,15.89842,5.35962,72853,5,1.3,70729900,136098,14378,7134,340308,171913,301,340,384,194,357,511,649,658,851,1033,5016,735,,,,311,17.3,0,36,63,0.36,12,22,0.35,0.0765,0.3400,0.4000,0.4500,510,3400,5616,6318,0.0765,0.1598,0.2106,0.2106,0.000,,,0,7.25,8.75,73901,2376,462,71063,552510,38315,136793,4497,191544,117474,3097,155964,
WI,50,55,2017,5790186,3030655,102750,3.3,18.83088,11.11750,4.25553,320610,28,2.1,285249900,47967,36198,16744,691635,343582,608,608,608,194,357,511,649,965,1119,1257,11114,735,,,,551,9.5,0,35,64,0.35,13,20,0.39,0.0765,0.3400,0.4000,0.4500,510,3400,5616,6318,0.0765,0.1598,0.2106,0.2106,0.040,0.110,0.340,1,7.25,7.25,118089,6778,894,110417,1185637,95958,261985,29599,510633,141011,10085,190114,
WY,51,56,2017,578931,280886,12186,4.2,19.77701,13.06391,4.23569,37271,8,5.4,32723600,176134,1250,529,32839,14102,621,660,660,194,357,511,649,978,1171,1309,256,735,,,,70,12.4,0,9,51,0.15,3,27,0.10,0.0765,0.3400,0.4000,0.4500,510,3400,5616,6318,0.0765,0.1598,0.2106,0.2106,0.000,,,0,7.25,5.15,6795,324,40,6431,61529,10159,20500,6052,49905,9767,1948,15707,
AL,1,1,2018,4887681,2130845,85782,3.9,24.64195,15.98543,6.83583,221031,25,2.2,208752700,94167,19008,8505,766681,360067,190,215,245,192,352,504,640,542,719,885,5006,750,,,,779,16.0,0,32,70,0.31,7,26,0.21,0.0765,0.3400,0.4000,0.4500,519,3461,5716,6431,0.0765,0.1598,0.2106,0.2106,0.000,,,0,7.25,7.25,161587,8088,903,152596,1021657,120605,353766,27584,499631,216528,11446,267372,
AK,2,2,2018,735139,329901,22761,6.5,19.23322,12.74586,5.61445,54293,6,3.4,44369600,19240,7644,2823,91995,40516,821,923,1025,230,422,604,767,1243,1527,1792,822,750,,,,94,13.1,0,17,21,0.45,6,14,0.30,0.0765,0.3400,0.4000,0.4500,519,3461,5716,6431,0.0765,0.1598,0.2106,0.2106,0.000,,,0,7.25,9.84,12528,1752,88,10688,198729,17092,39081,2828,53653,22098,1050,27001,
AZ,3,4,2018,7158024,3260518,162065,4.7,18.83781,11.21666,4.60154,350718,79,4.6,319226300,92827,15441,7533,845733,387657,220,278,335,192,352,504,640,572,782,975,4716,750,,,,929,12.8,0,25,35,0.42,13,17,0.43,0.0765,0.3400,0.4000,0.4500,519,3461,5716,6431,0.0765,0.1598,0.2106,0.2106,0.000,,,0,7.25,10.50,118534,17393,1143,99998,1864623,149513,439295,47882,627716,248412,20552,313831,
AR,4,5,2018,3009733,1303995,49310,3.6,24.89688,12.96043,5.70109,127761,16,2.2,130397500,52366,6437,2995,372451,164761,162,204,247,192,352,504,640,514,708,887,1414,750,,,,462,15.9,0,24,75,0.24,9,23,0.28,0.0765,0.3400,0.4000,0.4500,519,3461,5716,6431,0.0765,0.1598,0.2106,0.2106,0.000,,,0,7.25,8.50,105231,4858,681,99692,917921,73607,211102,28847,310997,141816,16202,189764,
CA,5,6,2018,39461588,18460725,820096,4.3,18.51977,10.27717,2.78671,2975083,146,1.6,2514503400,1679768,1377990,428843,3949535,1946003,645,799,949,192,352,504,640,997,1272,1516,137827,750,,,,4664,11.9,1,52,25,0.68,27,13,0.68,0.0765,0.3400,0.4000,0.4500,519,3461,5716,6431,0.0765,0.1598,0.2106,0.2106,0.850,,,1,7.25,11.00,1239522,355577,17277,866668,12874106,1009492,2288279,299875,3177216,1313244,145602,1706654,
CO,6,8,2018,5691287,2983498,97163,3.2,15.79381,9.47128,4.33543,372453,28,2.2,335195800,459542,37483,14843,449824,221726,364,462,561,192,352,504,640,716,966,1201,5439,750,,,,521,9.1,1,36,29,0.55,16,18,0.47,0.0765,0.3400,0.4000,0.4500,519,3461,5716,6431,0.0765,0.1598,0.2106,0.2106,0.100,,,1,7.25,10.20,72990,10712,553,61725,1296301,85258,196716,38965,367376,120716,19776,179740,
CT,7,9,2018,3571520,1821891,78773,4.1,18.38655,13.17122,4.21614,279782,8,1.1,267346200,63936,23554,10109,387329,223244,487,597,701,192,352,504,640,839,1101,1341,6658,750,,,,348,10.2,1,80,71,0.53,18,18,0.50,0.0765,0.3400,0.4000,0.4500,519,3461,5716,6431,0.0765,0.1598,0.2106,0.2106,0.230,,,1,7.25,10.10,66432,7251,459,58722,927265,47297,165980,14361,278108,88647,3860,107818,
DE,8,10,2018,965479,463542,18231,3.8,15.71137,9.38290,3.32702,74187,4,2.1,51103100,19282,10464,3776,140298,68554,270,338,407,192,352,504,640,622,842,1047,2785,750,,,,72,7.4,1,25,16,0.61,11,10,0.52,0.0765,0.3400,0.4000,0.4500,519,3461,5716,6431,0.0765,0.1598,0.2106,0.2106,0.200,,,0,7.25,8.25,17026,1287,96,15643,209755,16797,63730,2757,97980,40433,1165,52919,
DC,9,11,2018,701547,381703,23036,5.7,17.72278,11.56301,3.93508,138774,1,1.1,56995800,26905,13225,4965,112282,68855,450,575,703,192,352,504,640,802,1079,1343,1788,750,,,,102,14.7,.,,,,12,0,1.00,0.0765,0.3400,0.4000,0.4500,519,3461,5716,6431,0.0765,0.1598,0.2106,0.2106,0.400,,,1,7.25,13.25,25816,2107,140,23569,259746,12466,46604,695,56104,31844,308,37501,
FL,10,12,2018,21244317,9808656,364881,3.6,18.88025,11.31083,4.44548,1050298,174,3.9,1082702200,316360,67602,42510,3347518,1747853,241,303,364,192,352,504,640,593,807,1004,36518,750,,,,2883,13.7,0,40,75,0.35,16,23,0.41,0.0765,0.3400,0.4000,0.4500,519,3461,5716,6431,0.0765,0.1598,0.2106,0.2106,0.000,,,0,7.25,8.25,576287,144299,3532,428456,3852558,450624,1476494,52920,1752674,754472,23662,866111,
GA,11,13,2018,10511131,4880038,200434,3.9,17.46643,8.56380,2.83616,602024,130,5.0,493575900,170661,21151,10971,1556452,721491,235,280,330,192,352,504,640,587,784,970,8841,750,,,,1548,14.8,0,64,116,0.36,19,37,0.34,0.0765,0.3400,0.4000,0.4500,519,3461,5716,6431,0.0765,0.1598,0.2106,0.2106,0.000,,,0,7.25,5.15,259357,25515,2141,231701,1957737,217695,850544,67201,1190338,520696,33243,646452,
HI,12,15,2018,1420593,658256,16928,2.5,16.21609,8.83182,3.40588,93101,4,1.1,78436100,31136,12562,4593,163618,83819,485,610,735,358,657,941,1195,1142,1551,1930,1135,750,,,,128,9.2,1,46,5,0.90,25,0,1.00,0.0765,0.3400,0.4000,0.4500,519,3461,5716,6431,0.0765,0.1598,0.2106,0.2106,0.200,,,0,7.25,10.10,23157,5457,173,17527,324002,26115,56327,9250,102751,23361,2545,32405,
ID,13,16,2018,1750536,832286,24921,2.9,17.25803,9.19989,2.82638,79091,14,3.0,77992600,183792,2941,2008,157858,70062,309,309,309,192,352,504,640,661,813,949,1939,750,,,,202,11.5,0,11,59,0.16,6,29,0.17,0.0765,0.3400,0.4000,0.4500,519,3461,5716,6431,0.0765,0.1598,0.2106,0.2106,0.000,,,0,7.25,7.25,30870,1784,249,28837,296090,33717,80363,15431,151937,47905,6645,75064,
IL,14,17,2018,12723071,6184805,279152,4.3,17.35693,8.90606,2.85073,863040,48,1.6,727064100,183578,23285,11658,1826011,920271,318,432,474,192,352,504,640,670,936,1114,9469,750,,,,1292,10.3,0,67,51,0.57,37,22,0.63,0.0765,0.3400,0.4000,0.4500,519,3461,5716,6431,0.0765,0.1598,0.2106,0.2106,0.180,,,1,7.25,8.25,267091,30929,2451,233711,2827783,199360,797491,27165,1044213,403508,7131,439344,
IN,15,18,2018,6695497,3263751,117858,3.5,21.75450,16.52996,3.46321,368425,56,3.5,316836500,54809,12926,6481,617032,275368,229,288,346,192,352,504,640,581,792,986,4915,750,,,,761,11.6,0,30,70,0.30,9,41,0.18,0.0765,0.3400,0.4000,0.4500,519,3461,5716,6431,0.0765,0.1598,0.2106,0.2106,0.090,,,1,7.25,7.25,127356,5835,917,120604,1310854,143730,398454,58342,734633,213670,20739,283659,
IA,16,19,2018,3148618,1646708,44252,2.6,11.12097,6.63104,1.75464,190147,10,1.4,157980900,17530,25066,10344,345406,165116,361,426,495,192,352,504,640,713,930,1135,4794,750,,,,277,8.9,0,41,59,0.41,20,29,0.41,0.0765,0.3400,0.4000,0.4500,519,3461,5716,6431,0.0765,0.1598,0.2106,0.2106,0.150,,,1,7.25,7.25,51105,3187,657,47261,602532,60249,160524,24344,373033,73892,6651,102433,
KS,17,20,2018,2911359,1429229,48618,3.3,20.24154,12.79302,4.46796,171719,22,3.0,149239000,21573,4317,4317,217420,101446,352,429,497,192,352,504,640,704,933,1137,2486,750,,,,212,7.5,0,40,85,0.32,9,31,0.23,0.0765,0.3400,0.4000,0.4500,519,3461,5716,6431,0.0765,0.1598,0.2106,0.2106,0.170,,,1,7.25,7.25,47705,2929,393,44383,363414,50681,159563,34019,333287,84901,12020,118837,
KY,18,21,2018,4461153,1968611,89180,4.3,25.63094,16.05723,5.26930,207849,23,2.2,188876800,221580,38606,19722,615305,285763,225,262,325,192,352,504,640,577,766,965,14666,750,,,,696,15.7,0,37,63,0.37,11,27,0.29,0.0765,0.3400,0.4000,0.4500,519,3461,5716,6431,0.0765,0.1598,0.2106,0.2106,0.000,,,0,7.25,7.25,174203,9250,1067,163886,1328039,101743,424124,7283,515845,281800,3133,317906,
LA,19,22,2018,4659690,2001995,102502,4.9,23.26351,14.55881,6.31892,253236,21,1.8,215308700,130767,14153,5687,867342,403388,188,240,284,192,352,504,640,540,744,924,3165,750,,,,858,19.0,1,41,61,0.40,14,25,0.36,0.0765,0.3400,0.4000,0.4500,519,3461,5716,6431,0.0765,0.1598,0.2106,0.2106,0.035,,,1,7.25,7.25,175215,11222,1390,162603,1638252,112362,446776,12879,548082,264484,4714,290707,
ME,20,23,2018,1339057,673150,22529,3.2,22.70918,13.94904,5.39193,64557,6,2.4,65335200,26803,58959,17867,167858,89089,435,582,733,192,352,504,640,787,1086,1365,1678,750,,,,153,11.6,0,74,70,0.51,17,18,0.49,0.0765,0.3400,0.4000,0.4500,519,3461,5716,6431,0.0765,0.1598,0.2106,0.2106,0.050,,,1,7.25,10.00,36875,1740,212,34923,255517,18320,52280,7203,96195,32867,3978,50400,
MD,21,24,2018,6035802,3094569,127034,3.9,17.13436,9.89496,2.91692,411619,22,1.6,378491500,271411,44145,17848,646483,343933,536,677,811,192,352,504,640,888,1181,1419,6671,750,,,,480,8.0,0,91,50,0.65,32,14,0.70,0.0765,0.3400,0.4000,0.4500,519,3461,5716,6431,0.0765,0.1598,0.2106,0.2106,0.280,,,1,7.25,10.10,120976,15344,768,104864,1218122,128542,279615,34044,443313,174168,20414,265043,
MA,22,25,2018,6882635,3658286,127203,3.4,13.36569,6.96340,2.71075,570464,8,0.6,494177300,123137,126184,51052,770566,451072,531,633,731,192,352,504,640,883,1137,1363,13135,750,,,,601,8.7,0,121,34,0.78,32,7,0.82,0.0765,0.3400,0.4000,0.4500,519,3461,5716,6431,0.0765,0.1598,0.2106,0.2106,0.230,,,1,7.25,11.00,183889,24530,2178,157181,1807979,108593,322218,23861,527937,180518,5973,210411,
MI,23,26,2018,9984072,4705360,203354,4.1,20.39857,12.14034,4.08345,521803,38,1.7,477009600,78305,31270,12867,1281862,684001,403,492,597,192,352,504,640,755,996,1237,8000,750,,,,1036,10.5,0,46,63,0.42,11,27,0.29,0.0765,0.3400,0.4000,0.4500,519,3461,5716,6431,0.0765,0.1598,0.2106,0.2106,0.060,,,1,7.25,9.25,271856,19475,1706,250675,2437622,213964,527911,41838,793469,318482,17291,399205,
MN,24,27,2018,5606249,2981153,90280,2.9,14.95853,8.81027,2.10123,371930,20,1.5,321638500,92866,41868,17649,428986,212453,437,532,621,192,352,504,640,789,1036,1261,8196,750,,,,456,7.9,1,57,77,0.43,33,34,0.49,0.0765,0.3400,0.4000,0.4500,519,3461,5716,6431,0.0765,0.1598,0.2106,0.2106,0.350,,,1,7.25,9.86,93491,11098,763,81630,1084832,105961,230649,58629,610081,132726,25738,237727,
MS,25,28,2018,2981020,1207680,61454,4.8,26.31294,16.57424,5.38482,113579,21,2.9,112837600,44918,8901,4499,505308,231847,146,170,194,192,352,504,640,498,674,834,2737,750,,,,567,19.6,0,48,73,0.40,19,33,0.37,0.0765,0.3400,0.4000,0.4500,519,3461,5716,6431,0.0765,0.1598,0.2106,0.2106,0.000,,,0,7.25,7.25,117108,7776,982,108350,683577,85449,285338,21636,361804,175341,9105,200119,
MO,26,29,2018,6121623,2956667,96438,3.2,17.36035,10.32849,3.91347,317949,44,3.1,288385000,130802,26245,11473,736590,342323,234,292,342,192,352,504,640,586,796,982,4707,750,,,,745,12.4,0,47,115,0.29,9,24,0.27,0.0765,0.3400,0.4000,0.4500,519,3461,5716,6431,0.0765,0.1598,0.2106,0.2106,0.000,,,0,7.25,7.85,136317,6943,943,128431,961679,114323,327711,42925,578290,206120,20451,288907,
MT,27,30,2018,1060665,509568,19266,3.6,20.28746,11.82726,3.97928,50692,7,3.1,51117400,152812,10300,4064,115223,56025,467,588,709,192,352,504,640,819,1092,1348,1626,750,,,,107,10.3,1,41,59,0.41,18,32,0.36,0.0765,0.3400,0.4000,0.4500,519,3461,5716,6431,0.0765,0.1598,0.2106,0.2106,0.000,,,0,7.25,8.30,17893,1422,131,16340,258600,16682,44134,5775,80856,27296,2271,38371,
NE,28,31,2018,1925614,993561,29930,2.9,19.78149,9.57739,3.35270,124705,13,2.6,101845600,11817,12539,5080,169811,76451,378,450,522,192,352,504,640,730,954,1162,2910,750,,,,199,10.5,0,,,,,,,0.0765,0.3400,0.4000,0.4500,519,3461,5716,6431,0.0765,0.1598,0.2106,0.2106,0.100,,,1,7.25,9.00,28262,2340,246,25676,245882,35833,105664,23670,244089,48862,8383,80334,
NV,29,32,2018,3027341,1436891,66792,4.4,27.32569,15.79258,4.94974,169180,28,3.9,151367800,40703,24438,9562,439941,228290,320,386,452,192,352,504,640,672,890,1092,4269,750,,,,390,13.0,0,27,14,0.66,10,8,0.56,0.0765,0.3400,0.4000,0.4500,519,3461,5716,6431,0.0765,0.1598,0.2106,0.2106,0.000,,,0,7.25,8.25,56441,14343,723,41375,600837,62531,164239,20347,227933,104789,9751,135805,
NH,30,33,2018,1353465,743182,19576,2.6,11.75200,6.11357,2.87603,84584,2,0.8,83199100,21691,12628,5231,86502,43489,823,1039,1255,192,352,504,640,1137,1440,1730,1804,750,,,,82,6.1,0,175,218,0.45,10,14,0.42,0.0765,0.3400,0.4000,0.4500,519,3461,5716,6431,0.0765,0.1598,0.2106,0.2106,0.000,,,0,7.25,7.25,18579,861,134,17584,187628,12332,30081,5095,80656,13871,1627,21702,
NJ,31,34,2018,8886025,4250796,181724,4.1,15.31641,9.36699,3.16922,612979,45,2.2,602870100,424447,26300,11582,760303,379343,342,454,528,192,352,504,640,694,958,1168,4911,750,,,,725,8.2,1,54,26,0.68,25,15,0.63,0.0765,0.3400,0.4000,0.4500,519,3461,5716,6431,0.0765,0.1598,0.2106,0.2106,0.370,,,1,7.25,8.60,180121,37088,842,142191,1687716,141568,407823,45666,690361,249817,17777,324627,
NM,32,35,2018,2092741,892331,45914,4.9,28.18018,16.51497,5.30171,100080,14,2.9,87204600,54325,26388,10571,456251,220341,357,447,539,192,352,504,640,709,951,1179,4922,750,,,,342,16.6,0,38,32,0.54,26,16,0.62,0.0765,0.3400,0.4000,0.4500,519,3461,5716,6431,0.0765,0.1598,0.2106,0.2106,0.100,,,1,7.25,7.50,62929,8275,504,54150,838445,46187,175487,6974,213970,124145,3772,147137,
NY,33,36,2018,19530351,9127699,394170,4.1,19.83956,10.78568,3.62182,1705010,52,1.2,1340903300,1701032,327953,127790,2796620,1565541,574,789,951,192,352,504,640,926,1265,1517,42804,750,,,,2145,11.1,1,103,37,0.74,30,31,0.49,0.0765,0.3400,0.4000,0.4500,519,3461,5716,6431,0.0765,0.1598,0.2106,0.2106,0.300,,,1,7.25,10.40,629203,117252,3076,508875,6156398,416173,1344194,41831,1683130,702151,14570,773225,
NC,34,37,2018,10381615,4787719,198419,4.0,22.14370,13.46512,4.40341,567452,67,2.8,479791800,121117,26737,15436,1344485,643153,236,272,297,192,352,504,640,588,776,937,12987,750,,,,1355,13.1,1,45,75,0.38,15,35,0.30,0.0765,0.3400,0.4000,0.4500,519,3461,5716,6431,0.0765,0.1598,0.2106,0.2106,0.000,,,0,7.25,7.25,228762,17346,1863,209553,2159762,221719,632197,45608,851197,371513,22231,456289,
ND,35,38,2018,758080,393199,10384,2.6,16.28501,8.86632,3.10597,56287,5,2.7,42291900,129393,2584,1045,52621,25072,385,486,583,192,352,504,640,737,990,1223,638,750,,,,72,9.7,0,13,81,0.14,9,38,0.19,0.0765,0.3400,0.4000,0.4500,519,3461,5716,6431,0.0765,0.1598,0.2106,0.2106,0.000,,,0,7.25,7.25,8411,661,70,7680,93042,12313,27928,6247,93071,14882,2473,28014,
OH,36,39,2018,11676341,5521681,259066,4.5,23.66073,15.15133,5.56809,675030,74,2.8,569184000,515666,92017,50383,1421366,710024,395,483,596,192,352,504,640,747,987,1236,42054,750,,,,1365,11.9,0,33,66,0.33,9,24,0.27,0.0765,0.3400,0.4000,0.4500,519,3461,5716,6431,0.0765,0.1598,0.2106,0.2106,0.100,,,0,7.25,8.30,308224,16618,2052,289554,2934726,208955,601525,56158,984750,352565,20546,450290,
OK,37,40,2018,3940235,1777564,63045,3.4,30.63134,17.96602,4.66627,198596,41,4.1,180633600,106910,14216,6410,585064,268711,225,292,361,192,352,504,640,577,796,1001,4550,750,,,,518,13.4,0,28,72,0.28,8,40,0.17,0.0765,0.3400,0.4000,0.4500,519,3461,5716,6431,0.0765,0.1598,0.2106,0.2106,0.050,,,0,7.25,7.25,96201,6088,681,89432,647012,98551,289560,32849,436647,170927,15242,226802,
OR,38,41,2018,4181886,2012235,84967,4.1,19.54113,9.26909,4.75690,241978,17,1.9,215365400,310041,123164,41306,633970,365382,432,506,621,192,352,504,640,784,1010,1261,6035,750,,,,404,9.7,1,35,25,0.58,17,13,0.57,0.0765,0.3400,0.4000,0.4500,519,3461,5716,6431,0.0765,0.1598,0.2106,0.2106,0.080,,,1,7.25,10.75,88149,9609,621,77919,948521,85774,193234,20725,293894,108247,9726,147041,
PA,39,42,2018,12800922,6150782,272929,4.2,21.35913,10.83218,4.24250,778375,58,2.1,717255300,309767,116641,47101,1818589,956435,316,403,497,192,352,504,640,668,907,1137,17375,750,,,,1476,11.8,1,81,120,0.40,16,34,0.32,0.0765,0.3400,0.4000,0.4500,519,3461,5716,6431,0.0765,0.1598,0.2106,0.2106,0.000,,,0,7.25,7.25,355511,24537,2090,328884,2731187,218188,656060,36313,1017675,344569,10592,406545,
RI,40,44,2018,1058287,532478,22076,4.0,14.29890,8.05162,2.31029,59925,2,0.8,57603700,15945,10103,4261,158986,94205,449,554,634,192,352,504,640,801,1058,1274,1095,750,,,,92,8.9,1,64,11,0.85,33,4,0.89,0.0765,0.3400,0.4000,0.4500,519,3461,5716,6431,0.0765,0.1598,0.2106,0.2106,0.150,,,1,7.25,10.10,32946,3371,167,29408,308690,18950,47040,5145,76402,25712,1716,33608,
SC,41,45,2018,5084156,2259057,80882,3.5,16.92045,11.64340,3.31332,235287,31,2.7,223256900,115371,17723,8210,658119,307859,227,286,345,192,352,504,640,579,790,985,5590,750,,,,642,12.8,0,44,79,0.36,18,28,0.39,0.0765,0.3400,0.4000,0.4500,519,3461,5716,6431,0.0765,0.1598,0.2106,0.2106,0.208,,,0,7.25,7.25,115152,7721,1282,106149,1234824,92153,346181,21754,472200,221045,9780,268147,
SD,42,46,2018,878698,445472,14093,3.1,18.37182,11.75762,5.67729,53239,8,3.5,46248900,9424,6083,3007,87410,39968,550,615,680,192,352,504,640,902,1119,1320,2508,750,,,,90,10.6,0,10,60,0.14,6,29,0.17,0.0765,0.3400,0.4000,0.4500,519,3461,5716,6431,0.0765,0.1598,0.2106,0.2106,0.000,,,0,7.25,8.85,14639,1487,133,13019,105484,17667,42191,8224,106443,21330,2152,29612,
TN,43,47,2018,6771631,3139888,114373,3.5,21.31730,12.88016,4.59120,362737,51,3.3,319689700,108158,49671,22769,970875,471342,142,185,226,192,352,504,640,494,689,866,13203,750,,,,800,12.0,0,25,74,0.25,5,28,0.15,0.0765,0.3400,0.4000,0.4500,519,3461,5716,6431,0.0765,0.1598,0.2106,0.2106,0.000,,,0,7.25,7.25,176336,10980,1499,163857,1578332,127814,484320,29066,653668,317221,14593,386907,
TX,44,48,2018,28628666,13285118,531572,3.8,22.39122,13.85346,4.03352,1795635,478,6.2,1463962200,822731,57201,26363,3895207,1636052,251,290,348,192,352,504,640,603,794,988,19274,750,,,,3894,13.7,0,56,93,0.38,11,20,0.35,0.0765,0.3400,0.4000,0.4500,519,3461,5716,6431,0.0765,0.1598,0.2106,0.2106,0.000,,,0,7.25,7.25,649561,104305,6900,538356,4251735,746246,2389352,173136,3222416,1588312,85556,1918408,
UT,45,49,2018,3153550,1522290,47679,3.0,18.46536,9.74457,1.65884,181623,39,4.0,148240600,50936,9135,3781,189093,77795,399,498,583,192,352,504,640,751,1002,1223,2036,750,,,,219,6.9,0,13,62,0.17,5,24,0.17,0.0765,0.3400,0.4000,0.4500,519,3461,5716,6431,0.0765,0.1598,0.2106,0.2106,0.000,,,0,7.25,7.25,31489,2852,257,28380,294788,48989,133340,32173,333362,56803,8685,86015,
VT,46,50,2018,624358,336496,8804,2.5,14.34806,9.44957,3.03950,32981,1,0.6,33422700,8715,6910,3017,73058,40934,535,640,726,192,352,504,640,887,1144,1360,1358,750,,,,60,9.7,0,83,53,0.61,21,7,0.75,0.0765,0.3400,0.4000,0.4500,519,3461,5716,6431,0.0765,0.1598,0.2106,0.2106,0.360,,,1,7.25,10.50,15237,925,80,14232,175896,11427,23185,3989,46481,16606,2320,25551,
VA,47,51,2018,8501286,4209651,131502,3.0,15.34003,9.06722,4.80155,533510,48,2.5,492764300,160202,36408,25526,736221,352313,347,419,486,192,352,504,640,699,923,1126,13359,750,,,,821,9.8,1,49,51,0.49,19,21,0.48,0.0765,0.3400,0.4000,0.4500,519,3461,5716,6431,0.0765,0.1598,0.2106,0.2106,0.200,,,0,7.25,7.25,155879,17639,1151,137089,1069506,113952,406471,50949,702417,256043,24360,351369,
WA,48,53,2018,7523869,3637581,169432,4.5,17.86304,10.56516,3.75307,575417,18,1.0,468055100,2022209,88083,37632,877244,501868,459,569,670,192,352,504,640,811,1073,1310,12736,750,,,,647,8.6,1,50,48,0.51,26,23,0.53,0.0765,0.3400,0.4000,0.4500,519,3461,5716,6431,0.0765,0.1598,0.2106,0.2106,0.000,,,0,7.25,11.50,149201,17479,910,130812,1775614,145015,303291,50541,517572,145470,20706,199596,
WV,49,54,2018,1804291,744326,40870,5.2,29.02558,18.46949,5.97593,77633,8,2.2,74321600,140774,13192,6698,321009,165378,331,374,422,192,352,504,640,683,878,1062,5017,750,,,,279,15.9,0,36,64,0.36,12,22,0.35,0.0765,0.3400,0.4000,0.4500,519,3461,5716,6431,0.0765,0.1598,0.2106,0.2106,0.000,,,0,7.25,8.75,72326,2325,447,69554,536762,35412,143062,3231,186269,120022,2174,149357,
WI,50,55,2018,5807406,3024747,93554,3.0,15.75483,10.98978,5.17102,337553,25,1.9,299827000,50384,33282,15575,652885,329203,608,608,608,192,352,504,640,960,1112,1248,10777,750,,,,499,8.6,0,35,63,0.36,13,19,0.41,0.0765,0.3400,0.4000,0.4500,519,3461,5716,6431,0.0765,0.1598,0.2106,0.2106,0.040,0.110,0.340,1,7.25,7.25,116776,6734,885,109157,1184947,92487,260994,28001,500434,141876,9895,192102,
WY,51,56,2018,577601,280076,11352,3.9,20.86219,12.16235,5.27903,39703,4,3.0,35054200,171369,1253,538,29330,12989,635,675,675,192,352,504,640,987,1179,1315,266,750,,,,53,9.5,0,9,51,0.15,3,27,0.10,0.0765,0.3400,0.4000,0.4500,519,3461,5716,6431,0.0765,0.1598,0.2106,0.2106,0.000,,,0,7.25,5.15,6880,344,43,6493,58109,9062,19598,5713,48141,9807,1977,16404,
AL,1,1,2019,4903185,2174483,67264,3.0,25.79679,15.18524,4.75046,228143,22,2.0,216449000,95091,17083,7626,667043,315551,190,215,245,192,353,505,642,543,720,887,4714,771,,,,627,12.9,0,28,77,0.27,8,27,0.23,0.0765,0.3400,0.4000,0.4500,529,3526,5828,6557,0.0765,0.1598,0.2106,0.2106,0.000,,,0,7.25,7.25,160204,7877,931,151396,1035250,115410,353807,27701,499934,217863,12310,272446,
AK,2,2,2019,731545,326430,21349,6.1,15.90393,10.51467,5.05913,54386,4,2.1,45945100,19384,6453,2446,78932,35493,821,923,1025,232,425,609,773,1246,1532,1798,787,771,,,,72,10.2,0,16,22,0.42,7,13,0.35,0.0765,0.3400,0.4000,0.4500,529,3526,5828,6557,0.0765,0.1598,0.2106,0.2106,0.000,,,0,7.25,10.19,12468,1782,85,10601,204493,15978,38234,2748,53285,21558,1056,26946,
AZ,3,4,2019,7278717,3384504,166756,4.7,21.80375,12.99242,2.56458,370119,88,5.2,335243100,93712,13992,7013,736883,345106,220,278,335,192,353,505,642,573,783,977,4635,771,,,,725,9.9,0,29,31,0.48,13,17,0.43,0.0765,0.3400,0.4000,0.4500,529,3526,5828,6557,0.0765,0.1598,0.2106,0.2106,0.000,,,0,7.25,12.00,119424,17785,1180,100459,1861477,141959,427697,47122,619378,244375,20423,312207,
AR,4,5,2019,3017804,1314290,48352,3.5,21.19793,11.80532,4.43719,130954,27,3.8,134682700,52328,5567,2527,354917,159231,162,204,247,192,353,505,642,515,709,889,1207,771,,,,412,14.1,0,24,76,0.24,9,26,0.26,0.0765,0.3400,0.4000,0.4500,529,3526,5828,6557,0.0765,0.1598,0.2106,0.2106,0.000,,,0,7.25,9.25,104331,4757,667,98907,825397,67231,210819,28876,312581,142968,16741,194175,
CA,5,6,2019,39512223,18627378,784194,4.0,18.39648,9.92111,3.05447,3132801,149,1.6,2632279800,1694918,1230844,382655,3529470,1803402,710,879,1044,192,353,505,642,1063,1335,1591,125046,771,,,,3980,10.1,1,60,20,0.75,28,10,0.74,0.0765,0.3400,0.4000,0.4500,529,3526,5828,6557,0.0765,0.1598,0.2106,0.2106,0.850,,,1,7.25,12.00,1222997,353120,16798,853079,12437994,928943,2367956,242021,3153141,1371048,118034,1696894,
CO,6,8,2019,5758736,3062098,86668,2.8,19.70698,12.14921,3.49883,392986,32,2.5,352184700,455724,35130,14152,415289,207748,400,508,617,192,353,505,642,753,1013,1259,5165,771,,,,535,9.3,1,41,24,0.63,19,16,0.54,0.0765,0.3400,0.4000,0.4500,529,3526,5828,6557,0.0765,0.1598,0.2106,0.2106,0.100,,,1,7.25,12.00,72724,10896,555,61273,1234143,81906,186770,38431,360204,110599,18804,168695,
CT,7,9,2019,3565287,1842164,71366,3.7,22.61681,11.76711,5.87369,287822,11,1.4,275556800,61304,16931,8169,340447,197761,487,597,701,192,353,505,642,840,1102,1343,5617,771,,,,291,8.3,1,90,59,0.60,20,13,0.61,0.0765,0.3400,0.4000,0.4500,529,3526,5828,6557,0.0765,0.1598,0.2106,0.2106,0.230,,,1,7.25,11.00,66766,7298,456,59012,952040,45770,183768,14252,284286,98664,3543,114393,
DE,8,10,2019,973764,468844,18419,3.8,19.69533,11.34367,4.39012,77082,4,2.2,53055300,18947,9678,3479,119787,58622,270,338,407,192,353,505,642,623,843,1049,2618,771,,,,63,6.5,1,26,15,0.63,12,9,0.57,0.0765,0.3400,0.4000,0.4500,529,3526,5828,6557,0.0765,0.1598,0.2106,0.2106,0.200,,,0,7.25,9.25,17074,1299,104,15671,177665,16429,62965,2746,98371,40025,1181,54009,
DC,9,11,2019,705749,387482,22487,5.5,13.24080,6.77022,1.86821,143389,1,1.0,58864000,27183,19429,6872,101230,60156,503,642,785,192,353,505,642,856,1147,1409,1624,771,,,,88,12.5,.,,,,11,0,1.00,0.0765,0.3400,0.4000,0.4500,529,3526,5828,6557,0.0765,0.1598,0.2106,0.2106,0.400,,,1,7.25,14.00,25566,2177,147,23242,258517,11844,42638,728,52641,29282,341,35373,
FL,10,12,2019,21477737,10016060,320689,3.1,16.81927,8.78637,3.77585,1106500,176,4.0,1125984000,313071,62146,39709,2649741,1429884,241,303,364,192,353,505,642,594,808,1006,34834,771,,,,2455,11.5,0,46,72,0.39,17,23,0.43,0.0765,0.3400,0.4000,0.4500,529,3526,5828,6557,0.0765,0.1598,0.2106,0.2106,0.000,,,0,7.25,8.56,576687,145432,3660,427595,3771711,429378,1382522,92010,1725924,718581,40609,864424,
GA,11,13,2019,10617423,4935310,175008,3.4,19.45899,11.51035,4.12029,625714,114,4.4,512137900,172393,17800,9531,1332675,614750,235,280,330,192,353,505,642,588,785,972,8219,771,,,,1249,12.1,0,75,103,0.42,21,35,0.38,0.0765,0.3400,0.4000,0.4500,529,3526,5828,6557,0.0765,0.1598,0.2106,0.2106,0.000,,,0,7.25,5.15,259076,25979,2186,230911,1962735,202914,820462,70886,1174602,510982,35991,649674,
HI,12,15,2019,1415872,646973,18019,2.7,16.23876,10.60350,3.45936,95744,2,0.7,80726500,31443,11478,4191,144922,74820,485,610,735,358,656,940,1193,1141,1550,1928,1059,771,,,,115,8.4,1,46,5,0.90,24,1,0.96,0.0765,0.3400,0.4000,0.4500,529,3526,5828,6557,0.0765,0.1598,0.2106,0.2106,0.200,,,0,7.25,10.10,22673,5314,174,17185,301359,25562,55079,9647,103712,22897,2664,32517,
ID,13,16,2019,1787065,856245,25646,2.9,16.84746,9.82066,3.99555,83666,12,2.5,82148400,187936,2960,2041,135922,61390,309,309,309,192,353,505,642,662,814,951,1957,771,,,,127,7.1,0,14,56,0.20,7,28,0.20,0.0765,0.3400,0.4000,0.4500,529,3526,5828,6557,0.0765,0.1598,0.2106,0.2106,0.000,,,0,7.25,7.25,31022,1753,244,29025,298258,31000,74405,16149,148762,43500,6758,70359,
IL,14,17,2019,12671821,6190757,255853,4.0,17.69426,9.77797,3.30254,885583,61,2.1,744640700,185065,21485,10800,1639396,816044,412,520,628,192,353,505,642,765,1025,1270,8763,771,,,,1160,9.3,1,72,44,0.62,40,19,0.68,0.0765,0.3400,0.4000,0.4500,529,3526,5828,6557,0.0765,0.1598,0.2106,0.2106,0.180,,,1,7.25,9.25,264339,30645,2487,231207,2566110,182341,769014,26486,1014938,403767,7224,442161,
IN,15,18,2019,6732219,3275056,112310,3.3,16.41609,11.17818,4.68807,379684,58,3.6,327712500,56142,10990,5536,530384,238303,229,288,346,192,353,505,642,582,793,988,4181,771,,,,677,10.1,0,33,67,0.33,10,40,0.20,0.0765,0.3400,0.4000,0.4500,529,3526,5828,6557,0.0765,0.1598,0.2106,0.2106,0.090,,,1,7.25,7.25,127699,5881,952,120866,1307223,138611,398903,55959,727813,212258,20085,284391,
IA,16,19,2019,3155070,1691016,47808,2.7,13.93785,9.03207,4.33441,194658,11,1.4,163638600,21944,21841,9112,295682,142502,361,426,495,192,353,505,642,714,931,1137,3959,771,,,,298,9.5,0,46,54,0.46,18,32,0.36,0.0765,0.3400,0.4000,0.4500,529,3526,5828,6557,0.0765,0.1598,0.2106,0.2106,0.150,,,1,7.25,7.25,51653,3203,624,47826,604790,58064,170587,22352,373442,76497,6034,104152,
KS,17,20,2019,2913314,1439563,47057,3.2,25.24773,13.86726,3.53584,176493,25,3.5,155647600,21571,3834,3835,185329,87158,352,429,497,192,353,505,642,705,934,1139,1942,771,,,,266,9.5,1,40,85,0.32,11,28,0.28,0.0765,0.3400,0.4000,0.4500,529,3526,5828,6557,0.0765,0.1598,0.2106,0.2106,0.170,,,1,7.25,7.25,47364,2893,388,44083,341484,48536,155851,33903,331044,86550,12876,124469,
KY,18,21,2019,4467673,1983577,89009,4.3,25.63775,15.17260,4.41089,215399,22,2.2,195548800,217450,34817,17425,502241,226832,225,262,325,192,353,505,642,578,767,967,13249,771,,,,599,13.6,0,39,61,0.39,9,28,0.24,0.0765,0.3400,0.4000,0.4500,529,3526,5828,6557,0.0765,0.1598,0.2106,0.2106,0.000,,,0,7.25,7.25,171506,9136,1067,161303,1289799,94296,428923,6351,514524,291107,2970,327565,
LA,19,22,2019,4648794,1994285,101167,4.8,27.62156,14.06510,5.23554,256919,22,1.9,220629700,131204,11888,4912,749560,348643,188,240,284,192,353,505,642,541,745,926,3001,771,,,,816,17.9,1,36,59,0.38,14,25,0.36,0.0765,0.3400,0.4000,0.4500,529,3526,5828,6557,0.0765,0.1598,0.2106,0.2106,0.050,,,1,7.25,7.25,173521,10873,1401,161247,1577893,103207,445866,10513,545226,268057,3747,295482,
ME,20,23,2019,1344212,671759,20980,3.0,21.19787,11.52817,5.57206,67717,7,2.7,68062400,27065,54686,16415,144433,78862,444,594,748,192,353,505,642,797,1099,1383,1339,771,,,,140,10.4,1,88,57,0.61,21,14,0.60,0.0765,0.3400,0.4000,0.4500,529,3526,5828,6557,0.0765,0.1598,0.2106,0.2106,0.120,,,1,7.25,12.00,36610,1748,214,34648,270006,17476,50684,7116,95318,32977,4127,52185,
MD,21,24,2019,6045680,3143967,116700,3.6,16.84879,6.54654,2.71752,426747,19,1.4,390792500,273676,40572,16494,570444,308167,561,709,849,192,353,505,642,914,1214,1454,6288,771,,,,424,7.0,0,99,42,0.70,32,15,0.68,0.0765,0.3400,0.4000,0.4500,529,3526,5828,6557,0.0765,0.1598,0.2106,0.2106,0.280,,,1,7.25,11.00,121669,15374,791,105504,1229390,122569,268415,36641,441984,167006,21843,262883,
MA,22,25,2019,6892503,3706556,110881,2.9,13.36049,8.36457,2.70444,596593,6,0.4,511333700,123580,126797,49567,703516,416128,531,633,731,192,353,505,642,884,1138,1372,12334,771,,,,521,7.5,0,127,32,0.80,34,6,0.85,0.0765,0.3400,0.4000,0.4500,529,3526,5828,6557,0.0765,0.1598,0.2106,0.2106,0.300,,,1,7.25,12.75,182565,24807,2134,155624,1455990,103315,320698,22177,526432,183143,5624,214921,
MI,23,26,2019,9986857,4735826,201440,4.1,19.35786,12.67908,3.77110,536888,44,2.0,491631800,74363,27888,11355,1181972,631699,403,492,597,192,353,505,642,756,997,1239,7124,771,,,,1007,10.2,1,52,58,0.47,16,22,0.42,0.0765,0.3400,0.4000,0.4500,529,3526,5828,6557,0.0765,0.1598,0.2106,0.2106,0.060,,,1,7.25,9.65,270456,19606,1715,249135,2385506,205364,557037,37367,803269,337171,14312,403684,
MN,24,27,2019,5639632,3009156,100492,3.2,11.05349,7.21327,2.52347,383777,19,1.4,331801900,88789,37686,15974,381779,193684,437,532,621,192,353,505,642,790,1037,1263,7468,771,,,,322,5.7,1,75,59,0.56,32,34,0.48,0.0765,0.3400,0.4000,0.4500,529,3526,5828,6557,0.0765,0.1598,0.2106,0.2106,0.350,,,1,7.25,10.00,93162,11253,777,81132,1040633,100123,221920,59128,605578,128564,26565,239919,
MS,25,28,2019,2976149,1206892,69226,5.4,27.70188,16.25260,5.60984,115971,26,3.5,115814200,45357,6612,3428,420873,195903,146,170,194,192,353,505,642,499,675,836,2276,771,,,,560,19.2,0,47,74,0.39,19,33,0.37,0.0765,0.3400,0.4000,0.4500,529,3526,5828,6557,0.0765,0.1598,0.2106,0.2106,0.000,,,0,7.25,7.25,115645,7581,980,107084,673247,79192,276191,21654,354127,171028,9329,197691,
MO,26,29,2019,6137428,2981688,101557,3.3,21.61518,14.11934,5.09994,328401,56,4.0,298619800,119209,22855,9993,639338,299268,234,292,342,192,353,505,642,587,797,984,4112,771,,,,568,9.4,0,47,115,0.29,10,24,0.29,0.0765,0.3400,0.4000,0.4500,529,3526,5828,6557,0.0765,0.1598,0.2106,0.2106,0.000,,,0,7.25,9.45,136035,6905,965,128165,847272,106733,315008,41908,559431,203573,20903,290152,
MT,27,30,2019,1068778,514917,18580,3.5,23.36696,12.49608,5.24625,52935,7,3.2,53168000,138742,8292,3410,99368,48974,467,588,709,192,353,505,642,820,1093,1351,1548,771,,,,102,9.7,1,42,58,0.42,20,30,0.40,0.0765,0.3400,0.4000,0.4500,529,3526,5828,6557,0.0765,0.1598,0.2106,0.2106,0.030,,,1,7.25,8.65,17698,1424,142,16132,252830,15754,42631,5744,79205,27339,2394,39453,
NE,28,31,2019,1934408,1003680,31560,3.0,19.26055,12.40262,5.17881,130012,15,3.2,105454200,11990,11113,4524,148768,67643,393,468,543,192,353,505,642,746,973,1185,2664,771,,,,165,8.7,0,,,,,,,0.0765,0.3400,0.4000,0.4500,529,3526,5828,6557,0.0765,0.1598,0.2106,0.2106,0.100,,,1,7.25,9.00,28669,2434,256,25979,241856,33983,107405,22398,243570,49858,8183,81525,
NV,29,32,2019,3080156,1482476,59976,3.9,16.01646,9.03950,3.34905,178199,29,4.1,157583700,41092,20877,8327,391569,206100,320,386,452,192,353,505,642,673,891,1094,3992,771,,,,323,10.4,1,29,13,0.69,13,8,0.62,0.0765,0.3400,0.4000,0.4500,529,3526,5828,6557,0.0765,0.1598,0.2106,0.2106,0.000,,,0,7.25,8.25,56567,14746,723,41098,586808,58742,169289,17462,230150,104808,8087,132618,
NH,30,33,2019,1359711,754054,19686,2.5,12.72154,5.76147,1.95955,87634,4,1.5,86344900,21883,12417,5243,70412,36685,845,1066,1287,192,353,505,642,1159,1466,1761,1960,771,,,,49,3.7,0,233,167,0.58,14,10,0.58,0.0765,0.3400,0.4000,0.4500,529,3526,5828,6557,0.0765,0.1598,0.2106,0.2106,0.000,,,0,7.25,7.25,18332,826,128,17378,180873,12163,29589,4763,80367,13930,1511,22319,
NJ,31,34,2019,8882190,4333333,159792,3.6,13.40408,7.32738,2.16326,634784,47,2.3,625937900,427303,20988,9274,649128,325992,425,559,644,192,353,505,642,778,1064,1286,4170,771,,,,554,6.3,1,53,26,0.67,25,15,0.63,0.0765,0.3400,0.4000,0.4500,529,3526,5828,6557,0.0765,0.1598,0.2106,0.2106,0.390,,,1,7.25,11.00,178274,36788,859,140627,1570169,134936,390394,43832,667127,238938,17894,318981,
NM,32,35,2019,2096829,908166,46430,4.9,23.92023,13.52446,5.24420,105143,16,3.3,90846900,46876,24778,9989,415161,204245,357,447,539,192,353,505,642,710,952,1181,4705,771,,,,315,15.3,1,46,24,0.66,26,16,0.62,0.0765,0.3400,0.4000,0.4500,529,3526,5828,6557,0.0765,0.1598,0.2106,0.2106,0.170,,,1,7.25,9.00,62071,8085,504,53482,825498,40485,168107,6901,208952,117445,3686,141632,
NY,33,36,2019,19453561,9137551,376827,4.0,18.45454,11.60524,3.54072,1772261,44,1.1,1395147500,1691047,302596,117827,2661700,1512387,574,789,951,192,353,505,642,927,1272,1526,39948,771,,,,2382,12.5,1,106,43,0.71,40,23,0.63,0.0765,0.3400,0.4000,0.4500,529,3526,5828,6557,0.0765,0.1598,0.2106,0.2106,0.300,,,1,7.25,11.80,621783,116291,3099,502393,6067467,378946,1360408,35137,1688388,722403,12463,794814,
NC,34,37,2019,10488084,4883875,196569,3.9,23.02476,12.61758,3.41848,591601,69,2.9,500973800,122443,22784,13592,1228424,590075,236,272,297,192,353,505,642,589,777,939,11841,771,,,,1324,12.7,1,55,65,0.46,21,28,0.43,0.0765,0.3400,0.4000,0.4500,529,3526,5828,6557,0.0765,0.1598,0.2106,0.2106,0.000,,,0,7.25,7.25,228433,17175,1882,209376,2112241,207351,623693,39124,835081,367721,19835,455308,
ND,35,38,2019,762062,394024,9575,2.4,16.37169,9.98095,1.38194,57181,5,2.9,43614400,112430,2349,950,45312,21864,385,486,583,192,353,505,642,738,991,1225,540,771,,,,61,8.1,0,15,79,0.16,10,37,0.21,0.0765,0.3400,0.4000,0.4500,529,3526,5828,6557,0.0765,0.1598,0.2106,0.2106,0.000,,,0,7.25,7.25,8295,615,68,7612,88829,11405,27290,6355,93332,14783,2664,29270,
OH,36,39,2019,11689100,5563572,238746,4.1,16.52400,8.98022,3.62369,695362,69,2.6,586784000,708352,92550,51225,1273257,632171,406,497,613,192,353,505,642,759,1002,1255,43069,771,,,,1424,12.4,0,38,60,0.39,9,23,0.28,0.0765,0.3400,0.4000,0.4500,529,3526,5828,6557,0.0765,0.1598,0.2106,0.2106,0.300,,,0,7.25,8.70,307650,16889,2040,288721,2763388,192574,583905,53902,969722,347076,19999,450137,
OK,37,40,2019,3956971,1780551,60658,3.3,23.87555,14.54972,4.27661,202036,44,4.5,187327500,107963,13304,6042,531728,247673,225,292,361,192,353,505,642,578,797,1003,4369,771,,,,422,10.8,0,24,77,0.24,9,39,0.19,0.0765,0.3400,0.4000,0.4500,529,3526,5828,6557,0.0765,0.1598,0.2106,0.2106,0.050,,,0,7.25,7.25,96758,6163,697,89898,639506,91650,281406,33041,432243,168427,15733,227655,
OR,38,41,2019,4217737,2025300,78769,3.7,16.83240,8.17209,3.60760,253623,16,1.8,224346400,365347,113328,38110,554927,324903,432,506,621,192,353,505,642,785,1011,1263,5011,771,,,,336,8.1,1,38,22,0.63,18,12,0.60,0.0765,0.3400,0.4000,0.4500,529,3526,5828,6557,0.0765,0.1598,0.2106,0.2106,0.080,,,1,7.25,11.25,88879,9738,616,78525,958178,81226,179846,21071,287378,100946,9886,144573,
PA,39,42,2019,12801989,6207627,284013,4.4,16.96502,10.09178,3.20852,808738,64,2.4,742924300,280016,101975,41486,1627640,872822,316,403,497,192,353,505,642,669,908,1139,15867,771,,,,1092,8.7,1,91,110,0.45,21,28,0.43,0.0765,0.3400,0.4000,0.4500,529,3526,5828,6557,0.0765,0.1598,0.2106,0.2106,0.000,,,0,7.25,7.25,353805,24869,2124,326812,2848357,202172,657575,34873,1011843,355017,10779,421021,
RI,40,44,2019,1059361,535768,19786,3.6,17.69469,7.78534,1.62166,61884,3,1.3,59707200,16014,9682,4000,141232,84445,449,554,634,192,353,505,642,802,1059,1276,1038,771,,,,96,9.2,1,66,8,0.89,33,5,0.87,0.0765,0.3400,0.4000,0.4500,529,3526,5828,6557,0.0765,0.1598,0.2106,0.2106,0.150,,,1,7.25,10.50,32589,3340,171,29078,300970,17962,47338,5052,77705,26680,1757,34813,
SC,41,45,2019,5148714,2308362,67707,2.8,19.17474,10.62888,4.63276,247544,40,3.5,233948400,122368,17829,8058,558722,259707,231,292,352,192,353,505,642,584,797,994,5269,771,,,,775,15.1,0,44,79,0.36,19,26,0.42,0.0765,0.3400,0.4000,0.4500,529,3526,5828,6557,0.0765,0.1598,0.2106,0.2106,0.417,,,0,7.25,7.25,114654,7664,1290,105700,1250545,84596,343417,20921,473926,218588,9562,268738,
SD,42,46,2019,884659,448713,15284,3.3,17.85794,11.38230,3.53328,54941,9,4.0,47738100,9369,5808,2925,75020,35168,550,615,680,192,353,505,642,903,1120,1322,2488,771,,,,91,10.6,0,11,59,0.16,5,30,0.14,0.0765,0.3400,0.4000,0.4500,529,3526,5828,6557,0.0765,0.1598,0.2106,0.2106,0.000,,,0,7.25,9.30,14430,1526,134,12770,103998,16730,40716,7878,105338,20282,2147,29619,
TN,43,47,2019,6829174,3231501,113348,3.4,20.31402,12.34471,5.17864,376582,45,2.9,332472700,109088,41765,19601,832130,398958,215,277,339,192,353,505,642,568,782,981,12344,771,,,,879,13.1,0,26,73,0.26,5,26,0.16,0.0765,0.3400,0.4000,0.4500,529,3526,5828,6557,0.0765,0.1598,0.2106,0.2106,0.000,,,0,7.25,7.25,174521,10797,1545,162179,1586376,112155,454750,31531,641334,300187,16429,382232,
TX,44,48,2019,28995881,13551791,493521,3.5,23.24121,12.87582,4.14625,1843803,531,6.9,1531346500,853169,50123,23544,3187238,1364935,255,295,354,192,353,505,642,608,800,996,17326,771,,,,3174,11.1,0,67,83,0.45,12,19,0.39,0.0765,0.3400,0.4000,0.4500,529,3526,5828,6557,0.0765,0.1598,0.2106,0.2106,0.000,,,0,7.25,7.25,643639,103433,6949,533257,4126343,681555,2542125,159023,3362143,1639341,73905,1937909,
UT,45,49,2019,3205958,1565782,41906,2.6,21.32643,13.43244,3.93815,192519,42,4.3,156896300,51089,7831,3316,160829,67803,399,498,583,192,353,505,642,752,1003,1225,1891,771,,,,236,7.3,0,16,59,0.21,6,23,0.21,0.0765,0.3400,0.4000,0.4500,529,3526,5828,6557,0.0765,0.1598,0.2106,0.2106,0.000,,,0,7.25,7.25,31699,2840,274,28585,289310,43646,127516,31173,332277,54767,8350,85282,
VT,46,50,2019,623989,334070,8156,2.4,15.73128,10.22637,3.74808,34013,2,1.3,34502300,8795,6249,2772,68277,38423,535,640,726,192,353,505,642,888,1145,1368,1292,771,,,,53,8.6,0,94,42,0.69,22,6,0.79,0.0765,0.3400,0.4000,0.4500,529,3526,5828,6557,0.0765,0.1598,0.2106,0.2106,0.360,,,1,7.25,10.96,15054,913,79,14062,166532,11321,21391,3973,45762,15418,2331,25197,
VA,47,51,2019,8535519,4289132,123114,2.8,12.97128,6.31007,2.13785,556905,40,2.1,509201300,163084,34888,16613,654882,318522,367,442,513,192,353,505,642,720,947,1155,8355,771,,,,737,8.8,1,48,51,0.48,19,21,0.48,0.0765,0.3400,0.4000,0.4500,529,3526,5828,6557,0.0765,0.1598,0.2106,0.2106,0.200,,,0,7.25,7.25,155477,17551,1169,136757,1531721,109469,410305,47480,704413,260908,23178,359907,
WA,48,53,2019,7614893,3747713,166441,4.3,15.17845,8.30285,2.65453,612997,23,1.4,493127900,2077319,87134,36704,833128,482025,459,569,670,192,353,505,642,812,1074,1312,12422,771,,,,527,7.0,1,57,41,0.58,28,20,0.58,0.0765,0.3400,0.4000,0.4500,529,3526,5828,6557,0.0765,0.1598,0.2106,0.2106,0.000,,,0,7.25,13.50,148674,17662,908,130104,1728370,131390,302627,50204,519314,146445,20501,203048,
WV,49,54,2019,1792147,757852,39114,4.9,24.75821,13.52372,4.67805,78864,6,1.6,75834600,115572,12470,6418,282662,148108,331,374,422,192,353,505,642,684,879,1064,4933,771,,,,242,13.9,0,41,59,0.41,14,20,0.41,0.0765,0.3400,0.4000,0.4500,529,3526,5828,6557,0.0765,0.1598,0.2106,0.2106,0.000,,,0,7.25,8.75,70859,2294,440,68125,520696,32674,145971,2517,186879,121476,1731,149730,
WI,50,55,2019,5822434,3001215,103927,3.3,22.24649,14.86520,4.08630,349417,26,2.0,309909300,45378,32578,15302,572323,291721,608,608,608,192,353,505,642,961,1113,1250,10364,771,,,,479,8.4,1,35,63,0.36,14,19,0.42,0.0765,0.3400,0.4000,0.4500,529,3526,5828,6557,0.0765,0.1598,0.2106,0.2106,0.040,0.110,0.340,1,7.25,7.25,116786,6724,918,109144,1182357,87666,267726,28052,504015,146560,10338,200717,
WY,51,56,2019,578759,281730,10528,3.6,18.88765,12.49942,4.09289,40420,6,4.7,35992700,171422,1197,515,24309,10912,655,697,697,192,353,505,642,1008,1202,1339,260,771,,,,52,9.2,0,9,51,0.15,3,27,0.10,0.0765,0.3400,0.4000,0.4500,529,3526,5828,6557,0.0765,0.1598,0.2106,0.2106,0.000,,,0,7.25,5.15,6983,349,41,6593,54259,7961,18306,5656,47209,9694,2190,17303,
AL,1,1,2020,5031864,2118600,144544,6.4,19.42939,12.41902,3.54094,230892,,,230872600,96652,16204,7173,730708,349654,190,215,245,194,355,509,646,545,724,891,4416,783,,,,744,14.9,0,28,77,0.27,8,27,0.23,0.0765,0.3400,0.4000,0.4500,538,3584,5920,6660,0.0765,0.1598,0.2106,0.2106,0.000,,,0,7.25,7.25,157325,7501,942,148882,1082699,116056,260246,26279,364616,164821,12551,205669,
AK,2,2,2020,732964,317678,28874,8.3,18.69134,9.55016,3.99181,50475,,,45366300,19577,6017,2261,83194,38338,821,923,1025,238,437,627,796,1258,1550,1821,704,783,,,,95,13.4,0,14,22,0.39,7,13,0.35,0.0765,0.3400,0.4000,0.4500,538,3584,5920,6660,0.0765,0.1598,0.2106,0.2106,0.000,,,0,7.25,10.19,12434,1749,91,10594,221897,15235,24047,2433,34970,13771,958,17718,
AZ,3,4,2020,7186683,3200219,271120,7.8,19.82094,11.53472,4.02985,382072,,,374311800,95335,16151,7769,833448,396269,220,278,335,194,355,509,646,575,787,981,5109,783,,,,783,10.9,0,29,31,0.48,13,17,0.43,0.0765,0.3400,0.4000,0.4500,538,3584,5920,6660,0.0765,0.1598,0.2106,0.2106,0.000,,,0,7.25,12.00,118747,17471,1163,100113,1977681,141707,357297,41392,490314,230038,17507,276460,
AR,4,5,2020,3014348,1257949,82608,6.2,20.54394,13.95048,6.19203,133969,,,142111700,52577,5185,2287,393091,171565,162,204,247,194,355,509,646,517,713,893,1051,783,,,,420,14.1,0,23,75,0.23,9,26,0.26,0.0765,0.3400,0.4000,0.4500,538,3584,5920,6660,0.0765,0.1598,0.2106,0.2106,0.000,,,0,7.25,10.00,103134,4535,683,97916,869325,58514,205442,19158,277628,152047,12903,190964,
CA,5,6,2020,39503200,17037036,1921568,10.1,19.63310,11.54946,3.39195,3020173,,,2767521400,1752456,1151306,357488,4312002,2327686,778,983,1181,194,355,509,646,1120,1418,1697,118897,783,,,,4332,11.1,1,61,18,0.77,29,10,0.74,0.0765,0.3400,0.4000,0.4500,538,3584,5920,6660,0.0765,0.1598,0.2106,0.2106,0.850,,,1,7.25,12.00,1193885,343982,16090,833813,12496095,880923,2065721,152037,2590735,1402500,72958,1619587,
CO,6,8,2020,5785219,2873752,208476,6.8,17.74322,9.62462,3.14908,391263,,,375157800,461406,34202,13892,483097,246560,400,508,617,194,355,509,646,755,1017,1263,5160,783,,,,546,9.5,1,41,24,0.63,19,16,0.54,0.0765,0.3400,0.4000,0.4500,538,3584,5920,6660,0.0765,0.1598,0.2106,0.2106,0.100,,,1,7.25,12.02,71952,10748,559,60645,1282749,79719,123651,35136,247094,72453,17366,113964,
CT,7,9,2020,3577586,1724812,149435,8.0,19.25021,9.50437,2.84934,276223,,,278373600,61904,15275,7276,372305,217866,487,597,701,194,355,509,646,842,1106,1347,5020,783,,,,396,11.2,1,91,60,0.60,22,14,0.61,0.0765,0.3400,0.4000,0.4500,538,3584,5920,6660,0.0765,0.1598,0.2106,0.2106,0.230,,,1,7.25,12.00,66886,7182,439,59265,984812,43777,144211,10131,211190,81408,2661,93099,
DE,8,10,2020,991862,450325,36376,7.5,20.59848,12.25056,5.93526,75819,,,55338400,18761,8314,2987,120416,59751,270,338,407,194,355,509,646,625,847,1053,2404,783,,,,104,10.5,1,26,15,0.63,12,9,0.57,0.0765,0.3400,0.4000,0.4500,538,3584,5920,6660,0.0765,0.1598,0.2106,0.2106,0.200,,,0,7.25,9.25,17162,1274,109,15779,224059,16535,41290,2616,65816,26852,1164,37014,
DC,9,11,2020,670839,355694,30541,7.9,17.60443,13.81245,4.49119,144720,,,60178600,27534,21601,7375,116406,70264,515,658,804,194,355,509,646,870,1167,1433,1658,783,,,,114,16.8,,,,,10,0,1.00,0.0765,0.3400,0.4000,0.4500,538,3584,5920,6660,0.0765,0.1598,0.2106,0.2106,0.400,,,1,7.25,15.00,24957,2133,142,22682,262069,13401,31209,672,38656,21374,336,26003,
FL,10,12,2020,21591299,9257738,819290,8.1,19.48763,11.42732,3.05198,1116727,,,1221121600,316254,68651,40485,3177286,1766635,241,303,364,194,355,509,646,596,812,1010,32714,783,,,,2854,13.3,0,47,73,0.39,17,23,0.43,0.0765,0.3400,0.4000,0.4500,538,3584,5920,6660,0.0765,0.1598,0.2106,0.2106,0.000,,,0,7.25,8.56,575057,143817,3700,427540,4109278,417966,969865,63064,1217803,522419,28342,629694,
GA,11,13,2020,10732390,4754102,328762,6.5,23.97876,14.21516,4.41058,625426,,,552248900,175425,15523,8494,1565935,744556,235,280,330,194,355,509,646,590,789,976,7581,783,,,,1399,13.3,0,75,105,0.42,20,35,0.36,0.0765,0.3400,0.4000,0.4500,538,3584,5920,6660,0.0765,0.1598,0.2106,0.2106,0.000,,,0,7.25,5.15,258227,25815,2193,230219,2076053,189901,706103,61394,949039,481082,31558,579340,
HI,12,15,2020,1451181,588159,77805,11.7,19.06092,10.52730,2.55550,82536,,,82761300,31959,14390,4994,165418,87792,485,610,735,356,654,936,1189,1139,1546,1924,999,783,,,,155,10.9,1,46,5,0.90,24,1,0.96,0.0765,0.3400,0.4000,0.4500,538,3584,5920,6660,0.0765,0.1598,0.2106,0.2106,0.200,,,0,7.25,10.10,22393,5255,165,16973,322872,25584,42387,7927,73986,18175,2249,24716,
ID,13,16,2020,1849339,850130,49677,5.5,19.81399,11.01253,3.52832,85928,,,91888500,188966,2790,1946,146497,67486,309,309,309,194,355,509,646,664,818,955,1866,783,,,,170,9.1,0,14,56,0.20,7,28,0.20,0.0765,0.3400,0.4000,0.4500,538,3584,5920,6660,0.0765,0.1598,0.2106,0.2106,0.000,,,0,7.25,7.25,30742,1682,237,28823,366300,30549,56943,14488,109561,32767,6141,51741,
IL,14,17,2020,12790357,5735263,585803,9.3,18.47353,11.21604,5.01274,856943,,,787487800,191009,21201,10735,1869977,975887,423,533,644,194,355,509,646,778,1042,1290,8754,783,,,,1010,8.0,1,74,44,0.63,40,19,0.68,0.0765,0.3400,0.4000,0.4500,538,3584,5920,6660,0.0765,0.1598,0.2106,0.2106,0.180,,,1,7.25,10.00,259848,29811,2430,227607,2761797,164318,518886,23161,689810,285225,6790,314965,
IN,15,18,2020,6789098,3086279,242499,7.3,15.28518,9.74490,4.37681,373782,,,351106600,57078,13980,6438,601417,273747,229,288,346,194,355,509,646,584,797,992,3875,783,,,,807,12.1,0,33,67,0.33,10,40,0.20,0.0765,0.3400,0.4000,0.4500,538,3584,5920,6660,0.0765,0.1598,0.2106,0.2106,0.090,,,1,7.25,7.25,127230,5823,939,120468,1475181,145528,320179,34323,536155,180320,13553,227579,
IA,16,19,2020,3190904,1582202,86199,5.2,11.29282,6.76532,1.91380,196983,,,167778900,23287,19731,8268,310564,152433,361,426,495,194,355,509,646,716,935,1141,4120,783,,,,290,9.2,0,47,53,0.47,18,32,0.36,0.0765,0.3400,0.4000,0.4500,538,3584,5920,6660,0.0765,0.1598,0.2106,0.2106,0.150,,,1,7.25,7.25,51581,3103,619,47859,631614,59115,127079,19988,272433,57820,5430,77799,
KS,17,20,2020,2938124,1414596,87231,5.8,18.31627,9.82118,5.21870,177581,,,161704700,21194,4073,4073,200443,95362,352,429,497,194,355,509,646,707,938,1143,1734,783,,,,267,9.3,1,41,84,0.33,11,29,0.28,0.0765,0.3400,0.4000,0.4500,538,3584,5920,6660,0.0765,0.1598,0.2106,0.2106,0.170,,,1,7.25,7.25,47245,2864,367,44014,369807,46807,116189,29047,234247,70825,11891,98941,
KY,18,21,2020,4508155,1874863,130347,6.5,21.51719,13.51601,5.02655,216866,,,211966800,219232,31318,15642,555425,250622,225,262,328,194,355,509,646,580,771,974,11960,783,,,,621,13.9,1,38,60,0.39,9,29,0.24,0.0765,0.3400,0.4000,0.4500,538,3584,5920,6660,0.0765,0.1598,0.2106,0.2106,0.000,,,0,7.25,7.25,167814,8761,1091,157962,1417316,98091,296132,5084,352615,203922,2435,229088,
LA,19,22,2020,4652022,1875244,176799,8.6,28.77825,16.99786,5.77283,232528,,,233715000,131953,8607,3632,830750,391971,188,240,284,194,355,509,646,543,749,930,2050,783,,,,704,15.5,1,35,68,0.34,12,27,0.31,0.0765,0.3400,0.4000,0.4500,538,3584,5920,6660,0.0765,0.1598,0.2106,0.2106,0.050,,,1,7.25,7.25,170048,10422,1356,158270,1698669,94034,320835,6753,383481,201311,2410,218448,
ME,20,23,2020,1364517,637985,33994,5.1,17.02978,9.35699,2.79826,70740,,,74042400,27509,46081,13787,159995,89341,456,610,769,194,355,509,646,811,1119,1408,1484,783,,,,109,8.0,1,87,56,0.61,21,14,0.60,0.0765,0.3400,0.4000,0.4500,538,3584,5920,6660,0.0765,0.1598,0.2106,0.2106,0.120,,,1,7.25,12.00,35988,1738,216,34034,306263,16643,31486,5096,63690,20839,3048,35703,
MD,21,24,2020,6173689,3022470,208091,6.4,13.83985,9.45200,1.74195,410931,,,400176100,272624,50303,20448,700979,382887,575,727,870,194,355,509,646,930,1236,1479,6134,783,,,,569,9.4,0,98,42,0.70,32,15,0.68,0.0765,0.3400,0.4000,0.4500,538,3584,5920,6660,0.0765,0.1598,0.2106,0.2106,0.450,,,1,7.25,11.00,120345,14993,805,104547,1300946,122523,176504,29754,298113,110902,23686,179019,
MA,22,25,2020,6997713,3396014,348241,9.3,17.93663,10.17156,2.81959,585150,,,541420500,124921,126571,47785,821254,491010,531,633,731,194,355,509,646,886,1142,1377,12334,783,,,,586,8.4,0,125,31,0.80,34,4,0.89,0.0765,0.3400,0.4000,0.4500,538,3584,5920,6660,0.0765,0.1598,0.2106,0.2106,0.300,,,1,7.25,12.75,179208,24319,2076,152813,1707937,105733,250140,13985,387014,157902,4091,180248,
MI,23,26,2020,10070627,4376032,485540,10.0,20.07401,12.67203,4.06917,520105,,,531530200,73238,34944,13585,1254475,678640,403,492,597,194,355,509,646,758,1001,1243,6460,783,,,,1112,11.2,1,52,58,0.47,16,22,0.42,0.0765,0.3400,0.4000,0.4500,538,3584,5920,6660,0.0765,0.1598,0.2106,0.2106,0.060,,,1,7.25,9.65,265927,19170,1695,245062,2534597,213881,382418,26999,547282,235681,10570,281738,
MN,24,27,2020,5710578,2926644,195372,6.3,11.16848,5.07013,1.12333,376814,,,349887400,62282,35196,15056,409275,207739,537,632,721,194,355,509,646,892,1141,1367,7138,783,,,,476,8.5,1,75,59,0.56,32,35,0.48,0.0765,0.3400,0.4000,0.4500,538,3584,5920,6660,0.0765,0.1598,0.2106,0.2106,0.350,,,1,7.25,10.00,92748,11126,756,80866,1098085,100829,145804,54510,413539,85305,25073,167096,
MS,25,28,2020,2958409,1145184,99132,8.0,24.84593,15.97962,5.31118,115123,,,125760500,46089,4767,2612,429568,205069,146,170,194,194,355,509,646,501,679,840,1910,783,,,,516,17.6,0,45,75,0.38,16,36,0.31,0.0765,0.3400,0.4000,0.4500,538,3584,5920,6660,0.0765,0.1598,0.2106,0.2106,0.000,,,0,7.25,7.25,114091,7213,979,105899,697178,77546,185939,18460,240501,114829,8082,133815,
MO,26,29,2020,6154426,2839617,186168,6.2,22.87177,14.21630,5.83618,330250,,,320592900,108765,22654,9703,715447,340865,234,292,342,194,355,509,646,589,801,988,3744,783,,,,647,10.7,0,48,114,0.30,10,24,0.29,0.0765,0.3400,0.4000,0.4500,538,3584,5920,6660,0.0765,0.1598,0.2106,0.2106,0.000,,,0,7.25,9.45,134572,6825,992,126755,920287,98989,272394,38804,451035,190091,19879,255541,
MT,27,30,2020,1087211,512744,31756,5.8,18.15556,11.28784,5.44308,52356,,,58208800,133697,7198,2993,104391,52092,467,588,709,194,355,509,646,822,1097,1355,1411,783,,,,118,10.9,1,43,57,0.43,20,30,0.40,0.0765,0.3400,0.4000,0.4500,538,3584,5920,6660,0.0765,0.1598,0.2106,0.2106,0.030,,,1,7.25,8.65,17494,1424,135,15935,245643,15002,29227,4130,55914,19400,1787,28547,
NE,28,31,2020,1963273,1000645,44461,4.3,15.14774,10.63515,4.98266,134581,,,111347500,12096,11294,4588,157091,72171,393,468,543,194,355,509,646,748,977,1189,2663,783,,,,162,8.3,0,,,,,,,0.0765,0.3400,0.4000,0.4500,538,3584,5920,6660,0.0765,0.1598,0.2106,0.2106,0.100,,,1,7.25,9.00,28899,2390,255,26254,248273,33917,73732,15569,168727,34563,5684,56425,
NV,29,32,2020,3115840,1302514,203427,13.5,21.10980,12.23657,3.79065,172563,,,170269200,41785,20174,7776,448688,238246,320,386,452,194,355,509,646,675,895,1098,3608,783,,,,404,12.9,1,28,13,0.68,13,8,0.62,0.0765,0.3400,0.4000,0.4500,538,3584,5920,6660,0.0765,0.1598,0.2106,0.2106,0.000,,,0,7.25,9.00,56406,14645,722,41039,644373,59293,123314,7094,155366,80990,2287,92007,
NH,30,33,2020,1378702,710538,50891,6.7,8.54546,4.40670,2.17841,88338,,,93582000,22221,11960,5048,72505,38479,862,1086,1310,194,355,509,646,1179,1490,1787,2044,783,,,,87,6.2,0,233,162,0.59,14,10,0.58,0.0765,0.3400,0.4000,0.4500,538,3584,5920,6660,0.0765,0.1598,0.2106,0.2106,0.000,,,0,7.25,7.25,17893,822,127,16944,193532,12812,28347,3897,64148,17387,1617,24211,
NJ,31,34,2020,9272392,4200980,437406,9.4,14.75797,9.34111,2.51962,620086,,,657894400,425746,22079,9319,700538,356251,425,559,644,194,355,509,646,780,1068,1290,3704,783,,,,744,8.2,1,52,28,0.65,25,15,0.63,0.0765,0.3400,0.4000,0.4500,538,3584,5920,6660,0.0765,0.1598,0.2106,0.2106,0.400,,,1,7.25,11.00,173515,35116,855,137544,1664309,131798,353750,30470,547592,257385,13930,322015,
NM,32,35,2020,2118488,858100,73399,7.9,19.58055,12.41807,4.75193,98790,,,98783200,47520,26589,10589,468745,234865,357,447,539,194,355,509,646,712,956,1185,4522,783,,,,343,16.6,1,46,24,0.66,26,16,0.62,0.0765,0.3400,0.4000,0.4500,538,3584,5920,6660,0.0765,0.1598,0.2106,0.2106,0.170,,,1,7.25,9.00,60950,7778,499,52673,862131,40415,148806,4270,178757,114212,2231,131352,
NY,33,36,2020,20104710,8628006,936408,9.8,17.32421,11.51275,3.07900,1740805,,,1405028800,1705340,295444,114923,2658439,1529454,574,789,951,194,355,509,646,929,1282,1536,38493,783,,,,2313,11.8,1,103,43,0.71,40,23,0.63,0.0765,0.3400,0.4000,0.4500,538,3584,5920,6660,0.0765,0.1598,0.2106,0.2106,0.300,,,1,7.25,11.80,602210,110623,3080,488507,6358951,362993,1029787,29164,1247423,607703,11125,659803,
NC,34,37,2020,10453812,4483551,347603,7.2,21.06576,13.10070,2.34396,598916,,,541078000,124920,24306,13922,1317566,643639,236,272,297,194,355,509,646,591,781,943,11742,783,,,,1441,13.8,1,55,65,0.46,21,29,0.42,0.0765,0.3400,0.4000,0.4500,538,3584,5920,6660,0.0765,0.1598,0.2106,0.2106,0.000,,,0,7.25,7.25,227589,16550,1890,209149,2236255,232350,410623,37423,561631,255599,19501,322145,
ND,35,38,2020,779563,388962,20213,4.9,16.98826,10.13490,4.06925,54423,,,47621400,88472,2394,972,46092,22254,385,486,583,194,355,509,646,740,995,1229,436,783,,,,81,10.7,0,15,79,0.16,10,37,0.21,0.0765,0.3400,0.4000,0.4500,538,3584,5920,6660,0.0765,0.1598,0.2106,0.2106,0.000,,,0,7.25,7.25,8305,607,68,7630,94761,10752,18977,5118,63571,10446,2253,20804,
OH,36,39,2020,11798292,5266859,469761,8.2,18.45193,11.96930,5.10657,684383,,,623836000,697856,96834,52038,1396860,698099,412,505,623,194,355,509,646,767,1014,1269,43141,783,,,,1487,12.7,0,38,61,0.38,9,24,0.27,0.0765,0.3400,0.4000,0.4500,538,3584,5920,6660,0.0765,0.1598,0.2106,0.2106,0.300,,,0,7.25,8.70,306118,16814,2080,287224,2906252,182176,525917,46335,792087,342061,18062,417091,
OK,37,40,2020,3965234,1726786,116043,6.3,27.45675,16.11812,2.94843,190064,,,199233200,109706,12607,5635,596705,282339,225,292,361,194,355,509,646,580,801,1007,3888,783,,,,604,15.5,0,23,77,0.23,9,38,0.19,0.0765,0.3400,0.4000,0.4500,538,3584,5920,6660,0.0765,0.1598,0.2106,0.2106,0.050,,,0,7.25,7.25,96421,6002,715,89704,726619,91671,257290,22772,361317,174906,10862,216938,
OR,38,41,2020,4245044,1947540,159701,7.6,18.31125,9.60976,2.39116,247967,,,239862500,417051,98296,33909,635485,377502,432,506,621,194,355,509,646,787,1015,1267,5253,783,,,,387,9.4,1,38,22,0.63,18,12,0.60,0.0765,0.3400,0.4000,0.4500,538,3584,5920,6660,0.0765,0.1598,0.2106,0.2106,0.090,,,1,7.25,12.00,87952,9620,622,77710,1033756,78359,123403,13738,198754,73831,6431,104578,
PA,39,42,2020,12995477,5929949,576535,8.9,18.75919,9.77950,4.00223,771613,,,783825600,235771,87736,36086,1794613,974107,316,403,497,194,355,509,646,671,912,1143,14502,783,,,,1352,10.7,1,93,110,0.46,21,28,0.43,0.0765,0.3400,0.4000,0.4500,538,3584,5920,6660,0.0765,0.1598,0.2106,0.2106,0.000,,,0,7.25,7.25,348416,24376,2136,321904,2970037,186459,559308,25779,801740,341370,8406,390604,
RI,40,44,2020,1096444,518282,52454,9.2,17.03371,7.18697,2.27036,60771,,,64756600,16126,8625,3488,146183,88845,449,554,634,194,355,509,646,804,1063,1280,921,783,,,,93,8.5,1,65,8,0.89,33,5,0.87,0.0765,0.3400,0.4000,0.4500,538,3584,5920,6660,0.0765,0.1598,0.2106,0.2106,0.150,,,1,7.25,11.50,32162,3235,161,28766,302210,16866,32006,3590,51803,18317,1245,23456,
SC,41,45,2020,5132151,2199751,139389,6.0,21.03472,14.08016,3.98244,245360,,,250288300,148906,17527,7830,596161,280609,237,299,361,194,355,509,646,592,808,1007,4985,783,,,,684,13.4,0,44,80,0.35,19,27,0.41,0.0765,0.3400,0.4000,0.4500,538,3584,5920,6660,0.0765,0.1598,0.2106,0.2106,0.625,,,0,7.25,7.25,113810,7419,1273,105118,1300405,80948,291046,14233,385536,201779,6591,239239,
SD,42,46,2020,887852,444895,19398,4.2,18.73834,9.42985,3.78436,55681,,,52793300,9785,5596,2802,78245,37043,550,615,680,194,355,509,646,905,1124,1326,2414,783,,,,102,11.6,0,11,59,0.16,5,30,0.14,0.0765,0.3400,0.4000,0.4500,538,3584,5920,6660,0.0765,0.1598,0.2106,0.2106,0.000,,,0,7.25,9.30,14503,1536,139,12828,107674,15667,45017,5835,93085,26467,2136,33707,
TN,43,47,2020,6926091,3053560,245599,7.4,19.87774,13.32658,4.97604,379007,,,359633600,110861,36455,17310,868936,422526,215,277,339,194,355,509,646,570,786,985,11380,783,,,,912,13.1,0,26,73,0.26,5,28,0.15,0.0765,0.3400,0.4000,0.4500,538,3584,5920,6660,0.0765,0.1598,0.2106,0.2106,0.000,,,0,7.25,7.25,172687,10449,1544,160694,1599722,111005,497303,28104,630481,378630,15429,440332,
TX,44,48,2020,29234361,12872070,1069420,7.7,27.31963,16.22790,5.41157,1789933,,,1611228300,852708,45523,20837,3551011,1553446,262,303,364,194,355,509,646,617,812,1010,14230,783,,,,4057,14.0,0,67,83,0.45,12,19,0.39,0.0765,0.3400,0.4000,0.4500,538,3584,5920,6660,0.0765,0.1598,0.2106,0.2106,0.000,,,0,7.25,7.25,633119,99839,6805,526475,4449590,675806,2116414,122241,2690158,1457924,56064,1664282,
UT,45,49,2020,3283982,1564747,79454,4.8,18.45180,9.89391,2.04186,202133,,,169940200,50990,6744,2945,164041,71719,399,498,583,194,355,509,646,754,1007,1229,1732,783,,,,242,7.4,0,16,59,0.21,6,23,0.21,0.0765,0.3400,0.4000,0.4500,538,3584,5920,6660,0.0765,0.1598,0.2106,0.2106,0.000,,,0,7.25,7.25,31465,2743,267,28455,335820,40663,166018,20903,310019,77194,5809,99557,
VT,46,50,2020,642936,320708,19050,5.6,12.09835,6.57945,1.82459,34019,,,37273800,8937,5428,2456,68568,39418,580,699,798,194,355,509,646,935,1208,1429,1235,783,,,,55,8.6,0,95,43,0.69,24,6,0.80,0.0765,0.3400,0.4000,0.4500,538,3584,5920,6660,0.0765,0.1598,0.2106,0.2106,0.360,,,1,7.25,10.96,14978,891,78,14009,172951,11227,13084,3332,29600,9676,2051,16649,
VA,47,51,2020,8637193,4053387,278951,6.4,14.31862,9.21933,3.50378,556993,,,530920400,164391,35234,16457,730370,360337,422,508,589,194,355,509,646,777,1017,1235,8136,783,,,,663,7.8,1,55,45,0.55,21,19,0.53,0.0765,0.3400,0.4000,0.4500,538,3584,5920,6660,0.0765,0.1598,0.2106,0.2106,0.200,,,0,7.25,7.25,155063,17145,1172,136746,1457772,114114,293969,39247,492315,194653,19519,264577,
WA,48,53,2020,7724566,3560168,331195,8.5,15.37283,9.45332,3.18173,612969,,,522713800,2416183,93848,39412,870997,502277,459,569,670,194,355,509,646,814,1078,1316,12394,783,,,,625,8.2,1,57,41,0.58,29,20,0.59,0.0765,0.3400,0.4000,0.4500,538,3584,5920,6660,0.0765,0.1598,0.2106,0.2106,0.000,,,0,7.25,13.50,146646,17558,900,128188,1795931,123501,202555,37449,350833,107979,15540,149352,
WV,49,54,2020,1791562,713044,64095,8.2,24.60903,14.78703,4.94124,76548,,,80741000,81848,11809,6083,306218,162782,331,374,422,194,355,509,646,686,883,1068,4650,783,,,,249,14.2,0,41,58,0.41,14,20,0.41,0.0765,0.3400,0.4000,0.4500,538,3584,5920,6660,0.0765,0.1598,0.2106,0.2106,0.000,,,0,7.25,8.75,69213,2209,426,66578,535649,33836,107543,2168,135217,91923,1536,111479,
WI,50,55,2020,5896700,2900956,199718,6.4,15.13922,9.68268,4.13213,340591,,,326836500,51040,33006,15172,647376,336071,608,608,608,194,355,509,646,963,1117,1254,9909,783,,,,466,8.0,1,36,63,0.36,14,19,0.42,0.0765,0.3400,0.4000,0.4500,538,3584,5920,6660,0.0765,0.1598,0.2106,0.2106,0.040,0.110,0.340,1,7.25,7.25,116383,6555,904,108924,1267446,87222,200729,18314,357437,116578,7176,155299,
WY,51,56,2020,577664,276367,17239,5.9,20.86755,10.25358,4.27823,36330,,,37866400,175057,1160,500,26928,12049,669,712,712,194,355,509,646,1024,1221,1358,256,783,,,,55,9.7,0,9,50,0.15,3,27,0.10,0.0765,0.3400,0.4000,0.4500,538,3584,5920,6660,0.0765,0.1598,0.2106,0.2106,0.000,,,0,7.25,5.15,6978,348,42,6588,59487,7561,12704,5072,33578,6872,2098,12982,
AL,1,1,2021,5050380,2173978,75536,3.4,16.00302,10.68859,3.74160,257987,26,2.2,252791900,98356,14108,6268,769606,373817,190,215,245,204,374,535,680,564,750,925,3993,794,,,,787,15.9,0,28,75,0.27,8,26,0.24,0.1530,0.3400,0.4000,0.4500,1502,3618,5980,6728,0.1530,0.1598,0.2106,0.2106,0.000,,,0,7.25,7.25,150729,7132,945,142652,1190064,111741,,,158427,,,107149,
AK,2,2,2021,734923,329147,22373,6.4,18.56996,10.71995,1.91486,58646,5,2.6,48207900,19365,4727,1775,82888,40456,821,923,1025,251,460,659,837,1281,1582,1862,599,794,,,,81,11.4,0,15,21,0.42,7,13,0.35,0.1530,0.3400,0.4000,0.4500,1502,3618,5980,6728,0.1530,0.1598,0.2106,0.2106,0.000,,,0,7.25,10.34,11791,1686,78,10027,240010,14551,,,5991,,,3367,
AZ,3,4,2021,7272487,3347264,178185,5.1,15.62110,9.45684,2.57899,432280,67,4.0,409885700,97027,14550,6985,879123,414045,220,278,335,204,374,535,680,594,813,1015,4803,794,,,,922,12.6,0,29,31,0.48,14,16,0.47,0.1530,0.3400,0.4000,0.4500,1502,3618,5980,6728,0.1530,0.1598,0.2106,0.2106,0.000,,,0,7.25,12.15,114713,17252,1136,96325,2193071,141778,,,228844,,,145753,
AR,4,5,2021,3028443,1276933,53743,4.0,25.31163,17.24863,4.78965,151932,22,3.1,156361500,53017,3717,1691,346176,166589,162,204,247,204,374,535,680,536,739,927,886,794,,,,502,16.8,0,22,78,0.22,7,28,0.20,0.1530,0.3400,0.4000,0.4500,1502,3618,5980,6728,0.1530,0.1598,0.2106,0.2106,0.000,,,0,7.25,11.00,98935,4351,669,93915,954873,50751,,,255916,,,183931,
CA,5,6,2021,39145060,17568743,1387832,7.3,19.62693,10.80284,3.94693,3416939,146,1.6,3013676900,1771370,980041,303353,4327062,2374616,778,983,1181,204,374,535,680,1145,1449,1737,109592,794,,,,4615,11.9,1,58,19,0.75,31,9,0.78,0.1530,0.3400,0.4000,0.4500,1502,3618,5980,6728,0.1530,0.1598,0.2106,0.2106,0.450,,,1,7.25,13.00,1147421,334858,15223,797340,13603756,947788,,,1499784,,,1257508,
CO,6,8,2021,5811596,2977479,172194,5.5,16.51306,10.19796,3.34996,447052,26,2.0,417967700,467189,28059,11622,513945,262394,400,508,617,204,374,535,680,774,1043,1297,4904,794,,,,455,7.9,1,41,24,0.63,20,15,0.57,0.1530,0.3400,0.4000,0.4500,1502,3618,5980,6728,0.1530,0.1598,0.2106,0.2106,0.100,,,1,7.25,12.32,69898,10772,542,58584,1494930,78695,,,49321,,,23114,
CT,7,9,2021,3603691,1724540,117626,6.4,18.18414,6.88151,1.54638,295908,7,0.9,292370900,52603,12055,5713,371632,217060,495,606,712,204,374,535,680,869,1141,1392,3849,794,,,,285,8.0,1,96,54,0.64,24,12,0.67,0.1530,0.3400,0.4000,0.4500,1502,3618,5980,6728,0.1530,0.1598,0.2106,0.2106,0.230,,,1,7.25,13.00,65924,7406,441,58077,1096741,43889,,,115645,,,55173,
DE,8,10,2021,1004881,466623,27004,5.5,22.45591,17.54505,4.15323,82953,3,1.6,59172300,18417,7383,2655,115484,57378,270,338,407,204,374,535,680,644,873,1087,2142,794,,,,117,11.7,1,26,15,0.63,14,7,0.67,0.1530,0.3400,0.4000,0.4500,1502,3618,5980,6728,0.1530,0.1598,0.2106,0.2106,0.200,,,1,7.25,9.25,16311,1291,110,14910,252888,17199,,,10356,,,5833,
DC,9,11,2021,669037,352029,25708,6.8,18.04876,7.81167,2.20068,156140,2,1.4,65205600,28019,19126,6354,140115,85715,515,658,804,204,374,535,680,889,1193,1473,1770,794,,,,91,14.0,,,,,11,0,1.00,0.1530,0.3400,0.4000,0.4500,1502,3618,5980,6728,0.1530,0.1598,0.2106,0.2106,0.400,,,1,7.25,15.20,24227,2248,143,21836,268065,13990,,,7742,,,6445,
FL,10,12,2021,21830708,9838506,481867,4.7,17.30190,9.37389,2.71581,1292391,162,3.6,1376879500,322294,67902,38115,3356215,1889946,241,303,364,204,374,535,680,615,838,1044,28385,794,,,,2721,12.6,0,42,78,0.35,16,24,0.40,0.1530,0.3400,0.4000,0.4500,1502,3618,5980,6728,0.1530,0.1598,0.2106,0.2106,0.000,,,0,7.25,10.00,559653,143666,3642,412345,4771515,403160,,,559706,,,305407,
GA,11,13,2021,10790385,4954094,202294,3.9,15.41597,8.06776,2.76310,701606,94,3.6,606113600,178958,14633,7656,1640617,794750,235,280,330,204,374,535,680,609,815,1010,6247,794,,,,1490,14.0,0,77,103,0.43,22,34,0.39,0.1530,0.3400,0.4000,0.4500,1502,3618,5980,6728,0.1530,0.1598,0.2106,0.2106,0.000,,,0,7.25,5.15,252273,25450,2183,224640,2329163,184582,,,819174,,,554331,
HI,12,15,2021,1446745,630151,40042,6.0,16.77962,8.89874,2.69659,93090,2,0.7,88948000,32525,20302,6587,195834,106664,485,610,735,375,688,986,1252,1173,1596,1987,939,794,,,,156,10.9,1,47,4,0.92,24,1,0.96,0.1530,0.3400,0.4000,0.4500,1502,3618,5980,6728,0.1530,0.1598,0.2106,0.2106,0.200,,,0,7.25,10.10,21867,5155,184,16528,422375,25907,,,47848,,,25052,
ID,13,16,2021,1904537,888950,32768,3.6,19.50607,10.90667,3.43003,98793,17,3.6,103114000,189625,2364,1677,132607,63009,309,309,309,204,374,535,680,683,844,989,1647,794,,,,177,9.3,0,12,58,0.17,7,28,0.20,0.1530,0.3400,0.4000,0.4500,1502,3618,5980,6728,0.1530,0.1598,0.2106,0.2106,0.000,,,0,7.25,7.25,29425,1644,246,27535,415064,29922,,,81674,,,35695,
IL,14,17,2021,12690341,5942191,385484,6.1,16.87023,9.48974,3.32251,943993,45,1.5,853520900,199643,20715,10538,1930355,1064942,431,543,655,204,374,535,680,805,1078,1335,8326,794,,,,1339,10.7,1,72,45,0.62,41,18,0.69,0.1530,0.3400,0.4000,0.4500,1502,3618,5980,6728,0.1530,0.1598,0.2106,0.2106,0.180,,,1,7.25,11.00,251720,29099,2317,220304,3082821,153634,,,119101,,,55909,
IN,15,18,2021,6813798,3201829,130916,3.9,13.35329,9.28745,4.29981,422952,48,2.9,387919300,58150,18329,7791,645754,300180,229,288,346,204,374,535,680,603,823,1026,3177,794,,,,704,10.4,0,29,71,0.29,11,39,0.22,0.1530,0.3400,0.4000,0.4500,1502,3618,5980,6728,0.1530,0.1598,0.2106,0.2106,0.090,,,1,7.25,7.25,124002,5794,949,117259,1768707,153310,,,242637,,,106197,
IA,16,19,2021,3197944,1615303,64679,3.8,16.65574,8.22764,1.77830,220818,10,1.3,185621700,23689,16400,6832,286050,141280,361,426,495,204,374,535,680,735,961,1175,3316,794,,,,309,9.7,0,41,59,0.41,18,32,0.36,0.1530,0.3400,0.4000,0.4500,1502,3618,5980,6728,0.1530,0.1598,0.2106,0.2106,0.150,,,1,7.25,7.25,50157,2967,597,46593,712396,58807,,,55435,,,22325,
KS,17,20,2021,2937946,1448294,49932,3.3,16.46077,8.98536,1.46498,191832,18,2.5,172071000,21402,3146,3146,200344,96449,352,429,497,204,374,535,680,726,964,1177,1526,794,,,,206,7.1,1,39,86,0.31,11,29,0.28,0.1530,0.3400,0.4000,0.4500,1502,3618,5980,6728,0.1530,0.1598,0.2106,0.2106,0.170,,,1,7.25,7.25,46419,2785,364,43270,414994,44368,,,54765,,,23922,
KY,18,21,2021,4507600,1921355,89529,4.5,17.02508,10.44142,4.63803,237926,24,2.3,232362600,205268,26643,13136,597747,278002,225,262,328,204,374,535,680,599,797,1008,10760,794,,,,725,16.2,1,25,75,0.25,8,30,0.21,0.1530,0.3400,0.4000,0.4500,1502,3618,5980,6728,0.1530,0.1598,0.2106,0.2106,0.000,,,0,7.25,7.25,161145,8353,1052,151740,1571791,107477,,,54874,,,35929,
LA,19,22,2021,4627047,1941271,114866,5.6,21.98378,13.24019,3.48853,263163,22,2.0,252319200,131881,7822,3358,924723,446130,188,240,284,204,374,535,680,562,775,964,1793,794,,,,830,18.4,1,35,67,0.34,12,27,0.31,0.1530,0.3400,0.4000,0.4500,1502,3618,5980,6728,0.1530,0.1598,0.2106,0.2106,0.050,,,1,7.25,7.25,164118,10036,1309,152773,1880815,88415,,,60703,,,35379,
ME,20,23,2021,1378787,656138,32404,4.7,10.73633,6.76619,3.15204,78918,4,1.5,80825700,27990,38605,11518,157595,89732,463,620,781,204,374,535,680,837,1155,1457,1335,794,,,,123,9.1,1,80,66,0.55,22,13,0.63,0.1530,0.3400,0.4000,0.4500,1502,3618,5980,6728,0.1530,0.1598,0.2106,0.2106,0.120,,,1,7.25,12.15,34894,1733,205,32956,348349,16808,,,11159,,,6159,
MD,21,24,2021,6175045,2988216,164669,5.2,16.65173,11.27281,2.55228,446941,29,2.1,426367400,277416,55948,22084,823501,460019,575,727,870,204,374,535,680,949,1262,1519,5366,794,,,,469,7.7,0,99,42,0.70,32,15,0.68,0.1530,0.3400,0.4000,0.4500,1502,3618,5980,6728,0.1530,0.1598,0.2106,0.2106,0.450,,,1,7.25,11.75,117167,15106,783,101278,1444632,119658,,,50102,,,28810,
MA,22,25,2021,6991951,3530207,201210,5.4,15.68042,8.46520,2.88020,645434,5,0.4,583363100,123884,107213,40936,929029,553639,629,752,869,204,374,535,680,1003,1287,1518,10970,794,,,,522,7.6,0,128,30,0.81,37,3,0.93,0.1530,0.3400,0.4000,0.4500,1502,3618,5980,6728,0.1530,0.1598,0.2106,0.2106,0.300,,,1,7.25,13.50,172755,24412,1989,146354,1895093,111299,,,288916,,,185741,
MI,23,26,2021,10038117,4500849,274304,5.7,19.51070,10.89806,4.02063,576502,30,1.3,568132000,74546,23112,9372,1278213,693452,403,492,597,204,374,535,680,777,1027,1277,5422,794,,,,1147,11.7,1,52,58,0.47,16,20,0.44,0.1530,0.3400,0.4000,0.4500,1502,3618,5980,6728,0.1530,0.1598,0.2106,0.2106,0.060,,,1,7.25,9.65,256734,18915,1684,236135,2822332,207317,,,104706,,,57962,
MN,24,27,2021,5717968,2935653,113384,3.7,13.62984,9.80582,3.20620,413063,21,1.5,381789100,56295,46151,19250,452652,227278,537,632,721,204,374,535,680,911,1167,1401,7076,794,,,,382,6.9,1,70,64,0.52,31,34,0.48,0.1530,0.3400,0.4000,0.4500,1502,3618,5980,6728,0.1530,0.1598,0.2106,0.2106,0.350,,,1,7.25,10.08,89382,10963,708,77711,1235601,98467,,,101292,,,45259,
MS,25,28,2021,2949582,1183867,68027,5.4,25.76808,14.51342,4.30537,128365,25,3.4,137381700,46878,2880,1681,418451,205589,236,260,284,204,374,535,680,610,795,964,1460,794,,,,506,17.4,0,46,75,0.38,16,36,0.31,0.1530,0.3400,0.4000,0.4500,1502,3618,5980,6728,0.1530,0.1598,0.2106,0.2106,0.000,,,0,7.25,7.25,110306,6890,957,102459,772934,72826,,,37184,,,22736,
MO,26,29,2021,6170393,2902841,125794,4.2,17.19465,11.14232,4.28141,365145,45,3.1,345961200,106055,17494,7620,698720,336955,234,292,342,204,374,535,680,608,827,1022,3177,794,,,,742,12.3,0,48,114,0.30,10,24,0.29,0.1530,0.3400,0.4000,0.4500,1502,3618,5980,6728,0.1530,0.1598,0.2106,0.2106,0.100,,,0,7.25,10.30,131072,6766,988,123318,1068749,87459,,,303091,,,181165,
MT,27,30,2021,1106366,530391,18714,3.4,17.11486,10.79449,4.12209,59997,9,3.9,64542100,134987,4944,2178,97186,48800,467,588,709,204,374,535,680,841,1123,1389,1190,794,,,,120,10.7,0,33,67,0.33,19,31,0.38,0.1530,0.3400,0.4000,0.4500,1502,3618,5980,6728,0.1530,0.1598,0.2106,0.2106,0.030,,,1,7.25,8.75,16931,1454,138,15339,277391,14186,,,15263,,,8252,
NE,28,31,2021,1964253,1015997,27334,2.6,20.32606,10.58637,3.63297,149360,12,2.4,123080500,12198,9330,3900,157273,74120,408,485,562,204,374,535,680,782,1020,1242,2464,794,,,,159,8.1,0,,,,,,,0.1530,0.3400,0.4000,0.4500,1502,3618,5980,6728,0.1530,0.1598,0.2106,0.2106,0.100,,,1,7.25,9.00,28749,2420,250,26079,329469,35063,,,29651,,,10970,
NV,29,32,2021,3146632,1397961,102481,6.8,17.54871,9.34484,2.36885,200127,33,4.6,192006100,42515,14546,5719,453250,233580,320,386,452,204,374,535,680,694,921,1132,2868,794,,,,397,12.8,1,26,16,0.62,12,9,0.57,0.1530,0.3400,0.4000,0.4500,1502,3618,5980,6728,0.1530,0.1598,0.2106,0.2106,0.000,,,0,7.25,9.75,54642,14654,675,39313,754646,56971,,,33834,,,19553,
NH,30,33,2021,1387494,727574,25632,3.4,8.81595,5.64595,1.64228,99100,5,1.8,100196800,22531,9854,4201,69116,36226,871,1098,1325,204,374,535,680,1210,1530,1838,1880,794,,,,96,6.9,0,186,212,0.47,10,14,0.42,0.1530,0.3400,0.4000,0.4500,1502,3618,5980,6728,0.1530,0.1598,0.2106,0.2106,0.000,,,0,7.25,7.25,17333,831,128,16374,217974,13925,,,52381,,,28102,
NJ,31,34,2021,9269175,4337793,311021,6.7,17.74761,8.97433,2.26861,692227,39,1.9,705095200,422911,21645,8923,825664,425177,425,559,644,204,374,535,680,799,1094,1324,3185,794,,,,698,7.6,1,52,28,0.65,25,15,0.63,0.1530,0.3400,0.4000,0.4500,1502,3618,5980,6728,0.1530,0.1598,0.2106,0.2106,0.400,,,1,7.25,12.00,167806,34270,854,132682,1879287,141741,,,411266,,,381964,
NM,32,35,2021,2116950,875911,66509,7.1,21.37091,11.17801,2.78008,111731,19,3.8,108248300,48306,29944,11574,520494,264151,357,447,539,204,374,535,680,731,982,1219,4298,794,,,,377,18.0,1,45,24,0.65,27,15,0.64,0.1530,0.3400,0.4000,0.4500,1502,3618,5980,6728,0.1530,0.1598,0.2106,0.2106,0.200,,,1,7.25,10.50,58427,7397,477,50553,933326,35996,,,95090,,,84524,
NY,33,36,2021,19854526,8856999,675962,7.1,17.54659,9.64355,3.50022,1911346,51,1.2,1508135100,1701697,277679,108308,2780714,1601055,574,789,951,204,374,535,680,948,1313,1576,35789,794,,,,2428,12.5,1,106,43,0.71,43,20,0.68,0.1530,0.3400,0.4000,0.4500,1502,3618,5980,6728,0.1530,0.1598,0.2106,0.2106,0.300,,,1,7.25,12.50,583874,109508,2966,471400,7048191,368266,,,294824,,,179730,
NC,34,37,2021,10567100,4697757,241524,4.9,16.26172,10.33001,4.11317,659529,63,2.6,599133500,128087,24711,13571,1541661,778290,236,272,297,204,374,535,680,610,807,977,10844,794,,,,1249,11.8,1,51,69,0.43,22,28,0.44,0.1530,0.3400,0.4000,0.4500,1502,3618,5980,6728,0.1530,0.1598,0.2106,0.2106,0.000,,,0,7.25,7.25,221312,16299,1871,203142,2526722,254120,,,92474,,,53960,
ND,35,38,2021,777982,395160,12283,3.0,12.63970,8.44013,1.40588,63209,6,3.3,51261700,99207,2778,1055,50377,24425,385,486,583,204,374,535,680,759,1021,1263,379,794,,,,65,8.5,0,14,80,0.15,7,40,0.15,0.1530,0.3400,0.4000,0.4500,1502,3618,5980,6728,0.1530,0.1598,0.2106,0.2106,0.000,,,0,7.25,7.25,8017,595,71,7351,116612,10363,,,11315,,,4610,
OH,36,39,2021,11765227,5415608,293374,5.1,19.20240,11.13256,2.78063,759626,73,2.7,670872700,832539,86601,48056,1509438,761322,417,512,631,204,374,535,680,791,1047,1311,40604,794,,,,1364,11.6,0,35,64,0.35,8,25,0.24,0.1530,0.3400,0.4000,0.4500,1502,3618,5980,6728,0.1530,0.1598,0.2106,0.2106,0.300,,,0,7.25,8.80,297315,16519,2049,278747,3264971,164327,,,632112,,,361292,
OK,37,40,2021,3991634,1791369,75001,4.0,27.51810,14.49150,3.46921,217731,38,3.9,220176500,111611,11240,4964,619149,288463,225,292,361,204,374,535,680,599,827,1041,3357,794,,,,589,15.1,0,19,82,0.19,9,38,0.19,0.1530,0.3400,0.4000,0.4500,1502,3618,5980,6728,0.1530,0.1598,0.2106,0.2106,0.050,,,0,7.25,7.25,94123,5838,722,87563,842401,88643,,,177245,,,111307,
OR,38,41,2021,4256465,2033502,110959,5.2,18.39973,10.65619,3.06603,275444,13,1.5,262382400,475181,80044,27681,706294,418950,432,506,621,204,374,535,680,806,1041,1301,2148,794,,,,389,9.2,1,37,23,0.62,18,11,0.62,0.1530,0.3400,0.4000,0.4500,1502,3618,5980,6728,0.1530,0.1598,0.2106,0.2106,0.090,,,1,7.25,12.75,85288,9289,584,75415,1166520,75802,,,58701,,,42705,
PA,39,42,2021,13013614,6054068,377787,5.9,16.50278,7.83338,2.63065,844392,63,2.3,833322000,208830,64727,27157,1766450,954259,316,403,497,204,374,535,680,690,938,1177,12028,794,,,,1362,10.8,1,90,111,0.45,20,27,0.43,0.1530,0.3400,0.4000,0.4500,1502,3618,5980,6728,0.1530,0.1598,0.2106,0.2106,0.000,,,0,7.25,7.25,335421,24562,2074,308785,3292313,167969,,,445671,,,256128,
RI,40,44,2021,1097092,540926,31620,5.5,13.78337,9.02070,2.71642,67237,2,1.0,69837300,16152,5466,2305,142149,86912,584,721,825,204,374,535,680,958,1256,1488,781,794,,,,102,9.4,1,65,10,0.87,33,5,0.87,0.1530,0.3400,0.4000,0.4500,1502,3618,5980,6728,0.1530,0.1598,0.2106,0.2106,0.150,,,1,7.25,11.50,31216,3211,170,27835,330011,16536,,,8857,,,4342,
SC,41,45,2021,5193848,2266611,92558,3.9,22.65467,14.85601,6.99366,271495,34,2.9,274347800,201387,16672,7305,608107,293115,242,305,367,204,374,535,680,616,840,1047,4306,794,,,,713,13.7,0,43,81,0.35,16,30,0.35,0.1530,0.3400,0.4000,0.4500,1502,3618,5980,6728,0.1530,0.1598,0.2106,0.2106,0.833,,,0,7.25,7.25,109717,7263,1225,101229,1428895,86859,,,249999,,,172128,
SD,42,46,2021,896299,456631,12245,2.6,19.57965,9.56411,6.02327,62607,9,3.8,58627900,9567,5096,2559,74627,35063,563,630,696,204,374,535,680,937,1165,1376,2189,794,,,,74,8.4,0,8,62,0.11,3,32,0.09,0.1530,0.3400,0.4000,0.4500,1502,3618,5980,6728,0.1530,0.1598,0.2106,0.2106,0.000,,,0,7.25,9.45,14079,1515,141,12423,120802,15896,,,75896,,,27870,
TN,43,47,2021,6963709,3172858,148497,4.5,15.37689,8.46284,2.72629,438180,44,2.8,396986100,112485,29218,14272,881344,441354,343,387,438,204,374,535,680,717,922,1118,9509,794,,,,740,10.6,0,26,73,0.26,6,27,0.18,0.1530,0.3400,0.4000,0.4500,1502,3618,5980,6728,0.1530,0.1598,0.2106,0.2106,0.000,,,0,7.25,7.25,166732,10096,1503,155133,1717359,112207,,,472601,,,319922,
TX,44,48,2021,29561286,13486624,805691,5.6,25.29652,14.39574,4.41741,2087491,495,6.4,1789719400,831453,37211,18181,3408385,1511413,267,308,370,204,374,535,680,641,843,1050,12299,794,,,,3977,13.5,0,68,82,0.45,13,18,0.42,0.1530,0.3400,0.4000,0.4500,1502,3618,5980,6728,0.1530,0.1598,0.2106,0.2106,0.000,,,0,7.25,7.25,607456,96466,6548,504442,5185036,668613,,,1813277,,,1144191,
UT,45,49,2021,3339284,1636957,46368,2.8,18.03562,11.82393,3.96348,232125,35,3.6,190468300,51018,5617,2459,163010,73218,399,498,583,204,374,535,680,773,1033,1263,1488,794,,,,264,7.9,0,17,58,0.23,6,23,0.21,0.1530,0.3400,0.4000,0.4500,1502,3618,5980,6728,0.1530,0.1598,0.2106,0.2106,0.000,,,0,7.25,7.25,30602,2704,277,27621,431444,37290,,,301121,,,89514,
VT,46,50,2021,647093,324166,12099,3.6,12.71951,8.52590,2.21488,37594,1,0.4,39603500,9085,4046,1927,67790,39196,580,699,798,204,374,535,680,954,1234,1469,1087,794,,,,47,7.5,0,92,46,0.67,21,7,0.75,0.1530,0.3400,0.4000,0.4500,1502,3618,5980,6728,0.1530,0.1598,0.2106,0.2106,0.360,,,1,7.25,11.75,14573,882,70,13621,190410,11413,,,5986,,,3649,
VA,47,51,2021,8657348,4148175,166870,3.9,14.84256,6.71176,2.93231,613920,38,1.9,578639700,166398,34424,16119,757583,380012,465,559,648,204,374,535,680,839,1094,1328,7425,794,,,,831,9.8,1,55,45,0.55,21,18,0.54,0.1530,0.3400,0.4000,0.4500,1502,3618,5980,6728,0.1530,0.1598,0.2106,0.2106,0.200,,,0,7.25,9.50,151138,16928,1147,133063,1673723,120826,,,97833,,,56884,
WA,48,53,2021,7741433,3667123,202040,5.2,14.49102,8.42663,2.74428,688632,16,0.9,574266800,2514217,96058,40307,927999,530083,528,654,771,204,374,535,680,902,1189,1450,11424,794,,,,587,7.7,1,57,41,0.58,29,20,0.59,0.1530,0.3400,0.4000,0.4500,1502,3618,5980,6728,0.1530,0.1598,0.2106,0.2106,0.000,,,1,7.25,13.69,141350,17256,865,123229,1980123,122941,,,75828,,,40018,
WV,49,54,2021,1785249,733825,39791,5.1,23.57718,12.25128,3.06450,86510,5,1.3,87617400,59218,10997,5629,302444,161234,480,542,612,204,374,535,680,854,1077,1292,4265,794,,,,296,16.9,0,23,77,0.23,11,23,0.32,0.1530,0.3400,0.4000,0.4500,1502,3618,5980,6728,0.1530,0.1598,0.2106,0.2106,0.000,,,0,7.25,8.75,66493,2164,422,63907,600874,32949,,,18774,,,15243,
WI,50,55,2021,5879978,2986636,119875,3.9,16.78665,9.24861,3.11143,369032,27,2.0,355048000,46391,35579,15758,762395,403745,608,608,608,204,374,535,680,982,1143,1288,9392,794,,,,551,9.3,1,38,60,0.39,12,20,0.38,0.1530,0.3400,0.4000,0.4500,1502,3618,5980,6728,0.1530,0.1598,0.2106,0.2106,0.040,0.110,0.340,1,7.25,7.25,112411,6364,853,105194,1414621,86032,,,180339,,,78956,
WY,51,56,2021,579548,275633,13136,4.5,16.98077,10.10061,3.97252,42176,7,4.9,40866600,171167,1121,478,29118,13467,682,726,726,204,374,535,680,1056,1261,1406,238,794,,,,53,9.4,0,7,51,0.12,2,28,0.07,0.1530,0.3400,0.4000,0.4500,1502,3618,5980,6728,0.1530,0.1598,0.2106,0.2106,0.000,,,0,7.25,5.15,6830,350,53,6427,72714,7136,,,5608,,,2560,
AL,1,1,2022,5073903,2218627,57735,2.5,23.62334,15.25049,5.39643,281569,22,1.9,258362200,105052,12738,5664,761074,377493,190,215,245,250,459,658,835,649,873,1080,3637,841,,,,681,13.6,0,28,73,0.28,8,27,0.23,0.0765,0.3400,0.4000,0.4500,560,3733,6164,6935,0.0765,0.1598,0.2106,0.2106,0.000,,,0,7.25,7.25,146542,7338,948,138256,1280214,108661,,,512125,,,302187,
AK,2,2,2022,733276,338729,14963,4.2,18.58634,11.70765,5.88849,65699,4,2.3,50349700,20009,4078,1556,92119,42933,821,923,1025,322,591,846,1074,1412,1769,2099,571,841,,,,68,9.6,0,15,21,0.42,7,13,0.35,0.0765,0.3400,0.4000,0.4500,560,3733,6164,6935,0.0765,0.1598,0.2106,0.2106,0.000,,,0,7.25,10.34,11373,1625,69,9679,253535,13761,,,51594,,,26245,
AZ,3,4,2022,7365684,3462671,136860,3.8,25.47576,12.90132,4.60570,475654,76,4.6,430083500,103505,11906,5751,825666,389950,220,278,335,250,459,658,835,679,936,1170,4069,841,,,,920,12.7,0,28,31,0.47,14,16,0.47,0.0765,0.3400,0.4000,0.4500,560,3733,6164,6935,0.0765,0.1598,0.2106,0.2106,0.000,,,0,7.25,12.80,112371,17809,1103,93459,2384231,141049,,,655011,,,313513,
AR,4,5,2022,3046404,1315886,43654,3.2,27.19327,17.59165,5.15369,165989,25,3.4,160254200,55373,2597,1193,262916,146645,162,204,247,250,459,658,835,621,862,1082,735,841,,,,496,16.6,0,22,78,0.22,7,27,0.21,0.0765,0.3400,0.4000,0.4500,560,3733,6164,6935,0.0765,0.1598,0.2106,0.2106,0.000,,,0,7.25,11.00,96423,4411,669,91343,1036836,56008,,,317077,,,207097,
CA,5,6,2022,39040616,18348916,820425,4.3,22.61089,12.20633,4.41921,3641643,128,1.5,3006647300,1775247,1106095,336655,4627744,2616064,819,1035,1244,250,459,658,835,1265,1615,1940,103070,841,,,,4346,11.2,1,60,19,0.76,31,9,0.78,0.0765,0.3400,0.4000,0.4500,560,3733,6164,6935,0.0765,0.1598,0.2106,0.2106,0.450,,,1,7.25,14.00,1133190,339560,14662,778968,14525611,936127,,,3096295,,,1569046,
CO,6,8,2022,5841039,3089081,97851,3.1,13.32150,5.38763,2.23232,491289,25,2.0,442213000,464750,28475,11775,540303,278551,440,559,679,250,459,658,835,899,1217,1514,4590,841,,,,465,8.1,1,41,24,0.63,21,14,0.60,0.0765,0.3400,0.4000,0.4500,560,3733,6164,6935,0.0765,0.1598,0.2106,0.2106,0.250,,,1,7.25,12.56,68021,11017,551,56453,1625572,78129,,,422615,,,196592,
CT,7,9,2022,3608706,1833670,78338,4.1,25.68198,11.77721,4.70979,319345,9,1.2,300750700,43441,10143,4734,375361,218739,614,771,930,250,459,658,835,1073,1429,1720,3360,841,,,,368,10.2,1,97,54,0.64,23,13,0.64,0.0765,0.3400,0.4000,0.4500,560,3733,6164,6935,0.0765,0.1598,0.2106,0.2106,0.305,,,1,7.25,14.00,65416,7577,429,57410,1124588,46765,,,324526,,,152814,
DE,8,10,2022,1019459,475995,21207,4.3,22.82948,11.42066,4.07892,90208,2,1.1,64406600,18864,7845,2799,118842,58805,270,338,407,250,459,658,835,729,996,1242,2022,841,,,,97,9.3,1,26,15,0.63,14,7,0.67,0.0765,0.3400,0.4000,0.4500,560,3733,6164,6935,0.0765,0.1598,0.2106,0.2106,0.045,,,1,7.25,10.50,16114,1371,109,14634,278397,17758,,,94130,,,54931,
DC,9,11,2022,670949,369952,18435,4.7,20.09744,14.47975,5.12044,165061,1,0.6,64472800,29866,16591,5512,145805,89806,521,665,813,250,459,658,835,980,1323,1638,1681,841,,,,88,13.4,,,,,,,,0.0765,0.3400,0.4000,0.4500,560,3733,6164,6935,0.0765,0.1598,0.2106,0.2106,0.700,,,1,7.25,16.10,23525,2370,144,21011,284270,11640,,,70427,,,57125,
FL,10,12,2022,22245521,10370751,321432,3.0,23.52583,13.34076,4.45489,1439065,158,3.6,1441598900,338455,44596,27534,2847086,1581511,241,303,364,250,459,658,835,700,961,1199,22975,841,,,,2988,13.5,0,42,76,0.36,16,23,0.41,0.0765,0.3400,0.4000,0.4500,560,3733,6164,6935,0.0765,0.1598,0.2106,0.2106,0.000,,,0,7.25,10.00,547570,147156,3562,396852,5267595,410739,,,1704456,,,801801,
GA,11,13,2022,10913150,5058165,164098,3.1,25.11765,17.34976,5.69208,767378,85,3.3,617553000,191481,12384,6441,1608203,791150,235,280,330,250,459,658,835,694,938,1165,5245,841,,,,1280,11.7,0,76,103,0.42,22,34,0.39,0.0765,0.3400,0.4000,0.4500,560,3733,6164,6935,0.0765,0.1598,0.2106,0.2106,0.000,,,0,7.25,5.15,249088,26795,2210,220083,2503284,191689,,,1162225,,,673340,
HI,12,15,2022,1439399,650672,22055,3.3,21.83647,11.12459,2.66296,101083,4,1.3,88973300,34745,13326,4527,169014,95820,485,610,735,472,865,1239,1573,1350,1849,2308,778,841,,,,126,8.8,1,47,4,0.92,24,1,0.96,0.0765,0.3400,0.4000,0.4500,560,3733,6164,6935,0.0765,0.1598,0.2106,0.2106,0.200,,,0,7.25,12.00,21456,5270,187,15999,451907,25855,,,93125,,,27941,
ID,13,16,2022,1938996,918106,26813,2.8,24.09315,12.76221,4.90347,110871,13,2.7,109775900,192858,2178,1547,124078,60950,309,309,309,250,459,658,835,768,967,1144,1511,841,,,,159,8.2,0,12,58,0.17,7,28,0.20,0.0765,0.3400,0.4000,0.4500,560,3733,6164,6935,0.0765,0.1598,0.2106,0.2106,0.000,,,0,7.25,7.25,28457,1681,243,26533,445207,29030,,,165625,,,74328,
IL,14,17,2022,12582515,6127480,294228,4.6,24.02629,12.36465,4.08079,1025667,43,1.5,851243100,212728,20307,10212,1981714,1069365,435,549,662,250,459,658,835,894,1207,1497,7716,841,,,,1173,9.5,1,73,45,0.62,41,18,0.69,0.0765,0.3400,0.4000,0.4500,560,3733,6164,6935,0.0765,0.1598,0.2106,0.2106,0.180,,,1,7.25,12.00,245117,29792,2250,213075,3315552,155525,,,991135,,,446625,
IN,15,18,2022,6832274,3270662,103225,3.1,25.79879,14.26440,7.48096,470324,37,2.3,398522600,62544,9532,4494,617630,290070,229,288,346,250,459,658,835,688,946,1181,2512,841,,,,704,10.4,0,29,71,0.29,11,39,0.22,0.0765,0.3400,0.4000,0.4500,560,3733,6164,6935,0.0765,0.1598,0.2106,0.2106,0.100,,,1,7.25,7.25,121768,6252,924,114592,1972032,151510,,,744347,,,348448,
IA,16,19,2022,3199693,1658263,48230,2.8,23.18321,14.42094,5.48003,238342,11,1.5,192742400,24409,12981,5373,278827,138155,361,426,495,250,459,658,835,820,1084,1330,2652,841,,,,299,9.4,0,40,60,0.40,18,32,0.36,0.0765,0.3400,0.4000,0.4500,560,3733,6164,6935,0.0765,0.1598,0.2106,0.2106,0.150,,,1,7.25,7.25,49411,2980,595,45836,763574,55987,,,382994,,,147050,
KS,17,20,2022,2936716,1463010,39593,2.6,19.71084,10.48830,4.57896,209326,19,2.6,177474700,22562,3107,3107,195799,96710,352,429,497,250,459,658,835,811,1087,1332,1403,841,,,,298,10.5,1,38,86,0.31,11,29,0.28,0.0765,0.3400,0.4000,0.4500,560,3733,6164,6935,0.0765,0.1598,0.2106,0.2106,0.170,,,1,7.25,7.25,45594,2855,371,42368,451923,44209,,,352722,,,160070,
KY,18,21,2022,4511563,1948312,81962,4.0,25.24871,18.47523,6.69324,258981,24,2.4,234281900,212027,23541,11705,541623,250125,225,262,328,250,459,658,835,684,920,1163,9045,841,,,,763,17.1,1,25,75,0.25,8,30,0.21,0.0765,0.3400,0.4000,0.4500,560,3733,6164,6935,0.0765,0.1598,0.2106,0.2106,0.000,,,0,7.25,7.25,156464,8402,1020,147042,1528932,108667,,,479867,,,310638,
LA,19,22,2022,4588023,1993244,75573,3.7,27.36833,18.16341,7.87270,291952,21,1.9,250170600,134831,7810,3294,822649,400885,376,484,568,250,459,658,835,835,1142,1403,1698,841,,,,761,16.9,1,34,68,0.33,11,26,0.30,0.0765,0.3400,0.4000,0.4500,560,3733,6164,6935,0.0765,0.1598,0.2106,0.2106,0.050,,,1,7.25,7.25,160538,10141,1308,149089,1976085,84438,,,489936,,,283375,
ME,20,23,2022,1389338,661833,19339,2.8,18.35077,13.59352,5.21748,85801,5,2.2,83950600,29887,39948,11831,162159,93327,469,628,791,250,459,658,835,928,1286,1623,1262,841,,,,133,9.6,1,77,63,0.55,22,13,0.63,0.0765,0.3400,0.4000,0.4500,560,3733,6164,6935,0.0765,0.1598,0.2106,0.2106,0.120,,,1,7.25,12.75,34095,1743,202,32150,378421,16927,,,106480,,,62341,
MD,21,24,2022,6163981,3060216,94638,3.0,16.73736,10.72046,2.67504,480113,29,2.1,432933400,293068,41276,15495,772731,436152,665,862,1050,250,459,658,835,1124,1494,1804,4540,841,,,,535,8.6,0,99,42,0.70,32,15,0.68,0.0765,0.3400,0.4000,0.4500,560,3733,6164,6935,0.0765,0.1598,0.2106,0.2106,0.450,,,1,7.25,12.50,115215,15435,773,99007,1541215,118783,,,478260,,,262151,
MA,22,25,2022,6982740,3606318,137274,3.7,16.96946,8.65961,2.10855,691461,6,0.5,590400300,126328,134660,50275,1024442,614479,629,752,869,250,459,658,835,1088,1410,1678,10843,841,,,,658,9.6,0,125,27,0.82,37,3,0.93,0.0765,0.3400,0.4000,0.4500,560,3733,6164,6935,0.0765,0.1598,0.2106,0.2106,0.300,,,1,7.25,14.25,168056,24841,1906,141309,2091126,115589,,,579812,,,255344,
MI,23,26,2022,10033281,4664171,201892,4.1,23.06698,14.08906,6.34209,622563,26,1.2,572325100,79992,22034,8484,1349321,718944,403,492,597,250,459,658,835,862,1150,1432,4711,841,,,,1206,12.1,1,53,56,0.49,16,22,0.42,0.0765,0.3400,0.4000,0.4500,560,3733,6164,6935,0.0765,0.1598,0.2106,0.2106,0.060,,,1,7.25,9.87,250912,19660,1674,229578,2970365,200223,,,843012,,,459772,
MN,24,27,2022,5714300,2992787,78663,2.6,11.79242,7.05264,1.69596,448032,18,1.3,393569000,60984,33823,14355,435910,223952,545,641,731,250,459,658,835,1004,1299,1566,6017,841,,,,427,7.6,1,69,63,0.52,31,34,0.48,0.0765,0.3400,0.4000,0.4500,560,3733,6164,6935,0.0765,0.1598,0.2106,0.2106,0.350,,,1,7.25,10.33,88024,11110,719,76195,1328252,99741,,,608959,,,289103,
MS,25,28,2022,2938928,1200234,47859,3.8,23.63417,15.71853,4.40866,139976,20,2.9,136330200,50018,2511,1631,413651,208130,236,260,284,250,459,658,835,695,918,1119,1335,841,,,,531,18.4,0,42,76,0.36,16,36,0.31,0.0765,0.3400,0.4000,0.4500,560,3733,6164,6935,0.0765,0.1598,0.2106,0.2106,0.000,,,0,7.25,7.25,107725,6910,931,99884,814114,67166,,,329215,,,201686,
MO,26,29,2022,6177168,2957352,79259,2.6,23.42418,14.23818,6.42318,396890,42,3.0,357194700,106695,14371,6302,657870,322374,234,292,342,250,459,658,835,693,950,1177,2731,841,,,,693,11.4,0,48,107,0.31,10,24,0.29,0.0765,0.3400,0.4000,0.4500,560,3733,6164,6935,0.0765,0.1598,0.2106,0.2106,0.100,,,0,7.25,11.15,128841,6903,993,120945,1286398,83666,,,575059,,,350754,
MT,27,30,2022,1122878,548848,15204,2.7,20.22923,9.73969,4.15415,67072,9,3.7,68477000,129779,4252,1896,45210,45210,467,588,709,250,459,658,835,926,1246,1544,1065,841,,,,117,10.4,0,33,67,0.33,19,31,0.38,0.0765,0.3400,0.4000,0.4500,560,3733,6164,6935,0.0765,0.1598,0.2106,0.2106,0.030,,,1,7.25,9.20,16372,1501,136,14735,298138,13825,,,86258,,,49283,
NE,28,31,2022,1968060,1027681,22676,2.2,29.03374,20.73625,9.64578,164934,9,1.8,126473500,12943,7396,3175,155550,75021,408,485,562,250,459,658,835,867,1143,1397,2186,841,,,,154,7.9,0,,,,,,,0.0765,0.3400,0.4000,0.4500,560,3733,6164,6935,0.0765,0.1598,0.2106,0.2106,0.100,,,1,7.25,9.00,28326,2434,247,25645,379127,35576,,,253301,,,93816,
NV,29,32,2022,3177421,1476297,81312,5.2,21.84371,14.68424,4.88462,222939,24,3.4,197290900,45300,15824,6096,455231,239858,320,386,452,250,459,658,835,779,1044,1287,2713,841,,,,380,12.0,1,25,16,0.61,11,9,0.55,0.0765,0.3400,0.4000,0.4500,560,3733,6164,6935,0.0765,0.1598,0.2106,0.2106,0.000,,,0,7.25,10.50,53564,15185,667,37712,809826,52574,,,231536,,,126649,
NH,30,33,2022,1399003,742975,17358,2.3,14.90932,8.04119,1.88177,105025,3,1.2,103121900,23910,9077,3832,69343,36375,915,1151,1387,250,459,658,835,1332,1696,2040,1706,841,,,,115,8.3,0,179,202,0.47,10,13,0.43,0.0765,0.3400,0.4000,0.4500,560,3733,6164,6935,0.0765,0.1598,0.2106,0.2106,0.000,,,0,7.25,7.25,16527,853,121,15553,231718,13641,,,93746,,,43842,
NJ,31,34,2022,9260817,4552563,183650,3.9,17.81094,8.73877,2.65786,754948,39,1.9,714990200,426529,22670,9072,857304,444445,425,559,644,250,459,658,835,884,1217,1479,2640,841,,,,799,8.7,1,46,33,0.58,23,16,0.59,0.0765,0.3400,0.4000,0.4500,560,3733,6164,6935,0.0765,0.1598,0.2106,0.2106,0.400,,,1,7.25,13.00,165162,34351,851,129960,2021523,146668,,,763671,,,364350,
NM,32,35,2022,2113476,908878,38533,4.1,25.88752,14.64903,4.27319,125541,10,2.2,110303000,51522,27996,10859,518799,266985,357,447,539,250,459,658,835,816,1105,1374,3964,841,,,,427,20.2,1,45,24,0.65,26,15,0.63,0.0765,0.3400,0.4000,0.4500,560,3733,6164,6935,0.0765,0.1598,0.2106,0.2106,0.200,,,1,7.25,11.50,56273,7339,461,48473,973484,34497,,,191179,,,132793,
NY,33,36,2022,19673200,9178585,417185,4.3,21.00623,13.98689,4.92885,2048403,51,1.2,1483802300,1688374,286452,111711,2839326,1640265,574,789,951,250,459,658,835,1033,1443,1735,33380,841,,,,2480,12.7,1,106,43,0.71,42,20,0.68,0.0765,0.3400,0.4000,0.4500,560,3733,6164,6935,0.0765,0.1598,0.2106,0.2106,0.300,,,1,7.25,13.20,573058,110797,2924,459337,7488986,387415,,,1647596,,,896168,
NC,34,37,2022,10695965,4965568,190369,3.7,18.50167,11.35307,3.87478,715968,59,2.5,621705600,137547,22507,12353,1599930,811489,236,272,297,250,459,658,835,695,930,1132,9904,841,,,,1525,14.2,1,51,68,0.43,22,28,0.44,0.0765,0.3400,0.4000,0.4500,560,3733,6164,6935,0.0765,0.1598,0.2106,0.2106,0.000,,,0,7.25,7.25,216756,16909,1840,198007,2782756,258767,,,822253,,,483975,
ND,35,38,2022,778912,403886,8351,2.0,14.88974,7.12432,2.23549,72651,4,2.3,54828500,105086,1738,716,47417,23742,385,486,583,250,459,658,835,844,1144,1418,348,841,,,,74,9.7,0,14,80,0.15,7,40,0.15,0.0765,0.3400,0.4000,0.4500,560,3733,6164,6935,0.0765,0.1598,0.2106,0.2106,0.000,,,0,7.25,7.25,7872,608,65,7199,125350,10218,,,98095,,,42398,
OH,36,39,2022,11759697,5503265,229866,4.0,23.40205,13.73806,5.39784,825990,53,2.0,679233000,1191249,74703,42411,1491294,755836,442,542,668,250,459,658,835,901,1200,1503,37175,841,,,,1154,9.9,0,35,64,0.35,8,25,0.24,0.0765,0.3400,0.4000,0.4500,560,3733,6164,6935,0.0765,0.1598,0.2106,0.2106,0.300,,,0,7.25,9.30,291632,17591,2029,272012,3474820,160145,,,1081939,,,568276,
OK,37,40,2022,4019271,1845328,58180,3.1,31.27514,15.28370,5.85037,242739,35,3.6,226308000,119180,8168,3785,650640,303344,225,292,361,250,459,658,835,684,950,1196,2901,841,,,,665,16.9,0,18,82,0.18,9,39,0.19,0.0765,0.3400,0.4000,0.4500,560,3733,6164,6935,0.0765,0.1598,0.2106,0.2106,0.050,,,1,7.25,7.25,92408,5881,758,85769,1142535,90137,,,413835,,,227930,
OR,38,41,2022,4239379,2075083,84870,3.9,21.16341,12.90688,5.13127,297309,11,1.3,264173800,550281,104202,35129,718580,415451,432,506,621,250,459,658,835,891,1164,1456,3889,841,,,,419,9.9,1,36,23,0.61,18,11,0.62,0.0765,0.3400,0.4000,0.4500,560,3733,6164,6935,0.0765,0.1598,0.2106,0.2106,0.090,,,1,7.25,13.50,83635,9421,565,73649,1252404,74184,,,274408,,,142641,
PA,39,42,2022,12972091,6202046,263202,4.1,23.69153,12.17385,3.71004,911813,63,2.3,836778300,221625,70470,28651,1845636,987549,316,403,497,250,459,658,835,775,1061,1332,10841,841,,,,1383,10.9,1,89,113,0.44,21,28,0.43,0.0765,0.3400,0.4000,0.4500,560,3733,6164,6935,0.0765,0.1598,0.2106,0.2106,0.000,,,0,7.25,7.25,328665,25615,2105,300945,3524618,158228,,,1013966,,,480452,
RI,40,44,2022,1093842,553588,18166,3.2,18.25648,12.19353,4.67125,72771,1,0.7,69514200,16945,7316,2824,139362,85398,584,721,825,250,459,658,835,1043,1379,1647,658,841,,,,90,8.4,1,65,10,0.87,33,5,0.87,0.0765,0.3400,0.4000,0.4500,560,3733,6164,6935,0.0765,0.1598,0.2106,0.2106,0.150,,,1,7.25,12.25,30592,3243,161,27188,347924,16189,,,81080,,,40795,
SC,41,45,2022,5282955,2316435,76894,3.2,27.98534,17.05146,7.90564,297546,31,2.7,283245800,252553,14860,6480,618978,304289,244,308,372,250,459,658,835,703,966,1207,3835,841,,,,677,12.9,0,43,81,0.35,16,30,0.35,0.0765,0.3400,0.4000,0.4500,560,3733,6164,6935,0.0765,0.1598,0.2106,0.2106,1.042,,,0,7.25,7.25,106983,7880,1202,97901,1533868,86233,,,486146,,,290857,
SD,42,46,2022,909869,464946,9568,2.0,20.00468,13.70404,3.41219,68782,7,3.3,62028300,9563,4552,2346,71012,33795,563,630,696,250,459,658,835,1022,1288,1531,2083,841,,,,80,9.1,0,8,62,0.11,3,32,0.09,0.0765,0.3400,0.4000,0.4500,560,3733,6164,6935,0.0765,0.1598,0.2106,0.2106,0.000,,,0,7.25,9.95,13933,1528,135,12270,131298,15067,,,108751,,,41801,
TN,43,47,2022,7048976,3247975,114004,3.4,24.29840,14.46038,6.55818,485658,42,2.7,411035100,119975,28021,13551,825340,417783,343,387,438,250,459,658,835,802,1045,1273,8758,841,,,,736,10.5,0,24,72,0.25,6,26,0.19,0.0765,0.3400,0.4000,0.4500,560,3733,6164,6935,0.0765,0.1598,0.2106,0.2106,0.000,,,0,7.25,7.25,162800,10434,1509,150857,1809782,114799,,,666097,,,400326,
TX,44,48,2022,30029848,14093906,578406,3.9,29.33674,19.47269,6.77279,2402137,447,5.8,1879419600,849808,22152,11816,3440726,1519529,270,312,375,250,459,658,835,729,970,1210,9334,841,,,,4031,13.5,0,65,83,0.44,13,18,0.42,0.0765,0.3400,0.4000,0.4500,560,3733,6164,6935,0.0765,0.1598,0.2106,0.2106,0.000,,,0,7.25,7.25,594018,97352,6445,490221,5817434,698986,,,3502853,,,1892232,
UT,45,49,2022,3381236,1696513,41228,2.4,22.14574,13.60155,4.70811,256370,26,2.7,201011800,53074,4545,2029,156291,75181,399,498,583,250,459,658,835,858,1156,1418,1264,841,,,,200,6.0,0,17,57,0.23,6,23,0.21,0.0765,0.3400,0.4000,0.4500,560,3733,6164,6935,0.0765,0.1598,0.2106,0.2106,0.150,,,0,7.25,7.25,30482,2771,287,27424,490736,37457,,,353314,,,100720,
VT,46,50,2022,647110,335547,8003,2.3,13.87586,7.99066,2.72338,40831,1,0.4,40790300,9678,4547,2049,69483,40337,665,811,931,250,459,658,835,1124,1458,1721,1052,841,,,,58,9.0,0,93,46,0.67,21,7,0.75,0.0765,0.3400,0.4000,0.4500,560,3733,6164,6935,0.0765,0.1598,0.2106,0.2106,0.360,,,1,7.25,12.55,14133,874,76,13183,199745,11199,,,52731,,,33955,
VA,47,51,2022,8679099,4304759,122533,2.8,18.58505,11.73749,5.24155,663106,31,1.6,599042000,177003,39159,19309,794646,402629,489,587,681,250,459,658,835,948,1245,1516,7417,841,,,,704,8.3,0,51,52,0.50,21,19,0.53,0.0765,0.3400,0.4000,0.4500,560,3733,6164,6935,0.0765,0.1598,0.2106,0.2106,0.200,,,0,7.25,11.00,148318,17457,1094,129767,1853873,121132,,,788620,,,447605,
WA,48,53,2022,7784477,3806848,163119,4.1,15.61093,9.45615,3.22142,738101,17,1.0,586520200,2545855,101498,40718,874543,505388,528,654,771,250,459,658,835,987,1312,1606,10778,841,,,,696,9.0,1,57,41,0.58,24,25,0.49,0.0765,0.3400,0.4000,0.4500,560,3733,6164,6935,0.0765,0.1598,0.2106,0.2106,0.000,,,1,7.25,14.49,137815,17600,859,119356,2120092,121676,,,531295,,,228317,
WV,49,54,2022,1774035,748269,30436,3.9,22.66577,14.85240,4.05774,97417,4,1.0,88744900,37393,10305,5321,310879,166851,480,542,612,250,459,658,835,939,1200,1447,4093,841,,,,270,15.5,0,22,78,0.22,11,23,0.32,0.0765,0.3400,0.4000,0.4500,560,3733,6164,6935,0.0765,0.1598,0.2106,0.2106,0.000,,,0,7.25,8.75,64747,2294,416,62037,641869,33972,,,172826,,,140863,
WI,50,55,2022,5890543,3004778,90203,2.9,18.84006,12.40272,4.21959,396209,28,2.2,362245300,56354,27509,12674,708238,372803,608,608,608,250,459,658,835,1067,1266,1443,8386,841,,,,386,6.6,1,38,57,0.40,12,21,0.36,0.0765,0.3400,0.4000,0.4500,560,3733,6164,6935,0.0765,0.1598,0.2106,0.2106,0.040,0.110,0.340,1,7.25,7.25,109123,6638,821,101664,1514528,84350,,,517677,,,269676,
WY,51,56,2022,581629,282615,10049,3.4,23.56051,15.05696,3.81549,49081,6,4.1,42584700,167755,1049,451,30178,14144,734,781,781,250,459,658,835,1193,1437,1616,233,841,,,,40,7.1,0,7,51,0.12,2,28,0.07,0.0765,0.3400,0.4000,0.4500,560,3733,6164,6935,0.0765,0.1598,0.2106,0.2106,0.000,,,0,7.25,5.15,6706,372,57,6277,79730,6975,,,51448,,,25209,
AL,1,1,2023,5108468,2250472,57659,2.5,20.85882,11.00300,3.03054,300152,24,2.0,271640400,120239,12980,5635,776479,391662,190,215,245,275,516,740,939,706,955,1184,3437,914,,,,711,14.2,0,28,75,0.27,8,27,0.23,0.0765,0.3400,0.4000,0.4500,600,3995,6604,7430,0.0765,0.1598,0.2106,0.2106,0.000,,,0,7.25,7.25,142655,7556,979,134120,1375674,111154,,,486547,,,270400,
AK,2,2,2023,733406,342005,15089,4.2,24.54494,13.80309,7.78478,67337,5,2.6,52523900,22471,2967,1091,54002,25717,821,923,1025,1127,644,923,1172,1451,1801,2124,385,914,,,,72,10.1,0,11,23,0.32,10,10,0.50,0.0765,0.3400,0.4000,0.4500,600,3995,6604,7430,0.0765,0.1598,0.2106,0.2106,0.000,,,0,7.25,10.85,10758,1570,69,9119,251929,13806,,,42462,,,21400,
AZ,3,4,2023,7431344,3546508,144466,3.9,21.93135,12.39280,5.53162,508345,68,4.1,458153800,118139,10675,5243,898016,433922,220,278,335,392,516,740,939,736,1018,1274,3680,914,,,,861,11.9,1,29,31,0.48,14,16,0.47,0.0765,0.3400,0.4000,0.4500,600,3995,6604,7430,0.0765,0.1598,0.2106,0.2106,0.000,,,0,7.25,13.85,111780,18185,1106,92489,2306406,149247,,,548932,,,254330,
AR,4,5,2023,3067732,1332876,44781,3.3,32.89889,21.78223,6.07023,176240,31,4.3,166721800,60957,2164,913,249709,126869,162,204,247,286,516,740,939,678,944,1186,467,914,,,,416,13.8,0,18,82,0.18,6,29,0.17,0.0765,0.3400,0.4000,0.4500,600,3995,6604,7430,0.0765,0.1598,0.2106,0.2106,0.000,,,0,7.25,11.00,95811,4503,687,90621,967900,62157,,,306081,,,209286,
CA,5,6,2023,38965193,18388329,919958,4.8,24.98495,14.24395,3.79858,3862171,118,1.3,3133678900,1839419,1304075,388459,5217211,2989406,1000,1264,1519,1780,516,740,939,1448,1857,2237,102980,914,,,,4568,11.9,1,62,18,0.78,32,8,0.80,0.0765,0.3400,0.4000,0.4500,600,3995,6604,7430,0.0765,0.1598,0.2106,0.2106,0.450,,,1,7.25,15.50,1114946,341913,14164,758869,15351682,964415,,,3214778,,,1762915,
CO,6,8,2023,5877610,3128115,102367,3.2,19.39656,12.82982,3.51176,520389,18,1.5,463852100,461845,29403,12061,564020,297927,440,559,679,281,516,740,939,956,1299,1618,4421,914,,,,498,8.5,1,46,19,0.71,23,12,0.66,0.0765,0.3400,0.4000,0.4500,600,3995,6604,7430,0.0765,0.1598,0.2106,0.2106,0.250,,,1,7.25,13.65,66772,11171,537,55064,1679466,84967,,,353404,,,145554,
CT,7,9,2023,3617176,1822088,71112,3.8,24.98544,11.07081,5.88262,340181,11,1.5,316311200,47556,11684,5054,392515,228088,661,833,1004,281,516,740,939,1177,1555,1876,3283,914,,,,301,8.3,1,97,53,0.65,24,12,0.67,0.0765,0.3400,0.4000,0.4500,600,3995,6604,7430,0.0765,0.1598,0.2106,0.2106,0.230,,,1,7.25,15.00,65337,7889,434,57014,1167454,47522,,,311391,,,142982,
DE,8,10,2023,1031890,486404,20125,4.0,18.99626,11.87985,3.74264,93595,6,2.7,67477800,20772,8371,2958,121174,60143,270,338,407,281,516,740,939,786,1078,1346,1985,914,,,,81,7.8,1,26,14,0.65,15,6,0.71,0.0765,0.3400,0.4000,0.4500,600,3995,6604,7430,0.0765,0.1598,0.2106,0.2106,0.045,,,1,7.25,11.75,16015,1446,122,14447,300155,19845,,,91881,,,51368,
DC,9,11,2023,678972,378714,19537,4.9,15.93367,6.86340,3.44884,174796,0,0.2,68514600,33883,9129,3502,138570,83589,545,696,851,281,516,740,939,1061,1436,1769,1498,914,,,,86,12.7,,,,,11,0,1.00,0.0765,0.3400,0.4000,0.4500,600,3995,6604,7430,0.0765,0.1598,0.2106,0.2106,0.700,,,1,7.25,17.00,22939,2447,145,20347,338137,11184,,,48364,,,36586,
FL,10,12,2023,22610726,10668886,319680,2.9,22.72032,13.21553,5.01189,1579503,157,3.5,1543131700,380863,72711,36121,3089911,1703849,241,303,364,281,516,740,939,757,1043,1303,20997,914,,,,2622,11.6,0,35,85,0.29,12,28,0.30,0.0765,0.3400,0.4000,0.4500,600,3995,6604,7430,0.0765,0.1598,0.2106,0.2106,0.000,,,0,7.25,12.00,539255,151875,3569,383811,5419363,422353,,,1702242,,,787633,
GA,11,13,2023,11029227,5135833,169790,3.2,26.16541,17.36541,6.66377,805397,81,3.1,646108000,218849,8818,4993,1538110,761551,235,280,330,281,516,740,939,751,1020,1269,4650,914,,,,1427,12.9,0,76,103,0.42,22,34,0.39,0.0765,0.3400,0.4000,0.4500,600,3995,6604,7430,0.0765,0.1598,0.2106,0.2106,0.000,,,0,7.25,5.15,245978,27618,2189,216171,2613085,204649,,,1089124,,,619130,
HI,12,15,2023,1435138,656336,20019,3.0,24.61415,10.48896,5.49165,108023,3,1.1,93501100,39778,8641,3091,151144,81223,485,610,735,538,987,1413,1794,1472,2023,2529,682,914,,,,116,8.2,1,44,6,0.88,23,2,0.92,0.0765,0.3400,0.4000,0.4500,600,3995,6604,7430,0.0765,0.1598,0.2106,0.2106,0.200,,,1,7.25,12.00,21009,5170,184,15655,463301,26116,,,90293,,,27403,
ID,13,16,2023,1964726,931748,29758,3.1,20.89097,12.67163,3.26800,118791,10,2.0,115988400,189276,2096,1511,124043,61886,309,309,309,281,516,740,939,825,1049,1248,1478,914,,,,178,9.1,0,11,59,0.16,7,28,0.20,0.0765,0.3400,0.4000,0.4500,600,3995,6604,7430,0.0765,0.1598,0.2106,0.2106,0.000,,,1,7.25,7.25,27763,1696,234,25833,407741,30607,,,133598,,,53194,
IL,14,17,2023,12549689,6150672,287183,4.5,24.58719,14.73447,5.34980,1082968,41,1.4,890438400,232924,20567,10106,2031385,1097686,458,576,694,281,516,740,939,974,1316,1633,7602,914,,,,1224,9.8,1,73,45,0.62,41,18,0.69,0.0765,0.3400,0.4000,0.4500,600,3995,6604,7430,0.0765,0.1598,0.2106,0.2106,0.200,,,1,7.25,13.00,240653,30814,2231,207608,3447694,164748,,,914674,,,406097,
IN,15,18,2023,6862199,3288017,113370,3.3,23.34387,14.76270,3.76743,497036,46,2.8,411992600,68680,10483,4632,598747,284062,229,288,346,281,516,740,939,745,1028,1285,2400,914,,,,566,8.3,0,30,70,0.30,10,40,0.20,0.0765,0.3400,0.4000,0.4500,600,3995,6604,7430,0.0765,0.1598,0.2106,0.2106,0.100,,,1,7.25,7.25,119965,6603,945,112417,2050762,145779,,,708035,,,308635,
IA,16,19,2023,3207004,1659106,50296,2.9,17.16404,8.84698,3.18456,248923,15,2.0,199959700,26289,11935,4866,262613,131135,361,426,495,281,516,740,939,877,1166,1434,2357,914,,,,254,8.0,0,36,64,0.36,16,34,0.32,0.0765,0.3400,0.4000,0.4500,600,3995,6604,7430,0.0765,0.1598,0.2106,0.2106,0.150,,,1,7.25,7.25,48890,2989,594,45307,769742,57366,,,362655,,,120808,
KS,17,20,2023,2940546,1470936,40052,2.7,21.43405,11.38363,3.56435,226012,17,2.4,187406400,25084,2790,2790,186985,93570,352,429,497,281,516,740,939,868,1169,1436,1325,914,,,,254,8.8,1,39,86,0.31,11,28,0.28,0.0765,0.3400,0.4000,0.4500,600,3995,6604,7430,0.0765,0.1598,0.2106,0.2106,0.170,,,1,7.25,7.25,44685,2897,369,41419,436501,46374,,,313791,,,249969,
KY,18,21,2023,4526154,1941994,84269,4.2,32.60820,16.82989,6.35772,277747,19,1.9,245888900,216513,24119,11620,554221,254511,450,524,656,281,516,740,939,966,1264,1595,8126,914,,,,603,13.6,1,25,75,0.25,8,30,0.21,0.0765,0.3400,0.4000,0.4500,600,3995,6604,7430,0.0765,0.1598,0.2106,0.2106,0.000,,,0,7.25,7.25,153857,8647,1000,144210,1580286,115451,,,486970,,,311457,
LA,19,22,2023,4573749,2000152,76608,3.7,28.73811,19.07584,6.21982,309601,29,2.6,261158900,144457,11369,4498,896551,441969,376,484,568,281,516,740,939,892,1224,1507,1992,914,,,,964,21.5,1,34,68,0.33,11,26,0.30,0.0765,0.3400,0.4000,0.4500,600,3995,6604,7430,0.0765,0.1598,0.2106,0.2106,0.050,,,1,7.25,7.25,157219,10390,1326,145503,2053888,91668,,,495456,,,274534,
ME,20,23,2023,1395722,667619,19703,2.9,20.90622,13.06964,3.45375,91081,4,1.6,88094400,34200,44887,13219,167768,97350,497,665,837,281,516,740,939,1013,1405,1759,1170,914,,,,103,7.4,1,80,68,0.54,22,13,0.63,0.0765,0.3400,0.4000,0.4500,600,3995,6604,7430,0.0765,0.1598,0.2106,0.2106,0.120,,,1,7.25,13.80,33050,1719,193,31138,411101,17936,,,113430,,,67686,
MD,21,24,2023,6180253,3117270,67598,2.1,20.03111,11.46739,4.51225,512280,33,2.4,456408000,319698,44857,15192,671132,364312,665,862,1050,281,516,740,939,1181,1576,1908,4045,914,,,,550,8.9,1,99,42,0.70,32,15,0.68,0.0765,0.3400,0.4000,0.4500,600,3995,6604,7430,0.0765,0.1598,0.2106,0.2106,0.280,,,1,7.25,13.25,113353,15788,780,96785,1609764,122099,,,418490,,,225702,
MA,22,25,2023,7001399,3625293,126369,3.4,18.65374,13.01500,4.63757,733860,10,0.7,614806900,137989,158316,57993,1082711,656501,688,823,952,281,516,740,939,1204,1548,1840,11119,914,,,,632,9.1,1,134,25,0.84,36,4,0.90,0.0765,0.3400,0.4000,0.4500,600,3995,6604,7430,0.0765,0.1598,0.2106,0.2106,0.300,,,1,7.25,15.00,164783,25757,1883,137143,2282087,123522,,,595894,,,268426,
MI,23,26,2023,10037261,4812421,195483,3.9,21.99083,15.73319,5.73484,658992,35,1.6,599366000,89613,23110,8687,1430174,761123,403,492,597,281,516,740,939,919,1232,1536,4394,914,,,,1199,12.1,1,56,54,0.51,20,18,0.53,0.0765,0.3400,0.4000,0.4500,600,3995,6604,7430,0.0765,0.1598,0.2106,0.2106,0.300,,,1,7.25,10.10,248307,20541,1697,226069,3127783,205875,,,792337,,,419855,
MN,24,27,2023,5737915,3012707,87216,2.8,17.51755,12.33193,4.29203,471820,18,1.3,412363700,65344,30520,13655,460568,235407,583,686,782,281,516,740,939,1099,1426,1721,5738,914,,,,417,7.2,1,70,64,0.52,34,33,0.51,0.0765,0.3400,0.4000,0.4500,600,3995,6604,7430,0.0765,0.1598,0.2106,0.2106,0.350,,,1,7.25,10.59,88376,11761,727,75888,1423199,106144,,,583032,,,234866,
MS,25,28,2023,2939690,1192015,39089,3.2,28.74549,18.01591,7.29683,146401,26,3.7,141427700,57162,2719,1602,399186,202067,236,260,284,281,516,740,939,752,1000,1223,1273,914,,,,462,16.0,0,42,76,0.36,16,36,0.31,0.0765,0.3400,0.4000,0.4500,600,3995,6604,7430,0.0765,0.1598,0.2106,0.2106,0.000,,,0,7.25,7.25,105340,6951,930,97459,862377,64689,,,312034,,,183026,
MO,26,29,2023,6196156,2993587,94172,3.0,24.43286,14.55950,6.12377,422306,39,2.8,379838200,110434,12983,5601,665252,330018,234,292,342,281,516,740,939,750,1032,1281,2436,914,,,,590,9.7,0,48,107,0.31,10,24,0.29,0.0765,0.3400,0.4000,0.4500,600,3995,6604,7430,0.0765,0.1598,0.2106,0.2106,0.100,,,0,7.25,12.00,126973,6960,971,119042,1501975,89547,,,525404,,,286192,
MT,27,30,2023,1132812,557509,16587,2.9,21.24526,11.97525,4.51454,70560,9,3.6,72406900,129069,3954,1734,84527,43339,575,725,875,281,516,740,939,1091,1465,1786,980,914,,,,92,8.1,0,33,67,0.33,19,31,0.38,0.0765,0.3400,0.4000,0.4500,600,3995,6604,7430,0.0765,0.1598,0.2106,0.2106,0.030,,,1,7.25,9.95,15923,1574,136,14213,297581,13966,,,74931,,,37837,
NE,28,31,2023,1978379,1030880,23801,2.3,23.82944,13.29009,6.03130,178421,10,1.9,134134700,14699,6918,2973,156399,77325,464,552,640,281,516,740,939,980,1292,1579,2000,914,,,,181,9.2,0,,,,,,,0.0765,0.3400,0.4000,0.4500,600,3995,6604,7430,0.0765,0.1598,0.2106,0.2106,0.100,,,1,7.25,10.50,27855,2457,251,25147,400691,36356,,,240606,,,80933,
NV,29,32,2023,3194176,1520260,82392,5.1,24.31656,11.52345,5.48549,239398,28,4.0,208159000,51654,15072,5879,493015,259523,320,386,452,281,516,740,939,836,1126,1391,2749,914,,,,449,13.9,0,25,16,0.61,11,9,0.55,0.0765,0.3400,0.4000,0.4500,600,3995,6604,7430,0.0765,0.1598,0.2106,0.2106,0.000,,,0,7.25,11.25,52976,15795,695,36486,829825,52830,,,232414,,,121447,
NH,30,33,2023,1402054,742886,16718,2.2,15.74192,7.12925,4.36783,111102,3,1.0,108323100,27193,9255,3818,74617,40012,986,1243,1500,281,516,740,939,1438,1842,2223,1584,914,,,,83,6.1,0,195,198,0.50,10,14,0.42,0.0765,0.3400,0.4000,0.4500,600,3995,6604,7430,0.0765,0.1598,0.2106,0.2106,0.000,,,0,7.25,7.25,15852,866,116,14870,201372,13373,,,74988,,,23862,
NJ,31,34,2023,9290841,4615722,213949,4.4,17.99593,11.11858,3.33827,799306,40,1.9,749992800,440752,22560,9200,771277,397787,425,559,644,281,516,740,939,941,1299,1583,2390,914,,,,827,9.0,1,52,28,0.65,25,15,0.63,0.0765,0.3400,0.4000,0.4500,600,3995,6604,7430,0.0765,0.1598,0.2106,0.2106,0.400,,,1,7.25,14.13,163661,34970,884,127807,2135594,162462,,,687588,,,348164,
NM,32,35,2023,2114371,928983,36261,3.8,27.26492,16.02074,6.79986,130202,14,3.0,115081700,58838,18692,7676,488364,253611,357,447,539,281,516,740,939,873,1187,1478,3576,914,,,,361,17.3,1,45,25,0.64,27,14,0.66,0.0765,0.3400,0.4000,0.4500,600,3995,6604,7430,0.0765,0.1598,0.2106,0.2106,0.250,,,1,7.25,12.00,55293,7223,477,47593,936684,38257,,,186385,,,127122,
NY,33,36,2023,19571216,9306973,410818,4.2,22.14498,13.83698,4.51854,2152262,51,1.3,1557495900,1676460,305685,118269,2886163,1673994,574,789,951,281,516,740,939,1090,1525,1839,31439,914,,,,2122,11.0,1,106,43,0.71,42,21,0.67,0.0765,0.3400,0.4000,0.4500,600,3995,6604,7430,0.0765,0.1598,0.2106,0.2106,0.300,,,1,7.25,14.20,562755,112111,2924,447720,7983170,416219,,,1592162,,,798326,
NC,34,37,2023,10835491,5050870,180768,3.5,23.08706,12.86953,3.61433,766919,67,2.8,655369300,156748,16577,8647,1594275,812503,236,272,297,281,516,740,939,752,1012,1236,6917,914,,,,1470,13.6,1,51,69,0.43,22,28,0.44,0.0765,0.3400,0.4000,0.4500,600,3995,6604,7430,0.0765,0.1598,0.2106,0.2106,0.000,,,0,7.25,7.25,214549,17365,1843,195341,2962451,261150,,,762233,,,434766,
ND,35,38,2023,783926,408909,7813,1.9,19.54811,12.10150,6.59011,74113,2,1.3,57494100,102002,1310,546,45153,22925,385,486,583,281,516,740,939,901,1226,1522,311,914,,,,77,9.9,0,12,82,0.13,4,43,0.09,0.0765,0.3400,0.4000,0.4500,600,3995,6604,7430,0.0765,0.1598,0.2106,0.2106,0.000,,,0,7.25,7.25,7864,605,70,7189,133630,10423,,,92812,,,33330,
OH,36,39,2023,11785935,5582438,204558,3.5,22.42371,13.15427,4.99340,872748,66,2.5,711894800,1167349,72459,40823,1418005,730208,480,589,726,281,516,740,939,996,1329,1665,35468,914,,,,1289,11.1,0,32,66,0.33,7,26,0.21,0.0765,0.3400,0.4000,0.4500,600,3995,6604,7430,0.0765,0.1598,0.2106,0.2106,0.300,,,0,7.25,10.10,288748,18448,2013,268287,3583495,174372,,,931024,,,446514,
OK,37,40,2023,4053824,1899949,63291,3.2,31.07586,19.56916,6.02901,254134,38,3.8,237145000,136358,7653,3564,681522,346489,225,292,361,281,516,740,939,741,1032,1300,2749,914,,,,508,12.9,0,20,80,0.20,8,39,0.17,0.0765,0.3400,0.4000,0.4500,600,3995,6604,7430,0.0765,0.1598,0.2106,0.2106,0.050,,,1,7.25,7.25,92237,6027,770,85440,1221820,97148,,,390135,,,201870,
OR,38,41,2023,4233358,2081652,80475,3.7,22.55639,15.23536,7.62951,316461,10,1.1,276972800,539477,127544,42685,732422,421066,432,506,621,281,516,740,939,948,1246,1560,5073,914,,,,435,10.3,1,35,25,0.58,17,11,0.61,0.0765,0.3400,0.4000,0.4500,600,3995,6604,7430,0.0765,0.1598,0.2106,0.2106,0.090,,,1,7.25,14.20,81715,9509,559,71647,1345939,77175,,,265635,,,131065,
PA,39,42,2023,12961683,6295653,222690,3.4,20.93119,11.94748,3.32394,965067,71,2.6,879310100,243697,68353,27440,1927478,1025897,316,403,497,281,516,740,939,832,1143,1436,9729,914,,,,1301,10.3,1,89,113,0.44,21,28,0.43,0.0765,0.3400,0.4000,0.4500,600,3995,6604,7430,0.0765,0.1598,0.2106,0.2106,0.000,,,0,7.25,7.25,324958,26819,2117,296022,3645268,170254,,,956055,,,509133,
RI,40,44,2023,1095962,556609,17239,3.0,17.45562,9.08648,4.64153,77322,3,1.4,72859100,19138,8241,3140,142922,87718,584,721,825,281,516,740,939,1100,1461,1751,630,914,,,,95,8.9,1,65,10,0.87,33,5,0.87,0.0765,0.3400,0.4000,0.4500,600,3995,6604,7430,0.0765,0.1598,0.2106,0.2106,0.150,,,1,7.25,13.00,30283,3286,158,26839,362284,17235,,,70322,,,30857,
SC,41,45,2023,5373555,2380392,72668,3.0,23.45732,11.29455,4.99179,322259,39,3.3,301581100,255402,12918,5685,619480,303980,308,388,467,281,516,740,939,824,1128,1406,3424,914,,,,629,11.7,0,43,81,0.35,16,30,0.35,0.0765,0.3400,0.4000,0.4500,600,3995,6604,7430,0.0765,0.1598,0.2106,0.2106,1.250,,,0,7.25,7.25,104801,8148,1181,95472,1494560,92743,,,458304,,,262048,
SD,42,46,2023,919318,470715,9523,2.0,16.52839,9.76711,4.46805,72421,11,4.6,64676400,10730,4656,2389,71470,34687,597,668,738,281,516,740,939,1113,1408,1677,2088,914,,,,67,7.5,0,7,63,0.10,4,31,0.11,0.0765,0.3400,0.4000,0.4500,600,3995,6604,7430,0.0765,0.1598,0.2106,0.2106,0.000,,,0,7.25,10.80,13799,1590,137,12072,111158,15242,,,99952,,,29477,
TN,43,47,2023,7126489,3267935,111670,3.3,20.30113,12.23126,5.29889,523240,49,3.0,435066500,136883,29498,13787,752128,384468,343,387,438,281,516,740,939,859,1127,1377,8317,914,,,,757,10.7,0,26,73,0.26,6,27,0.18,0.0765,0.3400,0.4000,0.4500,600,3995,6604,7430,0.0765,0.1598,0.2106,0.2106,0.000,,,0,7.25,7.25,160167,10499,1483,148185,1904232,127924,,,612965,,,360724,
TX,44,48,2023,30503301,14472524,594629,3.9,31.98742,21.94924,7.95208,2563508,488,6.2,1995594400,907866,18521,9679,3396071,1532336,283,327,393,281,516,740,939,799,1067,1332,7537,914,,,,3709,12.3,0,65,83,0.44,13,18,0.42,0.0765,0.3400,0.4000,0.4500,600,3995,6604,7430,0.0765,0.1598,0.2106,0.2106,0.000,,,0,7.25,7.25,582001,98977,6411,476613,5869539,762817,,,3330954,,,1813755,
UT,45,49,2023,3417734,1743223,47158,2.6,23.28081,12.86538,4.79394,272586,29,2.9,214713100,58424,4583,1990,158441,79035,531,662,775,281,516,740,939,1047,1402,1714,1143,914,,,,214,6.3,0,14,61,0.19,6,23,0.21,0.0765,0.3400,0.4000,0.4500,600,3995,6604,7430,0.0765,0.1598,0.2106,0.2106,0.150,,,0,7.25,7.25,29948,2838,282,26828,476571,40731,,,310136,,,72188,
VT,46,50,2023,647464,343840,7046,2.0,13.93557,9.33625,3.44178,43130,0,0.4,43032300,11029,4551,2001,70685,41433,665,811,931,281,516,740,939,1181,1540,1825,1023,914,,,,43,6.7,0,93,46,0.67,21,7,0.75,0.0765,0.3400,0.4000,0.4500,600,3995,6604,7430,0.0765,0.1598,0.2106,0.2106,0.380,,,1,7.25,13.18,13709,849,80,12780,197206,10928,,,54936,,,35405,
VA,47,51,2023,8715698,4424155,131053,2.9,18.97638,11.94485,4.75998,707085,35,1.8,634984900,201266,38836,18299,842819,433640,489,587,681,281,516,740,939,1005,1327,1620,7064,914,,,,815,9.4,0,51,49,0.51,21,19,0.53,0.0765,0.3400,0.4000,0.4500,600,3995,6604,7430,0.0765,0.1598,0.2106,0.2106,0.150,,,0,7.25,12.00,146622,17906,1076,127640,2007919,123107,,,703933,,,391205,
WA,48,53,2023,7812880,3860883,164879,4.1,24.64012,13.27912,4.35259,801515,24,1.4,622365400,2471812,113721,44792,897771,514118,528,654,771,281,516,740,939,1044,1394,1710,10733,914,,,,689,8.7,1,57,41,0.58,24,25,0.49,0.0765,0.3400,0.4000,0.4500,600,3995,6604,7430,0.0765,0.1598,0.2106,0.2106,0.000,,,1,7.25,15.74,134979,18359,864,115756,2133317,127815,,,492833,,,217689,
WV,49,54,2023,1770071,754986,30656,3.9,22.93889,14.93527,2.56293,99511,5,1.3,93079700,41980,9913,5076,307242,165076,480,542,612,281,516,740,939,996,1282,1551,3860,914,,,,232,13.3,0,11,89,0.11,3,31,0.09,0.0765,0.3400,0.4000,0.4500,600,3995,6604,7430,0.0765,0.1598,0.2106,0.2106,0.000,,,0,7.25,8.75,63130,2340,414,60376,630780,37048,,,167013,,,136374,
WI,50,55,2023,5910955,3038960,94949,3.0,17.62285,11.01404,2.54110,413967,29,2.3,378080400,63119,26600,12217,707321,370424,608,608,608,281,516,740,939,1124,1348,1547,8167,914,,,,535,9.3,1,35,64,0.35,11,22,0.33,0.0765,0.3400,0.4000,0.4500,600,3995,6604,7430,0.0765,0.1598,0.2106,0.2106,0.040,0.110,0.340,1,7.25,7.25,107428,6827,811,99790,1540815,89411,,,473436,,,191144,
WY,51,56,2023,584057,286669,8538,2.9,25.27504,15.97786,7.44596,50172,4,2.8,45461100,162621,1117,460,29745,14341,787,838,838,281,516,740,939,1299,1559,1760,220,914,,,,54,9.4,0,5,57,0.08,2,29,0.06,0.0765,0.3400,0.4000,0.4500,600,3995,6604,7430,0.0765,0.1598,0.2106,0.2106,0.000,,,0,7.25,5.15,6580,364,60,6156,88092,7571,,,44149,,,15721,
,,,,,,,,,,,,,,,,,,,,,,,,,,,,,,,,,,,,,,,,,,,,,,,,,,,,,,,,,,,,,,,,,,,,,,,,,,
