"date","abbrev","population","unemployment","bachelors","rgdp_2017","state","legal","legal.year","retailyear","onlineyear","online","retail","tribalonly","notes","mean_eff_tax","Federal.Minimum.Wage","Governor.is.Democrat..1.Yes.","Personal.income","Poverty.Rate","state_num","State.Minimum.Wage","Unemployment","year","state_fips","SSI.recipients","Employment"
2006,"AK",675.302,6.6,26.9,47546.2,"Alaska",0,NA,NA,NA,0,0,0,"",NA,5.15,"0",27726.7,8.9,"2",7.15,23.149,2006,2,11.34,326.542
2006,"AL",4628.981,4,21.1,199923.9,"Alabama",0,NA,NA,NA,0,0,0,"",NA,5.15,"0",145175.8,14.3,"1",5.15,87.576,2006,1,164.764,2080.233
2006,"AR",2821.761,5.2,18.2,114890.4,"Arkansas",1,2018,2019,2022,1,1,0,"",NA,5.15,"0",83068.2,17.7,"4",5.15,70.504,2006,5,92.96,1294.906
2006,"AZ",6029.141,4.3,25.5,296424.4,"Arizona",1,2021,2021,2021,1,1,0,"",NA,5.15,"1",209127,14.4,"3",5.15,126.056,2006,4,99.196,2864.385
2006,"CA",36021.202,4.9,29,2120435.4,"California",0,NA,NA,NA,0,0,0,"",NA,5.15,"0",1516057.5,12.2,"5",6.75,864.687,2006,6,1226.697,16789.422
2006,"CO",4720.423,4.3,34.3,268190.8,"Colorado",1,2019,2020,2020,1,1,0,"",NA,5.15,"0",189475.6,9.7,"6",5.15,112.514,2006,8,56.83,2509.729
2006,"CT",3517.46,4.4,33.7,269478.6,"Connecticut",1,2021,2021,2021,1,1,0,"",NA,5.15,"0",189750.4,8,"7",7.4,79.46,2006,9,53.276,1749.191
2006,"DE",859.268,3.6,27,68411.8,"Delaware",1,2018,2018,2018,1,1,0,"",NA,5.15,"1",35265.5,9.3,"8",6.15,15.785,2006,10,14.038,425.399
2006,"FL",18166.99,3.3,25.3,909298.9,"Florida",1,2021,2023,2023,1,1,0,"lawsuit in 2021 that shut down operations",NA,5.15,"0",698476,11.5,"10",6.4,290.682,2006,12,427.902,8709.522
2006,"GA",9155.813,4.7,26.6,487524.9,"Georgia",0,NA,NA,NA,0,0,0,"",NA,5.15,"0",317584.3,12.6,"11",5.15,221.647,2006,13,205.793,4489.128
2006,"HI",1309.731,2.6,29.7,74893,"Hawaii",0,NA,NA,NA,0,0,0,"",NA,5.15,"0",50701.1,9.2,"12",6.75,16.687,2006,15,22.924,621.573
2006,"IA",2982.644,3.7,24,155704.5,"Iowa",1,2019,2019,2019,1,1,0,"",NA,5.15,"1",102580.1,10.3,"16",5.15,61.054,2006,19,43.896,1596.53
2006,"ID",1468.669,3.4,23.3,60738.6,"Idaho",0,NA,NA,NA,0,0,0,"",NA,5.15,"0",46161.3,9.5,"13",5.15,26.031,2006,16,23.053,721.346
2006,"IL",12643.955,4.6,28.9,759825.7,"Illinois",1,2019,2020,2020,1,1,0,"",NA,5.15,"1",508470.3,10.6,"14",6.5,295.428,2006,17,261.052,6230.845
2006,"IN",6332.669,5,21.7,312525.6,"Indiana",1,2019,2019,2019,1,1,0,"",NA,5.15,"0",209427.5,10.6,"15",5.15,162.997,2006,18,101.058,3072.113
2006,"KS",2762.931,4.4,28.6,136135.8,"Kansas",1,2022,2022,2022,1,1,0,"",NA,5.15,"1",97937.9,12.8,"17",2.65,64.299,2006,20,39.501,1402.796
2006,"KY",4219.239,5.7,20,186332.7,"Kentucky",1,2023,2023,2023,1,1,0,"",NA,5.15,"0",128867.4,16.8,"18",5.15,115.759,2006,21,181.857,1913.472
2006,"LA",4302.665,4.1,20.3,247139.7,"Louisiana",1,2021,2021,2022,1,1,0,"",NA,5.15,"1",143643.3,17,"19",5.15,88.532,2006,22,157.299,1899.981
2006,"MA",6410.084,4.7,37,426926.1,"Massachusetts",1,2022,2023,2023,1,1,0,"",NA,5.15,"0",307519.3,12,"22",6.75,167.023,2006,25,174.509,3246.316
2006,"MD",5627.367,3.9,35.1,329874,"Maryland",1,2021,2021,2021,1,1,0,"",NA,5.15,"0",258473.5,8.4,"21",5.15,114.512,2006,24,96.248,2849.354
2006,"ME",1323.619,4.7,25.8,59986,"Maine",1,2022,2023,2023,1,1,0,"",NA,5.15,"1",45683.5,10.2,"20",6.75,31.987,2006,23,32.536,669.554
2006,"MI",10036.081,6.9,24.5,483763.6,"Michigan",1,2019,2020,2021,1,1,0,"",NA,5.15,"1",338507.7,13.3,"23",6.95,355.571,2006,26,225.16,4721.085
2006,"MN",5163.555,4.1,30.4,302272.7,"Minnesota",0,NA,NA,NA,0,0,0,"",NA,5.15,"0",205273.8,8.2,"24",6.15,115.717,2006,27,75.793,2772.115
2006,"MO",5842.704,4.9,24.3,286558.3,"Missouri",0,NA,NA,NA,0,0,0,"",NA,5.15,"0",198791.6,11.4,"26",5.15,146.932,2006,29,119.795,2882.757
2006,"MS",2904.978,6.4,18.8,105879.9,"Mississippi",1,2017,2017,NA,0,1,0,"",NA,5.15,"0",80873.3,20.6,"25",5.15,84.265,2006,28,123.679,1205.906
2006,"MT",952.692,3.4,27.4,40055,"Montana",1,2019,2019,NA,0,1,0,"",NA,5.15,"1",30402.3,13.5,"27",5.15,17.237,2006,30,15.208,476.377
2006,"NC",8917.27,4.7,24.8,470663.9,"North Carolina",1,2019,2019,2023,1,1,0,"retail is tribal",NA,5.15,"1",306078,13.8,"34",5.15,210.872,2006,37,202.613,4234.095
2006,"ND",649.422,3.1,25.6,30911.4,"North Dakota",1,2018,2018,2018,0,1,1,"",NA,5.15,"0",21361.4,11.4,"35",5.15,11.638,2006,38,8.035,349.821
2006,"NE",1772.693,3,26.9,97322.8,"Nebraska",1,2021,2021,NA,0,1,0,"",NA,5.15,"0",63584.2,10.2,"28",5.15,30.178,2006,31,22.621,939.874
2006,"NH",1308.389,3.5,31.9,71424.5,"New Hampshire",1,2019,2019,2019,1,1,0,"",NA,5.15,"1",56585.7,5.4,"30",5.15,25.077,2006,33,14.47,706.777
2006,"NJ",8661.679,4.7,33.4,555211,"New Jersey",1,2018,2018,2018,1,1,0,"",NA,5.15,"1",415890.9,8.8,"31",7.15,209.394,2006,34,154.482,4236.485
2006,"NM",1962.137,4.2,25.3,88554.5,"New Mexico",1,2018,2018,NA,0,1,1,"",NA,5.15,"1",59946.3,16.9,"32",5.15,38.646,2006,35,55.182,889.448
2006,"NV",2522.658,4.2,20.8,156297.9,"Nevada",1,1949,1949,2010,1,1,0,"",NA,5.15,"0",100383.7,9.5,"29",6.15,52.031,2006,32,34.468,1233.287
2006,"NY",19104.631,4.5,31.2,1339568.5,"New York",1,2013,2019,2022,1,1,0,"https://www.deucescracked.com/ny-sports-betting-guide-getting-started-2025-update/",NA,5.15,"0",844018.8,14,"33",6.75,430.62,2006,36,641.87,9077.529
2006,"OH",11481.213,5.4,23,582637.6,"Ohio",1,2021,2021,2021,1,1,0,"",NA,5.15,"0",392156.6,12.1,"36",5.15,321.047,2006,39,254.012,5624.435
2006,"OK",3594.09,3.9,22.1,149367.2,"Oklahoma",0,NA,NA,NA,0,0,0,"",NA,5.15,"1",123473.5,15.2,"37",5.15,68.696,2006,40,82.386,1647.098
2006,"OR",3670.883,5.4,27.5,177222.4,"Oregon",1,2019,2019,2019,1,1,0,"",NA,5.15,"1",128145.4,11.8,"38",7.5,100.341,2006,41,62.28,1785.044
2006,"PA",12510.809,4.7,25.4,626589.9,"Pennsylvania",1,2017,2017,2017,1,1,0,"",NA,5.15,"1",475815.3,11.3,"39",5.15,287.87,2006,42,325.822,6006.634
2006,"RI",1063.096,5.3,29.6,57415.8,"Rhode Island",1,2018,2018,2019,1,1,0,"",NA,5.15,"0",41711.7,10.5,"40",7.1,28.244,2006,44,30.72,544.357
2006,"SC",4357.847,6.4,22.7,187386.1,"South Carolina",0,NA,NA,NA,0,0,0,"",NA,5.15,"0",134622.6,11.2,"41",5.15,135.76,2006,45,105.411,1973.337
2006,"SD",783.033,3,24.8,39961.7,"South Dakota",1,2021,2021,NA,0,1,0,"",NA,5.15,"0",27544.6,10.7,"42",5.15,13.524,2006,46,12.748,421.483
2006,"TN",6088.766,5.2,21.7,295668.2,"Tennessee",1,2019,NA,2019,1,0,0,"",NA,5.15,"1",200305.1,14.9,"43",5.15,157.574,2006,47,162.574,2878.455
2006,"TX",23359.58,5,24.7,1225147.3,"Texas",0,NA,NA,NA,0,0,0,"",NA,5.15,"0",820949.9,16.4,"44",5.15,553.505,2006,48,524.458,10774.49
2006,"UT",2525.507,2.9,28.6,127539.4,"Utah",0,NA,NA,NA,0,0,0,"",NA,5.15,"0",79063,9.3,"45",5.15,39.122,2006,49,23.532,1279.328
2006,"VA",7673.725,3.1,32.7,451263.1,"Virginia",1,2020,2020,2020,1,1,0,"",NA,5.15,"1",326087.1,8.6,"47",5.15,123.008,2006,51,139.313,3855.633
2006,"VT",622.892,3.7,32.4,29420.9,"Vermont",1,2023,NA,2023,1,0,0,"",NA,5.15,"0",23108.8,7.8,"46",7.25,13.142,2006,50,13.457,343.865
2006,"WA",6370.753,5,30.5,372145.1,"Washington",1,2020,2020,NA,0,1,1,"tribal-only",NA,5.15,"1",257120,8,"48",7.35,167.312,2006,53,118.946,3156.626
2006,"WI",5577.655,4.7,25.1,287146.6,"Wisconsin",1,2021,2021,NA,0,1,1,"tribal-only",NA,5.15,"1",202649.3,10.1,"50",5.7,144.785,2006,55,93.549,2914.15
2006,"WV",1827.912,4.8,16.5,68900,"West Virginia",1,2018,2018,2018,1,1,0,"",NA,5.15,"1",52193.7,15.3,"49",5.85,39.769,2006,54,77.987,766.399
2006,"WY",522.667,3.1,22.7,36655.7,"Wyoming",1,2021,2021,2021,1,1,0,"",NA,5.15,"1",22771,10,"51",5.15,8.911,2006,56,5.786,272.336
2007,"AK",680.3,6.3,26,50126.8,"Alaska",0,NA,NA,NA,0,0,0,"",NA,5.15,"0",29838.9,7.6,"2",7.15,22.206,2007,2,11.44,328.579
2007,"AL",4672.84,4.1,21.4,202025.5,"Alabama",0,NA,NA,NA,0,0,0,"",NA,5.15,"0",152327,14.5,"1",5.15,86.485,2007,1,165.521,2089.127
2007,"AR",2848.65,5.4,19.3,114026.7,"Arkansas",1,2018,2019,2022,1,1,0,"",NA,5.15,"1",88508.3,13.8,"4",6.25,72.712,2007,5,95.802,1296.572
2007,"AZ",6167.681,3.7,25.3,306611.6,"Arizona",1,2021,2021,2021,1,1,0,"",NA,5.15,"1",220735.9,14.3,"3",6.75,116.899,2007,4,100.724,2917.117
2007,"CA",36250.311,5.3,29.5,2168940.4,"California",0,NA,NA,NA,0,0,0,"",NA,5.15,"0",1581573.3,12.7,"5",7.5,961.49,2007,6,1247.231,16931.59
2007,"CO",4803.868,3.7,35,278733.8,"Colorado",1,2019,2020,2020,1,1,0,"",NA,5.15,"1",201875.5,9.8,"6",6.85,99.459,2007,8,58.497,2565.218
2007,"CT",3527.27,4.5,34.7,278485.4,"Connecticut",1,2021,2021,2021,1,1,0,"",NA,5.15,"0",204090.2,8.9,"7",7.65,83.05,2007,9,54.197,1773.159
2007,"DE",871.749,3.4,26.1,68132.4,"Delaware",1,2018,2018,2018,1,1,0,"",NA,5.15,"1",36340.6,9.3,"8",6.65,15.261,2007,10,14.401,428.312
2007,"FL",18367.842,4,25.8,922288.3,"Florida",1,2021,2023,2023,1,1,0,"lawsuit in 2021 that shut down operations",NA,5.15,"0",727404.7,12.5,"10",6.67,367.354,2007,12,431.015,8789.77
2007,"GA",9349.988,4.6,27.1,492238.7,"Georgia",0,NA,NA,NA,0,0,0,"",NA,5.15,"0",332135.8,13.6,"11",5.15,218.178,2007,13,208.016,4597.64
2007,"HI",1315.675,2.7,29.2,76434.1,"Hawaii",0,NA,NA,NA,0,0,0,"",NA,5.15,"0",53423.1,7.5,"12",7.25,17.86,2007,15,23.262,620.535
2007,"IA",2999.212,3.7,24.3,162838.1,"Iowa",1,2019,2019,2019,1,1,0,"",NA,5.15,"1",109889.6,8.9,"16",5.15,61.345,2007,19,44.659,1599.332
2007,"ID",1505.105,3,24.5,61812.1,"Idaho",0,NA,NA,NA,0,0,0,"",NA,5.15,"0",49123,9.9,"13",5.15,23.203,2007,16,23.697,731.235
2007,"IL",12695.866,5.1,29.5,769571.6,"Illinois",1,2019,2020,2020,1,1,0,"",NA,5.15,"1",538060.1,10,"14",7.5,331.591,2007,17,261.901,6334.01
2007,"IN",6379.599,4.6,22.1,322661.7,"Indiana",1,2019,2019,2019,1,1,0,"",NA,5.15,"0",216814.3,11.8,"15",5.15,146.645,2007,18,104.366,3061.042
2007,"KS",2783.785,4.3,28.8,143586.6,"Kansas",1,2022,2022,2022,1,1,0,"",NA,5.15,"1",105257.1,11.7,"17",2.65,63.009,2007,20,40.405,1420.449
2007,"KY",4256.672,5.4,20,185790.1,"Kentucky",1,2023,2023,2023,1,1,0,"",NA,5.15,"0",134575.8,15.5,"18",5.15,109.862,2007,21,184.378,1922.22
2007,"LA",4375.581,4.1,20.4,234216.4,"Louisiana",1,2021,2021,2022,1,1,0,"",NA,5.15,"1",157374.3,16.1,"19",5.15,86.396,2007,22,162.271,1944.038
2007,"MA",6431.559,4.5,37.9,440373.9,"Massachusetts",1,2022,2023,2023,1,1,0,"",NA,5.15,"1",323111.3,11.2,"22",7.5,157.913,2007,25,178.856,3268.096
2007,"MD",5653.408,3.4,35.2,331763.5,"Maryland",1,2021,2021,2021,1,1,0,"",NA,5.15,"1",269020.9,8.8,"21",6.15,102.746,2007,24,97.858,2867.348
2007,"ME",1327.04,4.7,26.7,60032.7,"Maine",1,2022,2023,2023,1,1,0,"",NA,5.15,"1",47356.7,10.9,"20",6.75,32.687,2007,23,33.328,667.781
2007,"MI",10001.284,7.1,24.7,482935.1,"Michigan",1,2019,2020,2021,1,1,0,"",NA,5.15,"1",347961.9,10.8,"23",6.95,352.181,2007,26,228.068,4658.939
2007,"MN",5207.203,4.6,31,304208,"Minnesota",0,NA,NA,NA,0,0,0,"",NA,5.15,"0",217244.3,9.3,"24",6.15,132.686,2007,27,78.401,2773.704
2007,"MO",5887.612,5.1,24.5,288320.9,"Missouri",0,NA,NA,NA,0,0,0,"",NA,5.15,"0",208403.6,12.8,"26",6.5,154.932,2007,29,121.876,2879.647
2007,"MS",2928.35,6.1,18.9,107713.9,"Mississippi",1,2017,2017,NA,0,1,0,"",NA,5.15,"0",85999.5,22.6,"25",5.15,79.455,2007,28,122.745,1224.059
2007,"MT",964.706,3.4,27,42057.7,"Montana",1,2019,2019,NA,0,1,0,"",NA,5.15,"1",32716.6,13,"27",6.15,17.881,2007,30,15.629,484.189
2007,"NC",9118.037,4.7,25.6,477920.8,"North Carolina",1,2019,2019,2023,1,1,0,"retail is tribal",NA,5.15,"1",329509.4,15.5,"34",6.15,212.552,2007,37,205.604,4300.304
2007,"ND",652.822,3,25.7,32529,"North Dakota",1,2018,2018,2018,0,1,1,"",NA,5.15,"0",23686.5,9.3,"35",5.15,11.468,2007,38,8.003,355.766
2007,"NE",1783.44,3,27.5,99780.8,"Nebraska",1,2021,2021,NA,0,1,0,"",NA,5.15,"0",68466.1,9.9,"28",5.15,29.269,2007,31,23.052,949.494
2007,"NH",1312.54,3.5,32.5,71943.5,"New Hampshire",1,2019,2019,2019,1,1,0,"",NA,5.15,"1",58631.3,5.8,"30",5.15,25.934,2007,33,15.119,712.008
2007,"NJ",8677.885,4.2,33.9,560823.8,"New Jersey",1,2018,2018,2018,1,1,0,"",NA,5.15,"1",440165.6,8.7,"31",7.15,189.982,2007,34,156.374,4251.815
2007,"NM",1990.07,3.5,24.8,89392.4,"New Mexico",1,2018,2018,NA,0,1,1,"",NA,5.15,"1",63418.4,14,"32",5.15,35.029,2007,35,56.387,898.998
2007,"NV",2601.072,4.8,21.8,157734.3,"Nevada",1,1949,1949,2010,1,1,0,"",NA,5.15,"0",104564.6,9.7,"29",6.15,59.824,2007,32,35.548,1270.572
2007,"NY",19132.335,4.4,31.7,1353798.9,"New York",1,2013,2019,2022,1,1,0,"https://www.deucescracked.com/ny-sports-betting-guide-getting-started-2025-update/",NA,5.15,"1",909175.2,14.5,"33",7.15,433.849,2007,36,648.908,9088.207
2007,"OH",11500.468,5.6,24.1,585403,"Ohio",1,2021,2021,2021,1,1,0,"",NA,5.15,"1",408493.7,12.8,"36",6.85,332.574,2007,39,257.874,5657.718
2007,"OK",3634.349,4,22.8,152879.6,"Oklahoma",0,NA,NA,NA,0,0,0,"",NA,5.15,"1",127864.1,13.4,"37",5.15,70.769,2007,40,85.102,1655.49
2007,"OR",3722.417,5.2,28.3,180724.3,"Oregon",1,2019,2019,2019,1,1,0,"",NA,5.15,"1",134019.6,12.8,"38",7.8,98.994,2007,41,64.031,1822.772
2007,"PA",12563.937,4.6,25.8,649638,"Pennsylvania",1,2017,2017,2017,1,1,0,"",NA,5.15,"1",505303.6,10.4,"39",6.25,278.934,2007,42,333.531,6064.063
2007,"RI",1057.315,5.1,29.8,56230.6,"Rhode Island",1,2018,2018,2019,1,1,0,"",NA,5.15,"0",43394.6,9.5,"40",7.4,29.772,2007,44,31.101,543.401
2007,"SC",4444.11,5.6,23.5,193386.6,"South Carolina",0,NA,NA,NA,0,0,0,"",NA,5.15,"0",143383.7,14.1,"41",5.15,120.205,2007,45,105.519,2005.686
2007,"SD",791.623,2.9,25,41646.2,"South Dakota",1,2021,2021,NA,0,1,0,"",NA,5.15,"0",30604.7,9.4,"42",5.15,12.488,2007,46,12.961,430.011
2007,"TN",6175.727,4.7,21.8,294819.8,"Tennessee",1,2019,NA,2019,1,0,0,"",NA,5.15,"1",209963.6,14.8,"43",5.15,143.317,2007,47,163.142,2920.352
2007,"TX",23831.983,4.3,25.2,1288828.7,"Texas",0,NA,NA,NA,0,0,0,"",NA,5.15,"0",873354,16.5,"44",5.15,490.218,2007,48,544.605,10941.413
2007,"UT",2597.746,2.6,28.7,133799.8,"Utah",0,NA,NA,NA,0,0,0,"",NA,5.15,"0",86046,9.6,"45",5.15,35.069,2007,49,24.472,1324.06
2007,"VA",7751,3.1,33.6,457568.9,"Virginia",1,2020,2020,2020,1,1,0,"",NA,5.15,"1",343153.1,8.6,"47",5.15,122.748,2007,51,140.419,3914.087
2007,"VT",623.481,3.9,33.6,29296.6,"Vermont",1,2023,NA,2023,1,0,0,"",NA,5.15,"0",24319.7,9.9,"46",7.53,14.192,2007,50,13.92,339.547
2007,"WA",6461.587,4.6,30.3,394221.9,"Washington",1,2020,2020,NA,0,1,1,"tribal-only",NA,5.15,"1",278686.9,10.2,"48",7.93,159.855,2007,53,121.577,3243.308
2007,"WI",5610.775,4.8,25.4,289855.2,"Wisconsin",1,2021,2021,NA,0,1,1,"tribal-only",NA,5.15,"1",211964.9,11,"50",6.5,151.376,2007,55,96.037,2936.452
2007,"WV",1834.052,4.5,17.3,69374.1,"West Virginia",1,2018,2018,2018,1,1,0,"",NA,5.15,"1",54128.8,14.8,"49",5.85,37.17,2007,54,78.931,773.99
2007,"WY",534.876,2.7,23.4,39504.9,"Wyoming",1,2021,2021,2021,1,1,0,"",NA,5.15,"1",24263.4,10.9,"51",5.15,8.074,2007,56,5.832,278.486
2008,"AK",687.455,6.5,27.3,49926.6,"Alaska",0,NA,NA,NA,0,0,0,"",NA,5.85,"0",32825.1,8.2,"2",7.15,23.824,2008,2,11.614,332.285
2008,"AL",4718.206,5.9,22,200967.5,"Alabama",0,NA,NA,NA,0,0,0,"",NA,5.85,"0",157366.8,14.3,"1",5.85,123.012,2008,1,166.743,2053.477
2008,"AR",2874.554,5.4,18.8,113628,"Arkansas",1,2018,2019,2022,1,1,0,"",NA,5.85,"1",91812.1,15.3,"4",6.25,75.24,2008,5,99.072,1300.017
2008,"AZ",6280.362,5.8,25.1,302277.9,"Arizona",1,2021,2021,2021,1,1,0,"",NA,5.85,"1",223345.8,18,"3",6.9,190.96,2008,4,103.065,2913.903
2008,"CA",36604.337,7.3,29.6,2192331.8,"California",0,NA,NA,NA,0,0,0,"",NA,5.85,"0",1606579.9,14.6,"5",8,1323.641,2008,6,1271.916,16854.482
2008,"CO",4889.73,4.8,35.6,281803.3,"Colorado",1,2019,2020,2020,1,1,0,"",NA,5.85,"1",208738,11,"6",7.02,131.382,2008,8,59.891,2585.243
2008,"CT",3545.579,5.6,35.6,277793.2,"Connecticut",1,2021,2021,2021,1,1,0,"",NA,5.85,"0",216865.3,8.1,"7",7.65,106.773,2008,9,55.376,1774.681
2008,"DE",883.874,4.9,27.5,65771.3,"Delaware",1,2018,2018,2018,1,1,0,"",NA,5.85,"1",35993.2,9.6,"8",7.15,22.127,2008,10,14.797,424.914
2008,"FL",18527.305,6.3,25.8,891766.8,"Florida",1,2021,2023,2023,1,1,0,"lawsuit in 2021 that shut down operations",NA,5.85,"0",727138.5,13.1,"10",6.79,578.36,2008,12,444.84,8637.164
2008,"GA",9504.843,6.4,27.5,481860.3,"Georgia",0,NA,NA,NA,0,0,0,"",NA,5.85,"0",334334.5,15.5,"11",5.15,304.243,2008,13,212.803,4575.01
2008,"HI",1332.213,4.1,29.1,76830.2,"Hawaii",0,NA,NA,NA,0,0,0,"",NA,5.85,"0",56059.9,9.9,"12",7.25,27.571,2008,15,23.61,612.12
2008,"IA",3016.734,4.2,24.3,160469.1,"Iowa",1,2019,2019,2019,1,1,0,"",NA,5.85,"1",116255.8,9.5,"16",7.25,70.598,2008,19,45.434,1608.695
2008,"ID",1534.32,5,24,63878.2,"Idaho",0,NA,NA,NA,0,0,0,"",NA,5.85,"0",50205.4,12.2,"13",5.85,38.5,2008,16,24.655,716.653
2008,"IL",12747.038,6.5,29.9,759095.3,"Illinois",1,2019,2020,2020,1,1,0,"",NA,5.85,"1",551531,12.3,"14",7.75,418.616,2008,17,265.628,6238.611
2008,"IN",6424.806,5.9,22.9,322384.3,"Indiana",1,2019,2019,2019,1,1,0,"",NA,5.85,"0",226332.7,14.3,"15",5.85,190.269,2008,18,108.094,3041.828
2008,"KS",2808.076,4.6,29.6,147265,"Kansas",1,2022,2022,2022,1,1,0,"",NA,5.85,"1",114543.3,12.7,"17",2.65,69.048,2008,20,41.903,1430.628
2008,"KY",4289.878,6.5,19.7,186516,"Kentucky",1,2023,2023,2023,1,1,0,"",NA,5.85,"1",140523.4,17.1,"18",5.85,130.055,2008,21,186.809,1900.683
2008,"LA",4435.586,4.7,20.3,237061.6,"Louisiana",1,2021,2021,2022,1,1,0,"",NA,5.85,"0",168070,18.2,"19",5.85,102.454,2008,22,165.454,1982.381
2008,"MA",6468.967,5.3,38.1,447526.8,"Massachusetts",1,2022,2023,2023,1,1,0,"",NA,5.85,"1",335841.4,11.3,"22",8,191.06,2008,25,182.455,3261.408
2008,"MD",5684.965,4.3,35.2,338165.4,"Maryland",1,2021,2021,2021,1,1,0,"",NA,5.85,"1",280998.1,8.7,"21",6.15,126.966,2008,24,100.726,2874.987
2008,"ME",1330.509,5.4,25.4,59845.1,"Maine",1,2022,2023,2023,1,1,0,"",NA,5.85,"1",49300.6,12,"20",7,38.488,2008,23,33.915,663.158
2008,"MI",9946.889,8.2,24.7,455256.7,"Michigan",1,2019,2020,2021,1,1,0,"",NA,5.85,"1",355102.7,13,"23",7.15,392.177,2008,26,232.581,4529.289
2008,"MN",5247.018,5.5,31.5,309290.4,"Minnesota",0,NA,NA,NA,0,0,0,"",NA,5.85,"0",226166.5,9.9,"24",6.15,158.746,2008,27,80.673,2766.342
2008,"MO",5923.916,6.2,25,297881.8,"Missouri",0,NA,NA,NA,0,0,0,"",NA,5.85,"0",219503.3,13.3,"26",6.65,186.012,2008,29,124.449,2842.845
2008,"MS",2947.806,6.7,19.4,109434,"Mississippi",1,2017,2017,NA,0,1,0,"",NA,5.85,"0",89845,18.1,"25",6.55,85.781,2008,28,122.455,1220.991
2008,"MT",976.415,4.7,27.1,42049.3,"Montana",1,2019,2019,NA,0,1,0,"",NA,5.85,"1",34421.4,12.9,"27",6.25,25.816,2008,30,16.033,483.347
2008,"NC",9309.449,5.9,26.1,492688.8,"North Carolina",1,2019,2019,2023,1,1,0,"retail is tribal",NA,5.85,"1",350848.3,13.9,"34",6.15,278.346,2008,37,208.409,4281.713
2008,"ND",657.569,3.1,26.9,35030.4,"North Dakota",1,2018,2018,2018,0,1,1,"",NA,5.85,"0",26555.2,11.8,"35",5.85,11.692,2008,38,8.032,359.333
2008,"NE",1796.378,3.3,27.1,99860.1,"Nebraska",1,2021,2021,NA,0,1,0,"",NA,5.85,"0",72259.9,10.6,"28",5.85,32.998,2008,31,23.727,956.759
2008,"NH",1315.906,3.8,33.3,71195.6,"New Hampshire",1,2019,2019,2019,1,1,0,"",NA,5.85,"1",60129,7,"30",6.5,28.677,2008,33,15.811,714.104
2008,"NJ",8711.09,5.4,34.4,573202.7,"New Jersey",1,2018,2018,2018,1,1,0,"",NA,5.85,"1",453018.9,9.2,"31",7.15,240.467,2008,34,159.751,4263.965
2008,"NM",2010.662,4.4,24.7,89012.9,"New Mexico",1,2018,2018,NA,0,1,1,"",NA,5.85,"1",67242.1,19.3,"32",6.5,42.137,2008,35,57.605,902.411
2008,"NV",2653.63,6.9,21.9,152745.6,"Nevada",1,1949,1949,2010,1,1,0,"",NA,5.85,"0",102785.5,10.8,"29",6.33,91.387,2008,32,36.679,1272.187
2008,"NY",19212.436,5.4,31.9,1328095.7,"New York",1,2013,2019,2022,1,1,0,"https://www.deucescracked.com/ny-sports-betting-guide-getting-started-2025-update/",NA,5.85,"1",928501.9,14.2,"33",7.15,525.693,2008,36,658.265,9139.08
2008,"OH",11515.391,6.6,24.1,580389.1,"Ohio",1,2021,2021,2021,1,1,0,"",NA,5.85,"1",421412.1,13.7,"36",7,384.323,2008,39,265.273,5580.843
2008,"OK",3668.976,3.6,22.2,158987.7,"Oklahoma",0,NA,NA,NA,0,0,0,"",NA,5.85,"1",141505.9,13.6,"37",5.85,65.385,2008,40,87.829,1681.081
2008,"OR",3768.748,6.3,28.1,184842.6,"Oregon",1,2019,2019,2019,1,1,0,"",NA,5.85,"1",139695.9,10.6,"38",7.95,127.769,2008,41,66.354,1827.352
2008,"PA",12612.285,5.4,26.3,665148.3,"Pennsylvania",1,2017,2017,2017,1,1,0,"",NA,5.85,"1",523556.7,11,"39",7.15,341.89,2008,42,339.697,6109.645
2008,"RI",1055.003,7.6,30,54977.1,"Rhode Island",1,2018,2018,2019,1,1,0,"",NA,5.85,"0",44051.5,12.7,"40",7.4,44.387,2008,44,31.548,525.941
2008,"SC",4528.996,6.9,23.7,192497.1,"South Carolina",0,NA,NA,NA,0,0,0,"",NA,5.85,"0",149285.9,14,"41",5.85,145.823,2008,45,107.142,1996.409
2008,"SD",799.124,3.1,25.1,43278.5,"South Dakota",1,2021,2021,NA,0,1,0,"",NA,5.85,"0",32691.3,13.1,"42",5.85,13.693,2008,46,13.083,432.925
2008,"TN",6247.411,6.5,22.9,298526.9,"Tennessee",1,2019,NA,2019,1,0,0,"",NA,5.85,"1",217598.6,15,"43",5.85,201.039,2008,47,165.151,2853.746
2008,"TX",24309.039,4.9,25.3,1287191.5,"Texas",0,NA,NA,NA,0,0,0,"",NA,5.85,"0",954649.8,15.9,"44",5.85,560.275,2008,48,566.281,11104.115
2008,"UT",2663.029,3.3,29.1,133662.9,"Utah",0,NA,NA,NA,0,0,0,"",NA,5.85,"0",90161.8,7.6,"45",5.85,49.112,2008,49,25.443,1322.089
2008,"VA",7833.496,4.1,33.7,462034.7,"Virginia",1,2020,2020,2020,1,1,0,"",NA,5.85,"1",355931.4,10.3,"47",5.85,163.015,2008,51,141.822,3970.428
2008,"VT",624.151,4.5,32.1,30168.7,"Vermont",1,2023,NA,2023,1,0,0,"",NA,5.85,"0",25530.4,9,"46",7.68,16.626,2008,50,14.353,338.273
2008,"WA",6562.231,5.2,30.7,401093.2,"Washington",1,2020,2020,NA,0,1,1,"tribal-only",NA,5.85,"1",292402.8,10.4,"48",8.07,187.268,2008,53,124.974,3291.309
2008,"WI",5640.996,4.9,25.7,286204.7,"Wisconsin",1,2021,2021,NA,0,1,1,"tribal-only",NA,5.85,"1",219492.8,9.8,"50",6.5,151.358,2008,55,99.014,2940.438
2008,"WV",1840.31,4.5,17.1,70966.8,"West Virginia",1,2018,2018,2018,1,1,0,"",NA,5.85,"1",57523.7,14.5,"49",6.55,35.345,2008,54,79.688,777.56
2008,"WY",546.043,3,23.6,41641.3,"Wyoming",1,2021,2021,2021,1,1,0,"",NA,5.85,"1",26533.7,10.1,"51",5.15,8.969,2008,56,5.903,284.31
2009,"AK",698.895,7.8,26.6,54952,"Alaska",0,NA,NA,NA,0,0,0,"",NA,6.55,"0",32896.4,11.7,"2",7.15,27.855,2009,2,12.006,331.792
2009,"AL",4757.938,9.7,22,194192.1,"Alabama",0,NA,NA,NA,0,0,0,"",NA,6.55,"0",155145.3,16.6,"1",6.55,238.252,2009,1,169.32,1924.747
2009,"AR",2896.843,7.7,18.9,109833.1,"Arkansas",1,2018,2019,2022,1,1,0,"",NA,6.55,"1",90246,18.9,"4",6.25,106.512,2009,5,102.927,1252.399
2009,"AZ",6343.154,9.7,25.6,277412.4,"Arizona",1,2021,2021,2021,1,1,0,"",NA,6.55,"0",211975.3,21.2,"3",7.25,310.533,2009,4,106.13,2817.577
2009,"CA",36961.229,11.5,29.9,2110679.4,"California",0,NA,NA,NA,0,0,0,"",NA,6.55,"0",1554013.3,15.3,"5",8,2032.568,2009,6,1250.03,16182.572
2009,"CO",4972.195,8,35.9,275659.1,"Colorado",1,2019,2020,2020,1,1,0,"",NA,6.55,"1",198800.2,12.3,"6",7.28,198.539,2009,8,61.951,2524.443
2009,"CT",3561.807,8.3,35.6,265530.8,"Connecticut",1,2021,2021,2021,1,1,0,"",NA,6.55,"0",213612.1,8.4,"7",8,150.106,2009,9,56.27,1740.971
2009,"DE",891.73,8.2,28.7,69186.1,"Delaware",1,2018,2018,2018,1,1,0,"",NA,6.55,"1",36284.2,12.3,"8",7.15,36.188,2009,10,15.299,401.312
2009,"FL",18652.644,10.2,25.3,840480.7,"Florida",1,2021,2023,2023,1,1,0,"lawsuit in 2021 that shut down operations",NA,6.55,"0",682891.7,14.6,"10",7.21,946.702,2009,12,463.573,8148.123
2009,"GA",9620.846,9.9,27.5,464016.8,"Georgia",0,NA,NA,NA,0,0,0,"",NA,6.55,"0",327516.3,18.4,"11",5.15,475.895,2009,13,220.238,4311.854
2009,"HI",1346.717,6.5,29.6,74118.5,"Hawaii",0,NA,NA,NA,0,0,0,"",NA,6.55,"0",55690,12.5,"12",7.25,45.168,2009,15,24.266,586.522
2009,"IA",3032.87,6.5,25.1,156737.2,"Iowa",1,2019,2019,2019,1,1,0,"",NA,6.55,"1",112628,10.7,"16",7.25,108.163,2009,19,46.609,1579.248
2009,"ID",1554.439,9,23.9,61276,"Idaho",0,NA,NA,NA,0,0,0,"",NA,6.55,"0",48477,13.7,"13",6.55,66.409,2009,16,26.048,690.722
2009,"IL",12796.778,10,30.6,740794.3,"Illinois",1,2019,2020,2020,1,1,0,"",NA,6.55,"1",525210.7,13.2,"14",8,675.429,2009,17,269.392,5943.229
2009,"IN",6459.325,10.2,22.5,299789,"Indiana",1,2019,2019,2019,1,1,0,"",NA,6.55,"0",220274.8,16.1,"15",6.55,329.004,2009,18,112.791,2864.985
2009,"KS",2832.704,7,29.5,141902.5,"Kansas",1,2022,2022,2022,1,1,0,"",NA,6.55,"1",110724.2,13.7,"17",2.65,104.334,2009,20,44.045,1413.873
2009,"KY",4317.074,10.6,21,178112.9,"Kentucky",1,2023,2023,2023,1,1,0,"",NA,6.55,"1",138823.4,17,"18",6.55,213.036,2009,21,189.482,1847.126
2009,"LA",4491.648,6.7,21.4,241868.8,"Louisiana",1,2021,2021,2022,1,1,0,"",NA,6.55,"0",163751.6,14.3,"19",6.55,140.884,2009,22,169.69,1923.884
2009,"MA",6517.613,8.2,38.2,441307.6,"Massachusetts",1,2022,2023,2023,1,1,0,"",NA,6.55,"1",332020.6,10.8,"22",8,281.372,2009,25,186.609,3189.01
2009,"MD",5730.388,7.1,35.7,336285.8,"Maryland",1,2021,2021,2021,1,1,0,"",NA,6.55,"1",279384.2,9.6,"21",6.55,212.455,2009,24,102.93,2820.245
2009,"ME",1329.59,8.3,26.9,58771.9,"Maine",1,2022,2023,2023,1,1,0,"",NA,6.55,"1",49267.6,11.4,"20",7.25,56.265,2009,23,34.559,639.954
2009,"MI",9901.591,13.5,24.6,416297.1,"Michigan",1,2019,2020,2021,1,1,0,"",NA,6.55,"1",336954.5,14,"23",7.4,669.741,2009,26,242.983,4233.803
2009,"MN",5281.203,7.7,31.5,296875.2,"Minnesota",0,NA,NA,NA,0,0,0,"",NA,6.55,"0",216607.4,11.1,"24",6.15,228.55,2009,27,83.247,2713.426
2009,"MO",5961.088,9.1,25.2,289566.8,"Missouri",0,NA,NA,NA,0,0,0,"",NA,6.55,"1",215681.8,15.5,"26",7.05,282.852,2009,29,128.132,2766.711
2009,"MS",2958.774,9.2,19.6,105360,"Mississippi",1,2017,2017,NA,0,1,0,"",NA,6.55,"0",88333,23.1,"25",6.55,120.289,2009,28,124.116,1148.93
2009,"MT",983.982,7.1,27.4,40938.4,"Montana",1,2019,2019,NA,0,1,0,"",NA,6.55,"1",33711.5,13.5,"27",6.9,34.301,2009,30,16.694,466.713
2009,"NC",9449.566,10.8,26.5,473610.5,"North Carolina",1,2019,2019,2023,1,1,0,"retail is tribal",NA,6.55,"1",338315.7,16.9,"34",6.55,483.684,2009,37,213.329,4087.105
2009,"ND",664.968,3.9,25.8,35971.3,"North Dakota",1,2018,2018,2018,0,1,1,"",NA,6.55,"0",26361.3,10.9,"35",6.55,15.21,2009,38,8.139,353.455
2009,"NE",1812.683,4.6,27.4,99986.4,"Nebraska",1,2021,2021,NA,0,1,0,"",NA,6.55,"0",71173.5,9.9,"28",6.55,45.935,2009,31,24.616,945.648
2009,"NH",1316.102,6.1,32,70498.6,"New Hampshire",1,2019,2019,2019,1,1,0,"",NA,6.55,"1",59082.5,7.8,"30",7.25,46.425,2009,33,16.628,697.802
2009,"NJ",8755.602,8.8,34.5,546362.2,"New Jersey",1,2018,2018,2018,1,1,0,"",NA,6.55,"1",439087.9,9.3,"31",7.15,412.075,2009,34,163.066,4138.57
2009,"NM",2036.802,7.1,25.3,90829.2,"New Mexico",1,2018,2018,NA,0,1,1,"",NA,6.55,"1",66661.8,19.3,"32",7.5,70.861,2009,35,59.11,869.491
2009,"NV",2684.665,11.1,21.8,140304.3,"Nevada",1,1949,1949,2010,1,1,0,"",NA,6.55,"0",96858.6,13,"29",6.85,152.541,2009,32,38.592,1196.758
2009,"NY",19307.066,8.4,32.4,1379504.6,"New York",1,2013,2019,2022,1,1,0,"https://www.deucescracked.com/ny-sports-betting-guide-getting-started-2025-update/",NA,6.55,"1",912779,15.8,"33",7.15,802.999,2009,36,667.893,8844.486
2009,"OH",11528.896,10.2,24.1,550982.4,"Ohio",1,2021,2021,2021,1,1,0,"",NA,6.55,"1",409648,13.3,"36",7.3,609.67,2009,39,273.881,5297.098
2009,"OK",3717.572,6.5,22.7,156856.8,"Oklahoma",0,NA,NA,NA,0,0,0,"",NA,6.55,"1",131371,12.9,"37",6.55,112.409,2009,40,90.745,1652.023
2009,"OR",3808.6,10.6,29.2,176951.6,"Oregon",1,2019,2019,2019,1,1,0,"",NA,6.55,"1",135132.2,13.4,"38",8.4,222.956,2009,41,70.404,1753.682
2009,"PA",12666.858,8,26.4,645206.7,"Pennsylvania",1,2017,2017,2017,1,1,0,"",NA,6.55,"1",511617.9,11.1,"39",7.15,514.912,2009,42,346.951,5885.351
2009,"RI",1053.646,11.2,30.5,54481.5,"Rhode Island",1,2018,2018,2019,1,1,0,"",NA,6.55,"0",42952.6,13,"40",7.4,62.329,2009,44,31.582,504.951
2009,"SC",4589.872,11,24.3,184081.3,"South Carolina",0,NA,NA,NA,0,0,0,"",NA,6.55,"0",145622.1,13.7,"41",6.55,242.075,2009,45,109.339,1910.67
2009,"SD",807.067,4.6,25.1,44255.8,"South Dakota",1,2021,2021,NA,0,1,0,"",NA,6.55,"0",31794.6,14.1,"42",6.55,22.017,2009,46,13.542,423.993
2009,"TN",6306.019,10.4,23,287308.9,"Tennessee",1,2019,NA,2019,1,0,0,"",NA,6.55,"1",216041.8,16.5,"43",6.55,319.565,2009,47,169.325,2733.113
2009,"TX",24801.761,7.6,25.5,1285560.2,"Texas",0,NA,NA,NA,0,0,0,"",NA,6.55,"0",910498.6,17.3,"44",6.55,901.896,2009,48,589.929,11008.903
2009,"UT",2723.421,7.6,28.5,130958.7,"Utah",0,NA,NA,NA,0,0,0,"",NA,6.55,"0",86695.6,9.7,"45",6.55,99.841,2009,49,26.604,1266.009
2009,"VA",7925.937,6.8,34,460075.3,"Virginia",1,2020,2020,2020,1,1,0,"",NA,6.55,"1",349712.1,10.7,"47",6.55,275.655,2009,51,144.278,3842.516
2009,"VT",624.817,6.5,33.1,29565.8,"Vermont",1,2023,NA,2023,1,0,0,"",NA,6.55,"0",25164.3,9.4,"46",8.06,23.732,2009,50,14.69,336.104
2009,"WA",6667.426,9,31,390814,"Washington",1,2020,2020,NA,0,1,1,"tribal-only",NA,6.55,"1",279749.7,11.7,"48",8.55,323.551,2009,53,130.707,3211.649
2009,"WI",5669.264,8.8,25.7,277279.4,"Wisconsin",1,2021,2021,NA,0,1,1,"tribal-only",NA,6.55,"1",215830.8,10.8,"50",6.5,266.013,2009,55,103.503,2834.335
2009,"WV",1847.775,8,17.3,70886.5,"West Virginia",1,2018,2018,2018,1,1,0,"",NA,6.55,"1",57948.9,15.8,"49",7.25,62.862,2009,54,79.847,751.165
2009,"WY",559.851,6.3,23.8,40599.6,"Wyoming",1,2021,2021,2021,1,1,0,"",NA,6.55,"1",24486.7,9.2,"51",5.15,18.97,2009,56,6.168,281.15
2010,"AK",713.982,8,27.9,53652,"Alaska",0,NA,NA,NA,0,0,0,"",NA,7.25,"0",35293.8,12.4,"2",7.75,28.497,2010,2,12.242,333.416
2010,"AL",4785.514,10.4,21.9,199455,"Alabama",0,NA,NA,NA,0,0,0,"",NA,7.25,"0",161516.6,17.3,"1",7.25,231.483,2010,1,172.22,1964.559
2010,"AR",2921.998,7.8,19.5,113000.9,"Arkansas",1,2018,2019,2022,1,1,0,"",NA,7.25,"1",93290.5,15.5,"4",6.25,110.842,2010,5,106.745,1242.496
2010,"AZ",6407.342,10.4,25.9,282252.4,"Arizona",1,2021,2021,2021,1,1,0,"",NA,7.25,"0",215523.6,18.6,"3",7.25,320.251,2010,4,109.877,2769.454
2010,"CA",37319.55,12.3,30.1,2153852.8,"California",0,NA,NA,NA,0,0,0,"",NA,7.25,"0",1628457.6,16.3,"5",8,2244.326,2010,6,1269.123,16091.945
2010,"CO",5047.539,9.1,36.4,279385.6,"Colorado",1,2019,2020,2020,1,1,0,"",NA,7.25,"1",205372.4,12.2,"6",7.24,238.013,2010,8,65.511,2486.404
2010,"CT",3579.173,9.5,35.5,266773.4,"Connecticut",1,2021,2021,2021,1,1,0,"",NA,7.25,"0",222226,8.3,"7",8.25,174.263,2010,9,58.229,1737.449
2010,"DE",899.647,8.3,27.8,68291.9,"Delaware",1,2018,2018,2018,1,1,0,"",NA,7.25,"1",36725.7,12.1,"8",7.25,36.55,2010,10,15.804,397.869
2010,"FL",18846.143,11.3,25.8,851956.4,"Florida",1,2021,2023,2023,1,1,0,"lawsuit in 2021 that shut down operations",NA,7.25,"0",725074,16,"10",7.25,1018.407,2010,12,484.363,8193.659
2010,"GA",9712.209,10.4,27.3,471588.3,"Georgia",0,NA,NA,NA,0,0,0,"",NA,7.25,"0",335268.4,18.7,"11",5.15,494.624,2010,13,228.498,4202.052
2010,"HI",1364.004,6.7,29.5,76130.2,"Hawaii",0,NA,NA,NA,0,0,0,"",NA,7.25,"0",57179.1,12.1,"12",7.25,44.967,2010,15,24.897,602.282
2010,"IA",3050.819,6.1,24.9,161593.1,"Iowa",1,2019,2019,2019,1,1,0,"",NA,7.25,"1",116247.4,10.3,"16",7.25,100.834,2010,19,47.634,1577.447
2010,"ID",1570.819,9.1,24.4,62626.4,"Idaho",0,NA,NA,NA,0,0,0,"",NA,7.25,"0",50196.6,14,"13",7.25,68.23,2010,16,27.236,692.826
2010,"IL",12840.545,10.4,30.8,755391.4,"Illinois",1,2019,2020,2020,1,1,0,"",NA,7.25,"1",540492.6,14.1,"14",8,688.274,2010,17,273.279,5937.047
2010,"IN",6490.555,10,22.7,320731.8,"Indiana",1,2019,2019,2019,1,1,0,"",NA,7.25,"0",230109.2,16.3,"15",7.25,329.584,2010,18,118.03,2845.608
2010,"KS",2858.266,6.9,29.8,143870.1,"Kansas",1,2022,2022,2022,1,1,0,"",NA,7.25,"1",113077.3,14.3,"17",7.25,105.806,2010,20,45.841,1394.958
2010,"KY",4348.464,10.3,20.5,186720.6,"Kentucky",1,2023,2023,2023,1,1,0,"",NA,7.25,"1",144103.3,17.7,"18",7.25,209.725,2010,21,192.328,1844.65
2010,"LA",4544.635,7.4,21.4,253466.9,"Louisiana",1,2021,2021,2022,1,1,0,"",NA,7.25,"0",171098.2,21.6,"19",7.25,166.224,2010,22,174.669,1919.852
2010,"MA",6566.44,8.1,39,462330.8,"Massachusetts",1,2022,2023,2023,1,1,0,"",NA,7.25,"1",348423.3,10.6,"22",8,289.265,2010,25,192.998,3190.818
2010,"MD",5788.784,7.8,36.1,352622.9,"Maryland",1,2021,2021,2021,1,1,0,"",NA,7.25,"1",289469.9,10.8,"21",7.25,235.334,2010,24,107.386,2838.492
2010,"ME",1327.651,8.4,26.8,59958.6,"Maine",1,2022,2023,2023,1,1,0,"",NA,7.25,"1",50330.5,12.5,"20",7.5,56.552,2010,23,35.486,638.63
2010,"MI",9877.597,12.7,25.2,441271.5,"Michigan",1,2019,2020,2021,1,1,0,"",NA,7.25,"1",349577.7,15.5,"23",7.4,604.913,2010,26,253.549,4194.041
2010,"MN",5310.934,7.4,31.8,308091.9,"Minnesota",0,NA,NA,NA,0,0,0,"",NA,7.25,"0",226273.4,10.5,"24",6.15,217.601,2010,27,86.482,2721.194
2010,"MO",5996.089,9.4,25.6,295986.5,"Missouri",0,NA,NA,NA,0,0,0,"",NA,7.25,"1",220788.1,14.8,"26",7.25,292.949,2010,29,133.843,2763.535
2010,"MS",2970.615,10.1,19.5,106711.8,"Mississippi",1,2017,2017,NA,0,1,0,"",NA,7.25,"0",91795.4,22.7,"25",7.25,135.729,2010,28,125.569,1170.879
2010,"MT",990.73,7.2,28.8,42469.8,"Montana",1,2019,2019,NA,0,1,0,"",NA,7.25,"1",35561.8,14,"27",7.25,36.527,2010,30,17.532,463.998
2010,"NC",9574.586,10.8,26.5,482030.4,"North Carolina",1,2019,2019,2023,1,1,0,"retail is tribal",NA,7.25,"1",341627.6,17.4,"34",7.25,501.062,2010,37,219.443,4115.629
2010,"ND",674.752,3.7,27.6,38697.4,"North Dakota",1,2018,2018,2018,0,1,1,"",NA,7.25,"0",29344.6,12.2,"35",7.25,14.289,2010,38,8.302,364.053
2010,"NE",1829.591,4.6,28.6,103940.8,"Nebraska",1,2021,2021,NA,0,1,0,"",NA,7.25,"0",74864.2,10.2,"28",7.25,46.038,2010,31,25.675,947.36
2010,"NH",1316.807,6.1,32.8,72950.4,"New Hampshire",1,2019,2019,2019,1,1,0,"",NA,7.25,"1",61604.6,6.6,"30",7.25,43.122,2010,33,17.915,695.135
2010,"NJ",8799.451,9.7,35.4,554764.4,"New Jersey",1,2018,2018,2018,1,1,0,"",NA,7.25,"0",452466.4,10.7,"31",7.25,433.875,2010,34,168.591,4121.455
2010,"NM",2064.614,7.8,25,90721,"New Mexico",1,2018,2018,NA,0,1,1,"",NA,7.25,"1",69250.2,18.6,"32",7.5,75.934,2010,35,60.498,860.154
2010,"NV",2702.483,13.3,21.7,142614.2,"Nevada",1,1949,1949,2010,1,1,0,"",NA,7.25,"0",100605.8,16.4,"29",7.55,183.804,2010,32,41.008,1174.774
2010,"NY",19399.956,8.7,32.5,1431624,"New York",1,2013,2019,2022,1,1,0,"https://www.deucescracked.com/ny-sports-betting-guide-getting-started-2025-update/",NA,7.25,"1",950069.1,16,"33",7.25,825.639,2010,36,681.191,8769.723
2010,"OH",11539.449,10,24.6,563816.3,"Ohio",1,2021,2021,2021,1,1,0,"",NA,7.25,"1",422046.2,15.3,"36",7.3,599.836,2010,39,285.57,5247.05
2010,"OK",3760.014,6.4,22.9,158086.4,"Oklahoma",0,NA,NA,NA,0,0,0,"",NA,7.25,"1",137392.8,16.3,"37",7.25,120.146,2010,40,93.721,1648.138
2010,"OR",3837.614,10.6,28.8,180738.2,"Oregon",1,2019,2019,2019,1,1,0,"",NA,7.25,"1",138618,14.2,"38",8.4,210.963,2010,41,74.751,1773.076
2010,"PA",12711.406,8.1,27.1,666805.8,"Pennsylvania",1,2017,2017,2017,1,1,0,"",NA,7.25,"1",534469.9,12.2,"39",7.25,540.062,2010,42,357.939,5840.887
2010,"RI",1053.994,11.6,30.2,56050.6,"Rhode Island",1,2018,2018,2019,1,1,0,"",NA,7.25,"0",45261,13.6,"40",7.4,63.488,2010,44,32.759,503.216
2010,"SC",4635.846,11.1,24.5,188777.2,"South Carolina",0,NA,NA,NA,0,0,0,"",NA,7.25,"0",150462.9,17,"41",7.25,240.623,2010,45,112.01,1915.045
2010,"SD",816.193,4.9,26.3,44810.7,"South Dakota",1,2021,2021,NA,0,1,0,"",NA,7.25,"0",33596.2,13.2,"42",7.25,21.984,2010,46,13.848,419.355
2010,"TN",6355.518,9.8,23.1,292687,"Tennessee",1,2019,NA,2019,1,0,0,"",NA,7.25,"1",226586.6,16.7,"43",7.25,298.732,2010,47,174.503,2792.063
2010,"TX",25241.897,8.3,25.9,1323059.1,"Texas",0,NA,NA,NA,0,0,0,"",NA,7.25,"0",966149.7,18.4,"44",7.25,997.338,2010,48,616.563,11244.632
2010,"UT",2775.413,8.3,29.3,133739.1,"Utah",0,NA,NA,NA,0,0,0,"",NA,7.25,"0",89242.4,10,"45",7.25,106.283,2010,49,28.079,1249.814
2010,"VA",8024.004,6.8,34.2,475699.3,"Virginia",1,2020,2020,2020,1,1,0,"",NA,7.25,"0",365041.4,10.7,"47",7.25,297.272,2010,51,148.305,3860.386
2010,"VT",625.886,6.2,33.6,30890.6,"Vermont",1,2023,NA,2023,1,0,0,"",NA,7.25,"0",25939.1,10.8,"46",8.06,21.914,2010,50,15.289,337.488
2010,"WA",6743.009,10,31.1,403471.3,"Washington",1,2020,2020,NA,0,1,1,"tribal-only",NA,7.25,"1",287760.3,11.5,"48",8.55,350.782,2010,53,137.447,3160.544
2010,"WI",5690.538,8.4,26.3,287652.9,"Wisconsin",1,2021,2021,NA,0,1,1,"tribal-only",NA,7.25,"1",221909.7,9.9,"50",7.25,267.119,2010,55,107.476,2814.393
2010,"WV",1854.265,8.4,17.5,71823.8,"West Virginia",1,2018,2018,2018,1,1,0,"",NA,7.25,"1",59927.7,16.9,"49",7.25,70.215,2010,54,80.335,740.91
2010,"WY",564.531,6.9,24.1,39135.9,"Wyoming",1,2021,2021,2021,1,1,0,"",NA,7.25,"1",25804.9,9.6,"51",5.15,19.553,2010,56,6.369,283.744
2011,"AK",722.349,7.6,26.4,54045.4,"Alaska",0,NA,NA,NA,0,0,0,"",NA,7.25,"0",37827.8,11.7,"2",7.75,27.752,2011,2,12.675,338.161
2011,"AL",4799.642,9.6,22.3,201372.9,"Alabama",0,NA,NA,NA,0,0,0,"",NA,7.25,"0",167942.8,15.4,"1",7.25,212.257,2011,1,174.917,1990.413
2011,"AR",2941.038,7.9,20.3,115241.8,"Arkansas",1,2018,2019,2022,1,1,0,"",NA,7.25,"1",99571.5,18.7,"4",6.25,113.168,2011,5,109.881,1249.514
2011,"AZ",6473.416,9.5,26.6,290411.3,"Arizona",1,2021,2021,2021,1,1,0,"",NA,7.25,"0",226365.3,17.2,"3",7.35,288.547,2011,4,112.757,2748.47
2011,"CA",37636.311,11.7,30.3,2192887.2,"California",0,NA,NA,NA,0,0,0,"",NA,7.25,"1",1737940,16.9,"5",8,2156.967,2011,6,1286.271,16258.133
2011,"CO",5121.9,8.7,36.7,283963.8,"Colorado",1,2019,2020,2020,1,1,0,"",NA,7.25,"1",223153.2,13.2,"6",7.36,228.814,2011,8,68.725,2507.265
2011,"CT",3588.632,9,36.2,261555.8,"Connecticut",1,2021,2021,2021,1,1,0,"",NA,7.25,"1",228929.4,10.1,"7",8.25,168.808,2011,9,59.731,1745.967
2011,"DE",907.59,7.4,28.8,71103.5,"Delaware",1,2018,2018,2018,1,1,0,"",NA,7.25,"1",39825.6,13.7,"8",7.25,33.26,2011,10,16.155,410.086
2011,"FL",19055.607,10.2,25.8,849395.3,"Florida",1,2021,2023,2023,1,1,0,"lawsuit in 2021 that shut down operations",NA,7.25,"0",764633.7,14.9,"10",7.25,928.904,2011,12,505.807,8371.638
2011,"GA",9803.63,10,27.6,481215.4,"Georgia",0,NA,NA,NA,0,0,0,"",NA,7.25,"0",358538.6,18.4,"11",5.15,485.449,2011,13,238.751,4263.305
2011,"HI",1379.562,6.7,29.1,77174.2,"Hawaii",0,NA,NA,NA,0,0,0,"",NA,7.25,"1",60044.6,12.1,"12",7.25,44.934,2011,15,25.33,615.319
2011,"IA",3066.772,5.6,25.8,164559.3,"Iowa",1,2019,2019,2019,1,1,0,"",NA,7.25,"0",125560.5,10.4,"16",7.25,92.199,2011,19,48.903,1570.177
2011,"ID",1584.272,8.4,25.2,62704,"Idaho",0,NA,NA,NA,0,0,0,"",NA,7.25,"0",53082.6,15.7,"13",7.25,63.712,2011,16,28.202,701.466
2011,"IL",12867.783,9.8,31,772225.6,"Illinois",1,2019,2020,2020,1,1,0,"",NA,7.25,"1",567967.5,14.2,"14",8.25,638.527,2011,17,276.332,5948.366
2011,"IN",6517.25,8.9,23,321532.8,"Indiana",1,2019,2019,2019,1,1,0,"",NA,7.25,"0",245346.4,15.6,"15",7.25,290.046,2011,18,122.084,2891.945
2011,"KS",2869.677,6.4,30.1,147836.8,"Kansas",1,2022,2022,2022,1,1,0,"",NA,7.25,"0",122562,14.3,"17",7.25,97.005,2011,20,47.372,1394.082
2011,"KY",4370.817,9.4,21.1,188389.8,"Kentucky",1,2023,2023,2023,1,1,0,"",NA,7.25,"1",151299.9,16,"18",7.25,193.482,2011,21,193.023,1862.928
2011,"LA",4576.244,7.3,21.1,241235.9,"Louisiana",1,2021,2021,2022,1,1,0,"",NA,7.25,"0",177105.1,21.1,"19",7.25,162.196,2011,22,178.727,1911.021
2011,"MA",6614.218,7.2,39.1,472664.3,"Massachusetts",1,2022,2023,2023,1,1,0,"",NA,7.25,"1",365742.7,10.6,"22",8,251.554,2011,25,197.503,3217.754
2011,"MD",5840.241,7.3,36.9,360155.9,"Maryland",1,2021,2021,2021,1,1,0,"",NA,7.25,"1",306179.6,9.3,"21",7.25,224.477,2011,24,111.275,2872.084
2011,"ME",1328.473,7.8,28.4,59429.7,"Maine",1,2022,2023,2023,1,1,0,"",NA,7.25,"0",52424.4,13.4,"20",7.5,55.196,2011,23,36.316,644.085
2011,"MI",9883.053,10.1,25.6,453989.1,"Michigan",1,2019,2020,2021,1,1,0,"",NA,7.25,"0",370676.1,15,"23",7.4,486.815,2011,26,264.699,4198.349
2011,"MN",5346.62,6.6,32.4,315213.3,"Minnesota",0,NA,NA,NA,0,0,0,"",NA,7.25,"1",242440.3,10,"24",6.15,191.015,2011,27,88.731,2755.264
2011,"MO",6011.182,8.6,26.1,292984.3,"Missouri",0,NA,NA,NA,0,0,0,"",NA,7.25,"1",230429.7,15.4,"26",7.25,258.562,2011,29,137.169,2789.224
2011,"MS",2979.147,9.8,19.8,106491.1,"Mississippi",1,2017,2017,NA,0,1,0,"",NA,7.25,"0",95795.2,17.4,"25",7.25,134.061,2011,28,126.307,1208.747
2011,"MT",997.518,6.6,28.2,43532.2,"Montana",1,2019,2019,NA,0,1,0,"",NA,7.25,"1",38077.7,16.5,"27",7.35,34.822,2011,30,18.167,466.403
2011,"NC",9658.913,10.4,26.9,484200.3,"North Carolina",1,2019,2019,2023,1,1,0,"retail is tribal",NA,7.25,"1",355052.3,15.4,"34",7.25,475.529,2011,37,224.78,4157.543
2011,"ND",685.526,3.3,26.3,43300.4,"North Dakota",1,2018,2018,2018,0,1,1,"",NA,7.25,"0",32882.2,9.9,"35",7.25,13.481,2011,38,8.361,375.153
2011,"NE",1840.914,4.4,27.9,109734.2,"Nebraska",1,2021,2021,NA,0,1,0,"",NA,7.25,"0",83613.6,10.2,"28",7.25,44.197,2011,31,26.53,959.059
2011,"NH",1320.444,5.5,33.4,73465,"New Hampshire",1,2019,2019,2019,1,1,0,"",NA,7.25,"1",64589.7,7.6,"30",7.25,39.77,2011,33,18.693,696.532
2011,"NJ",8828.552,9.4,35.3,548479.4,"New Jersey",1,2018,2018,2018,1,1,0,"",NA,7.25,"0",474015.5,11.4,"31",7.25,426.808,2011,34,173.143,4138.464
2011,"NM",2080.707,7.2,25.6,90552.3,"New Mexico",1,2018,2018,NA,0,1,1,"",NA,7.25,"0",72820.3,22.2,"32",7.5,70.051,2011,35,61.838,860.305
2011,"NV",2713.114,13,22.5,144341.2,"Nevada",1,1949,1949,2010,1,1,0,"",NA,7.25,"0",104579.4,15.5,"29",8.25,178.851,2011,32,43.713,1194.264
2011,"NY",19499.921,8.4,32.9,1440346.8,"New York",1,2013,2019,2022,1,1,0,"https://www.deucescracked.com/ny-sports-betting-guide-getting-started-2025-update/",NA,7.25,"1",1004130.3,16,"33",7.25,789.304,2011,36,690.258,8728.057
2011,"OH",11545.735,8.8,24.7,580251.4,"Ohio",1,2021,2021,2021,1,1,0,"",NA,7.25,"0",451011.1,15.1,"36",7.4,510.231,2011,39,294.92,5261.238
2011,"OK",3788.824,5.6,23.8,163859.3,"Oklahoma",0,NA,NA,NA,0,0,0,"",NA,7.25,"0",147889.5,13.9,"37",7.25,104.248,2011,40,95.51,1668.418
2011,"OR",3872.672,9.5,29.3,185959.4,"Oregon",1,2019,2019,2019,1,1,0,"",NA,7.25,"1",146432.2,14.4,"38",8.5,189.569,2011,41,77.98,1804.32
2011,"PA",12747.052,7.7,27,676468.4,"Pennsylvania",1,2017,2017,2017,1,1,0,"",NA,7.25,"0",563434.9,12.6,"39",7.25,506.761,2011,42,367.274,5888.745
2011,"RI",1053.829,11.1,31.1,56026.6,"Rhode Island",1,2018,2018,2019,1,1,0,"",NA,7.25,"0",47067,13.4,"40",7.4,61.808,2011,44,32.114,498.248
2011,"SC",4672.655,10.4,24.1,193221,"South Carolina",0,NA,NA,NA,0,0,0,"",NA,7.25,"0",159187.4,19,"41",7.25,229.623,2011,45,114.819,1945.9
2011,"SD",823.74,4.6,26.3,47630.4,"South Dakota",1,2021,2021,NA,0,1,0,"",NA,7.25,"0",36741.9,14.5,"42",7.25,20.88,2011,46,14.154,420.054
2011,"TN",6400.298,9,23.6,301508.9,"Tennessee",1,2019,NA,2019,1,0,0,"",NA,7.25,"0",240717.7,16.3,"43",7.25,280.645,2011,47,179.35,2844.662
2011,"TX",25645.504,8,26.4,1370174.9,"Texas",0,NA,NA,NA,0,0,0,"",NA,7.25,"0",1057757.5,17.4,"44",7.25,969.403,2011,48,639.869,11535.095
2011,"UT",2814.797,7.2,29.7,138301.1,"Utah",0,NA,NA,NA,0,0,0,"",NA,7.25,"0",96245.3,11,"45",7.25,91.107,2011,49,29.412,1259.337
2011,"VA",8102.437,6.3,35.1,479571.4,"Virginia",1,2020,2020,2020,1,1,0,"",NA,7.25,"0",387003.9,11.4,"47",7.25,277.476,2011,51,150.804,3934.326
2011,"VT",627.197,5.4,35.4,31663.6,"Vermont",1,2023,NA,2023,1,0,0,"",NA,7.25,"1",27455.2,11.6,"46",8.15,19.645,2011,50,15.684,338.463
2011,"WA",6827.479,9.4,31.9,411575.7,"Washington",1,2020,2020,NA,0,1,1,"tribal-only",NA,7.25,"1",304986.9,12.5,"48",8.67,321.238,2011,53,142.848,3140.19
2011,"WI",5705.84,7.6,26.5,293664,"Wisconsin",1,2021,2021,NA,0,1,1,"tribal-only",NA,7.25,"0",234910,13.1,"50",7.25,238.763,2011,55,110.881,2840.996
2011,"WV",1856.606,7.7,18.5,73175.2,"West Virginia",1,2018,2018,2018,1,1,0,"",NA,7.25,"1",63349.2,17.5,"49",7.25,65.049,2011,54,80.734,741.972
2011,"WY",567.491,6.1,24.7,38929.8,"Wyoming",1,2021,2021,2021,1,1,0,"",NA,7.25,"0",28356.6,10.7,"51",5.15,17.796,2011,56,6.534,289.019
2012,"AK",730.81,7.1,28,57087.4,"Alaska",0,NA,NA,NA,0,0,0,"",NA,7.25,"0",39169.2,10,"2",7.75,26.045,2012,2,12.901,339.474
2012,"AL",4816.632,8.2,23.3,203675.5,"Alabama",0,NA,NA,NA,0,0,0,"",NA,7.25,"0",172804.1,16.2,"1",7.25,173.047,2012,1,177.062,2003.29
2012,"AR",2952.876,7.3,21,116616.2,"Arkansas",1,2018,2019,2022,1,1,0,"",NA,7.25,"1",106984.7,20.1,"4",6.25,101.626,2012,5,112.349,1241.127
2012,"AZ",6556.344,8.4,27.3,297077.2,"Arizona",1,2021,2021,2021,1,1,0,"",NA,7.25,"0",236846.1,19,"3",7.65,252.529,2012,4,115.904,2776.349
2012,"CA",37944.551,10.4,30.9,2255437.3,"California",0,NA,NA,NA,0,0,0,"",NA,7.25,"1",1852397.5,15.9,"5",8,1921.121,2012,6,1296.033,16602.672
2012,"CO",5193.66,8,37.5,289339.6,"Colorado",1,2019,2020,2020,1,1,0,"",NA,7.25,"1",237141.5,11.9,"6",7.64,217.281,2012,8,70.603,2539.941
2012,"CT",3595.211,8.4,37.1,263649.9,"Connecticut",1,2021,2021,2021,1,1,0,"",NA,7.25,"1",233337.8,10.3,"7",8.25,157.581,2012,9,61.348,1729.838
2012,"DE",915.518,7,29.5,70562.4,"Delaware",1,2018,2018,2018,1,1,0,"",NA,7.25,"1",40338.4,13.5,"8",7.25,32.115,2012,10,16.445,413.457
2012,"FL",19302.016,8.7,26.8,857861.4,"Florida",1,2021,2023,2023,1,1,0,"lawsuit in 2021 that shut down operations",NA,7.25,"0",793428.8,15.3,"10",7.67,794.324,2012,12,527.625,8588.669
2012,"GA",9903.58,9,28.2,489027.3,"Georgia",0,NA,NA,NA,0,0,0,"",NA,7.25,"0",368868.1,18.1,"11",5.15,439.284,2012,13,247.843,4348.083
2012,"HI",1395.199,5.8,30.1,78694,"Hawaii",0,NA,NA,NA,0,0,0,"",NA,7.25,"1",62455.9,13.8,"12",7.25,38.883,2012,15,25.296,608.302
2012,"IA",3076.844,5,26.3,170923.8,"Iowa",1,2019,2019,2019,1,1,0,"",NA,7.25,"0",131984.2,10.3,"16",7.25,83.262,2012,19,49.806,1569.879
2012,"ID",1595.91,7.5,25.5,62007.3,"Idaho",0,NA,NA,NA,0,0,0,"",NA,7.25,"0",56139.8,14.4,"13",7.25,55.552,2012,16,29.448,713.704
2012,"IL",12883.029,9,31.6,790723.3,"Illinois",1,2019,2020,2020,1,1,0,"",NA,7.25,"1",593239.1,12.6,"14",8.25,591.223,2012,17,277.978,5990.644
2012,"IN",6538.989,8.2,23.4,323876.3,"Indiana",1,2019,2019,2019,1,1,0,"",NA,7.25,"0",257149.5,15.2,"15",7.25,264.286,2012,18,124.998,2905.549
2012,"KS",2886.024,5.7,30.4,150077.1,"Kansas",1,2022,2022,2022,1,1,0,"",NA,7.25,"0",130182,14,"17",7.25,85.098,2012,20,48.537,1400.122
2012,"KY",4387.865,8.2,21.8,192060.2,"Kentucky",1,2023,2023,2023,1,1,0,"",NA,7.25,"1",156827.6,17.9,"18",7.25,167.965,2012,21,192.886,1891.162
2012,"LA",4602.067,6.7,22,242416.9,"Louisiana",1,2021,2021,2022,1,1,0,"",NA,7.25,"0",186589.4,21.1,"19",7.25,147.143,2012,22,180.847,1933.137
2012,"MA",6664.269,6.7,39.3,483286.3,"Massachusetts",1,2022,2023,2023,1,1,0,"",NA,7.25,"1",382009.4,11.3,"22",8,232.63,2012,25,185.762,3252.531
2012,"MD",5888.375,6.9,36.9,361561.8,"Maryland",1,2021,2021,2021,1,1,0,"",NA,7.25,"1",315230.9,9.9,"21",7.25,217.34,2012,24,114.8,2902.307
2012,"ME",1328.094,7.2,28,59181.7,"Maine",1,2022,2023,2023,1,1,0,"",NA,7.25,"0",53490,12.8,"20",7.5,52.519,2012,23,37.114,650.117
2012,"MI",9898.289,9.1,26,463302.6,"Michigan",1,2019,2020,2021,1,1,0,"",NA,7.25,"0",386568.4,13.7,"23",7.4,426.037,2012,26,271.713,4246.658
2012,"MN",5377.5,5.7,33.2,321053.8,"Minnesota",0,NA,NA,NA,0,0,0,"",NA,7.25,"1",257319.7,10,"24",6.15,165.215,2012,27,91.56,2781.141
2012,"MO",6026.027,7.1,26.4,296514.3,"Missouri",0,NA,NA,NA,0,0,0,"",NA,7.25,"1",241762.7,15.2,"26",7.25,210.034,2012,29,140.146,2815.275
2012,"MS",2984.599,8.8,20.7,108646.5,"Mississippi",1,2017,2017,NA,0,1,0,"",NA,7.25,"0",99386.4,22,"25",7.25,118.34,2012,28,126.679,1198.196
2012,"MT",1004.168,5.8,29.4,44329.1,"Montana",1,2019,2019,NA,0,1,0,"",NA,7.25,"1",40471,13.4,"27",7.65,30.311,2012,30,18.562,476.174
2012,"NC",9751.81,9.6,27.4,488126.5,"North Carolina",1,2019,2019,2023,1,1,0,"retail is tribal",NA,7.25,"1",379925.3,17.2,"34",7.25,434.382,2012,37,230.593,4245.675
2012,"ND",702.227,2.9,27.9,53326.8,"North Dakota",1,2018,2018,2018,0,1,1,"",NA,7.25,"0",38859.8,11.4,"35",7.25,12.193,2012,38,8.456,385.674
2012,"NE",1853.691,3.9,29,109686.3,"Nebraska",1,2021,2021,NA,0,1,0,"",NA,7.25,"0",86293.7,12.2,"28",7.25,40.552,2012,31,27.144,974.428
2012,"NH",1324.677,5.5,34.6,74082.8,"New Hampshire",1,2019,2019,2019,1,1,0,"",NA,7.25,"1",67528.8,8.1,"30",7.25,40.726,2012,33,19.31,700.371
2012,"NJ",8845.671,9.5,36.2,560729.7,"New Jersey",1,2018,2018,2018,1,1,0,"",NA,7.25,"0",491662,9.3,"31",7.25,428.047,2012,34,177.494,4159.986
2012,"NM",2087.715,7,26.1,90762.4,"New Mexico",1,2018,2018,NA,0,1,1,"",NA,7.25,"0",74578.4,20.4,"32",7.5,66.178,2012,35,63.421,861.617
2012,"NV",2744.67,11.5,22.4,142986.1,"Nevada",1,1949,1949,2010,1,1,0,"",NA,7.25,"0",108825.1,15.8,"29",8.25,153.671,2012,32,45.928,1222.71
2012,"NY",19574.362,8.7,33.4,1496280.1,"New York",1,2013,2019,2022,1,1,0,"https://www.deucescracked.com/ny-sports-betting-guide-getting-started-2025-update/",NA,7.25,"1",1056671.2,17.2,"33",7.25,818.847,2012,36,698.226,8793.385
2012,"OH",11550.971,7.4,25.2,586540.9,"Ohio",1,2021,2021,2021,1,1,0,"",NA,7.25,"0",469260.8,15.4,"36",7.7,421.59,2012,39,304.01,5284.001
2012,"OK",3819.32,5.1,23.8,172016.1,"Oklahoma",0,NA,NA,NA,0,0,0,"",NA,7.25,"0",158353.9,18,"37",7.25,94.605,2012,40,97.031,1709.258
2012,"OR",3900.102,8.7,29.9,187352.4,"Oregon",1,2019,2019,2019,1,1,0,"",NA,7.25,"1",154408.5,13.5,"38",8.8,172.649,2012,41,80.941,1780.79
2012,"PA",12769.123,7.6,27.8,689007,"Pennsylvania",1,2017,2017,2017,1,1,0,"",NA,7.25,"0",587521.9,13.9,"39",7.25,505.625,2012,42,376.6,5957.314
2012,"RI",1054.893,10.3,31.4,56487.4,"Rhode Island",1,2018,2018,2019,1,1,0,"",NA,7.25,"0",48810.3,13.6,"40",7.4,58.053,2012,44,32.644,500.434
2012,"SC",4719.027,9,25.1,195406.1,"South Carolina",0,NA,NA,NA,0,0,0,"",NA,7.25,"0",167797.5,16.7,"41",7.25,201.26,2012,45,116.975,1985.618
2012,"SD",833.859,4,26.3,48653.9,"South Dakota",1,2021,2021,NA,0,1,0,"",NA,7.25,"0",37659.4,12.8,"42",7.25,18.941,2012,46,14.701,423.501
2012,"TN",6455.752,7.9,24.3,311754.2,"Tennessee",1,2019,NA,2019,1,0,0,"",NA,7.25,"0",253613.1,18.6,"43",7.25,242.726,2012,47,182.945,2857.945
2012,"TX",26084.12,6.7,26.7,1438354.4,"Texas",0,NA,NA,NA,0,0,0,"",NA,7.25,"0",1132222.1,17,"44",7.25,851.78,2012,48,656.588,11818.675
2012,"UT",2854.146,4.8,30.7,140622.5,"Utah",0,NA,NA,NA,0,0,0,"",NA,7.25,"0",103120.6,11,"45",7.25,74.164,2012,49,30.67,1298.807
2012,"VA",8187.456,5.8,35.5,483041.4,"Virginia",1,2020,2020,2020,1,1,0,"",NA,7.25,"0",405863.9,10.6,"47",7.25,255.857,2012,51,153.013,3967.987
2012,"VT",626.361,4.8,35.8,31898.2,"Vermont",1,2023,NA,2023,1,0,0,"",NA,7.25,"1",28395.7,11.2,"46",8.46,17.573,2012,50,15.947,337.284
2012,"WA",6898.599,8.4,31.7,426447,"Washington",1,2020,2020,NA,0,1,1,"tribal-only",NA,7.25,"1",329258.6,11.6,"48",9.04,282.011,2012,53,147.38,3189.271
2012,"WI",5720.825,6.9,27.1,299007.7,"Wisconsin",1,2021,2021,NA,0,1,1,"tribal-only",NA,7.25,"0",246150.8,11.4,"50",7.25,216.563,2012,55,114.102,2857.418
2012,"WV",1857.446,7.2,18.6,73124.5,"West Virginia",1,2018,2018,2018,1,1,0,"",NA,7.25,"1",65206.2,16.7,"49",7.25,60.533,2012,54,80.046,747.384
2012,"WY",576.656,5.4,24.7,38085,"Wyoming",1,2021,2021,2021,1,1,0,"",NA,7.25,"0",30846.1,9.6,"51",5.15,16.335,2012,56,6.716,290.932
2013,"AK",737.626,6.9,28,54627.7,"Alaska",0,NA,NA,NA,0,0,0,"",NA,7.25,"0",38859.5,10.9,"2",7.75,25.491,2013,2,12.662,339.801
2013,"AL",4831.586,7.4,23.5,206962.9,"Alabama",0,NA,NA,NA,0,0,0,"",NA,7.25,"0",174415.4,16.7,"1",7.25,156.957,2013,1,176.633,2017.043
2013,"AR",2960.459,7,20.6,119842.8,"Arkansas",1,2018,2019,2022,1,1,0,"",NA,7.25,"1",107240.7,17.1,"4",6.25,95.717,2013,5,112.922,1226.859
2013,"AZ",6634.69,7.8,27.4,298859.9,"Arizona",1,2021,2021,2021,1,1,0,"",NA,7.25,"0",242856,20.2,"3",7.8,234.728,2013,4,117.962,2794.697
2013,"CA",38253.768,9,31,2340335.3,"California",0,NA,NA,NA,0,0,0,"",NA,7.25,"1",1886376.6,14.9,"5",8,1666.589,2013,6,1305.574,16958.403
2013,"CO",5270.774,6.7,37.8,301484.2,"Colorado",1,2019,2020,2020,1,1,0,"",NA,7.25,"1",249281.6,10.6,"6",7.78,189.597,2013,8,72.005,2577.556
2013,"CT",3595.792,8,37.2,258911,"Connecticut",1,2021,2021,2021,1,1,0,"",NA,7.25,"1",228472.2,11.3,"7",8.25,145.573,2013,9,62.476,1717.764
2013,"DE",924.062,6.5,29.8,68656.8,"Delaware",1,2018,2018,2018,1,1,0,"",NA,7.25,"1",40949.5,14,"8",7.25,29.609,2013,10,16.63,413.119
2013,"FL",19551.678,7.5,27.2,880183.5,"Florida",1,2021,2023,2023,1,1,0,"lawsuit in 2021 that shut down operations",NA,7.25,"0",795425,14.9,"10",7.79,683.663,2013,12,547.595,8770.084
2013,"GA",9975.592,8.1,28.3,499900.2,"Georgia",0,NA,NA,NA,0,0,0,"",NA,7.25,"0",374489.2,16.3,"11",5.15,389.783,2013,13,253.268,4366.374
2013,"HI",1408.822,4.7,31.2,80534.9,"Hawaii",0,NA,NA,NA,0,0,0,"",NA,7.25,"1",63316.6,11.1,"12",7.25,31.866,2013,15,25.314,619.691
2013,"IA",3093.935,4.7,26.4,171069.2,"Iowa",1,2019,2019,2019,1,1,0,"",NA,7.25,"0",134463.5,10.8,"16",7.25,79.299,2013,19,50.874,1594.891
2013,"ID",1612.053,6.9,26.2,64769.8,"Idaho",0,NA,NA,NA,0,0,0,"",NA,7.25,"0",58338.3,12.9,"13",7.25,47.197,2013,16,30.348,723.636
2013,"IL",12895.778,9.1,32.1,795435.2,"Illinois",1,2019,2020,2020,1,1,0,"",NA,7.25,"1",607671.4,13.3,"14",8.25,592.724,2013,17,278.588,5956.749
2013,"IN",6570.575,7.5,23.8,333207.4,"Indiana",1,2019,2019,2019,1,1,0,"",NA,7.25,"0",260424.4,11.6,"15",7.25,244.131,2013,18,127.225,2944.275
2013,"KS",2894.306,5.3,31.1,150702.9,"Kansas",1,2022,2022,2022,1,1,0,"",NA,7.25,"0",132978.6,13.2,"17",7.25,78.7,2013,20,49.155,1407.217
2013,"KY",4406.906,7.9,22.6,196698.1,"Kentucky",1,2023,2023,2023,1,1,0,"",NA,7.25,"1",158218.4,20,"18",7.25,164.563,2013,21,190.976,1890.879
2013,"LA",4626.04,6.4,22.5,236482.3,"Louisiana",1,2021,2021,2022,1,1,0,"",NA,7.25,"0",189197.1,19.2,"19",7.25,140.877,2013,22,181.647,1960.539
2013,"MA",6715.158,6.7,40.3,486991.8,"Massachusetts",1,2022,2023,2023,1,1,0,"",NA,7.25,"1",385192,11.9,"22",8,236.035,2013,25,187.999,3276.792
2013,"MD",5925.197,6.6,37.4,364633.3,"Maryland",1,2021,2021,2021,1,1,0,"",NA,7.25,"1",314267.3,10.3,"21",7.25,205.854,2013,24,117.352,2923.498
2013,"ME",1328.543,6.7,28.2,59014,"Maine",1,2022,2023,2023,1,1,0,"",NA,7.25,"0",53346.3,12.3,"20",7.5,46.895,2013,23,37.484,658.522
2013,"MI",9914.802,8.7,26.9,472779.9,"Michigan",1,2019,2020,2021,1,1,0,"",NA,7.25,"0",390199.7,14.5,"23",7.4,415.915,2013,26,277.316,4308.03
2013,"MN",5414.722,5,33.5,329774.5,"Minnesota",0,NA,NA,NA,0,0,0,"",NA,7.25,"1",259538.9,12,"24",6.15,146.834,2013,27,93.729,2811.762
2013,"MO",6042.989,6.8,27,302025.7,"Missouri",0,NA,NA,NA,0,0,0,"",NA,7.25,"1",243582.2,13.7,"26",7.35,202.767,2013,29,142.259,2817.435
2013,"MS",2989.839,8.5,20.4,109032.7,"Mississippi",1,2017,2017,NA,0,1,0,"",NA,7.25,"0",101176.8,22.5,"25",7.25,108.725,2013,28,126.312,1163.752
2013,"MT",1014.158,5.3,29,45114.7,"Montana",1,2019,2019,NA,0,1,0,"",NA,7.25,"1",40720.8,14.5,"27",7.8,27.71,2013,30,18.647,483.071
2013,"NC",9846.717,7.8,28.4,497456.6,"North Carolina",1,2019,2019,2023,1,1,0,"retail is tribal",NA,7.25,"0",376023.9,18.6,"34",7.25,374.826,2013,37,234.257,4318.114
2013,"ND",723.149,2.9,27.1,54690.9,"North Dakota",1,2018,2018,2018,0,1,1,"",NA,7.25,"0",38860.6,9.9,"35",7.25,11.801,2013,38,8.382,394.392
2013,"NE",1865.813,3.7,29.4,111382.2,"Nebraska",1,2021,2021,NA,0,1,0,"",NA,7.25,"0",86913.9,11,"28",7.25,38.357,2013,31,27.496,979.937
2013,"NH",1327.272,5.3,34.6,75503.4,"New Hampshire",1,2019,2019,2019,1,1,0,"",NA,7.25,"1",67320.4,9,"30",7.25,37.751,2013,33,19.609,703.534
2013,"NJ",8857.821,8.4,36.6,570952.4,"New Jersey",1,2018,2018,2018,1,1,0,"",NA,7.25,"0",496464.8,11.1,"31",7.25,374.732,2013,34,180.543,4173.828
2013,"NM",2092.833,6.9,26.4,90104.1,"New Mexico",1,2018,2018,NA,0,1,1,"",NA,7.25,"0",73437.9,21.7,"32",7.5,64.095,2013,35,64.346,859.804
2013,"NV",2776.956,10,22.5,144549.3,"Nevada",1,1949,1949,2010,1,1,0,"",NA,7.25,"0",109055.1,17.4,"29",8.25,133.035,2013,32,48.465,1248.122
2013,"NY",19626.488,7.8,34.1,1501818.1,"New York",1,2013,2019,2022,1,1,0,"https://www.deucescracked.com/ny-sports-betting-guide-getting-started-2025-update/",NA,7.25,"1",1069556.2,14.5,"33",7.25,745.382,2013,36,700.175,8913.788
2013,"OH",11579.692,7.4,26.1,603057.4,"Ohio",1,2021,2021,2021,1,1,0,"",NA,7.25,"0",475776.2,13.7,"36",7.85,426.121,2013,39,311.021,5290.609
2013,"OK",3853.891,5.1,23.8,176086.8,"Oklahoma",0,NA,NA,NA,0,0,0,"",NA,7.25,"0",166063.4,14,"37",7.25,95.212,2013,40,97.647,1706.861
2013,"OR",3924.11,7.8,30.7,189609.8,"Oregon",1,2019,2019,2019,1,1,0,"",NA,7.25,"1",156977.1,15.1,"38",8.95,150.4,2013,41,83.104,1760.302
2013,"PA",12779.538,7.1,28.7,704195,"Pennsylvania",1,2017,2017,2017,1,1,0,"",NA,7.25,"0",592972.7,12.4,"39",7.25,474.6,2013,42,378.937,5967.811
2013,"RI",1055.56,9.5,32.4,57037.2,"Rhode Island",1,2018,2018,2019,1,1,0,"",NA,7.25,"0",48772.6,13.5,"40",7.75,51.556,2013,44,33.07,505.37
2013,"SC",4766.469,7.4,26.1,200147.3,"South Carolina",0,NA,NA,NA,0,0,0,"",NA,7.25,"0",170227.2,15.9,"41",7.25,167.326,2013,45,118.174,2023.642
2013,"SD",842.751,3.7,26.6,48610.1,"South Dakota",1,2021,2021,NA,0,1,0,"",NA,7.25,"0",38108.6,10.3,"42",7.25,16.795,2013,46,14.858,426.284
2013,"TN",6496.943,7.6,24.8,318347.9,"Tennessee",1,2019,NA,2019,1,0,0,"",NA,7.25,"0",256016.1,18.1,"43",7.25,238.952,2013,47,183.764,2828.479
2013,"TX",26479.646,6.3,27.5,1511806.6,"Texas",0,NA,NA,NA,0,0,0,"",NA,7.25,"0",1159721.6,16.8,"44",7.25,804.949,2013,48,665.658,12052.646
2013,"UT",2898.773,4.2,31.3,145026.9,"Utah",0,NA,NA,NA,0,0,0,"",NA,7.25,"0",106427.3,8.3,"45",7.25,64.438,2013,49,31.048,1341.192
2013,"VA",8255.861,5.5,36.1,488741.3,"Virginia",1,2020,2020,2020,1,1,0,"",NA,7.25,"0",403198.4,10.4,"47",7.25,242.095,2013,51,153.45,3995.182
2013,"VT",626.603,4.4,35.7,31494.6,"Vermont",1,2023,NA,2023,1,0,0,"",NA,7.25,"1",28768.9,8.7,"46",8.6,15.483,2013,50,15.775,334.964
2013,"WA",6966.252,6.6,32.7,439472.2,"Washington",1,2020,2020,NA,0,1,1,"tribal-only",NA,7.25,"1",336333.5,12,"48",9.19,244.027,2013,53,150.085,3219.842
2013,"WI",5738.012,6.7,27.7,301550.5,"Wisconsin",1,2021,2021,NA,0,1,1,"tribal-only",NA,7.25,"0",247744.9,11,"50",7.25,207.308,2013,55,116.703,2871.997
2013,"WV",1854.768,6.7,18.9,73949,"West Virginia",1,2018,2018,2018,1,1,0,"",NA,7.25,"1",64785,17.3,"49",7.25,54.12,2013,54,79.048,744.41
2013,"WY",582.62,4.7,26.6,38408.8,"Wyoming",1,2021,2021,2021,1,1,0,"",NA,7.25,"0",30789.6,11.8,"51",5.15,14.477,2013,56,6.89,292.131
2014,"AK",737.075,6.7,28,53303.3,"Alaska",0,NA,NA,NA,0,0,0,"",NA,7.25,"0",41110.4,11.9,"2",7.75,25.081,2014,2,12.424,340.302
2014,"AL",4843.737,6.8,23.5,206070,"Alabama",0,NA,NA,NA,0,0,0,"",NA,7.25,"0",180457.7,17.8,"1",7.25,146.552,2014,1,174.539,2014.29
2014,"AR",2968.759,5.9,21.4,121409.4,"Arkansas",1,2018,2019,2022,1,1,0,"",NA,7.25,"1",113545.5,18.4,"4",6.25,79.258,2014,5,111.464,1237.248
2014,"AZ",6732.873,6.8,27.6,301721.2,"Arizona",1,2021,2021,2021,1,1,0,"",NA,7.25,"0",257410.4,21.2,"3",7.9,210.504,2014,4,119.309,2889.38
2014,"CA",38586.706,7.6,31.7,2428675.7,"California",0,NA,NA,NA,0,0,0,"",NA,7.25,"1",2021035.6,15.8,"5",9,1403.769,2014,6,1305.589,17310.937
2014,"CO",5352.637,5,38.3,315399.1,"Colorado",1,2019,2020,2020,1,1,0,"",NA,7.25,"1",271307.5,12.3,"6",8,140.124,2014,8,72.831,2662.404
2014,"CT",3595.697,6.6,38,260605.8,"Connecticut",1,2021,2021,2021,1,1,0,"",NA,7.25,"1",239001.1,8.6,"7",8.7,124.864,2014,9,63.244,1762.564
2014,"DE",933.131,5.6,30.6,73961.8,"Delaware",1,2018,2018,2018,1,1,0,"",NA,7.25,"1",42888.3,11,"8",7.75,25.862,2014,10,16.655,426.325
2014,"FL",19853.88,6.4,27.3,905648.5,"Florida",1,2021,2023,2023,1,1,0,"lawsuit in 2021 that shut down operations",NA,7.25,"0",856161.8,16.7,"10",7.93,601.05,2014,12,560.81,8966.245
2014,"GA",10071.204,7.2,29.1,517511.9,"Georgia",0,NA,NA,NA,0,0,0,"",NA,7.25,"0",400696.1,16.8,"11",5.15,335.513,2014,13,256.197,4403.433
2014,"HI",1415.335,4.2,31,81304.9,"Hawaii",0,NA,NA,NA,0,0,0,"",NA,7.25,"1",66846.1,10.8,"12",7.25,28.97,2014,15,25.215,636.495
2014,"IA",3110.643,4.3,27.7,180310,"Iowa",1,2019,2019,2019,1,1,0,"",NA,7.25,"0",139303.3,10.3,"16",7.25,72.114,2014,19,51.223,1629.331
2014,"ID",1632.248,4.4,25,66784.9,"Idaho",0,NA,NA,NA,0,0,0,"",NA,7.25,"0",61827.3,12.4,"13",7.25,37.684,2014,16,30.451,742.302
2014,"IL",12885.092,7.2,32.8,811490.1,"Illinois",1,2019,2020,2020,1,1,0,"",NA,7.25,"1",637280,13.7,"14",8.25,461.71,2014,17,275.772,6052.151
2014,"IN",6596.019,6,24.7,343827.8,"Indiana",1,2019,2019,2019,1,1,0,"",NA,7.25,"0",270985.7,14.6,"15",7.25,192.275,2014,18,127.944,3032.497
2014,"KS",2901.861,4.5,31.5,154110.1,"Kansas",1,2022,2022,2022,1,1,0,"",NA,7.25,"0",135975.9,12.1,"17",7.25,67.719,2014,20,48.87,1424.439
2014,"KY",4416.992,6.4,22.2,196795.8,"Kentucky",1,2023,2023,2023,1,1,0,"",NA,7.25,"1",165914.7,20,"18",7.25,129.518,2014,21,188.535,1876.841
2014,"LA",4645.938,6.2,22.9,243042.9,"Louisiana",1,2021,2021,2022,1,1,0,"",NA,7.25,"0",198233.9,23.1,"19",7.25,137.093,2014,22,181.261,2014.189
2014,"MA",6764.864,5.8,41.2,496250.9,"Massachusetts",1,2022,2023,2023,1,1,0,"",NA,7.25,"1",405505.9,13.6,"22",8,204.883,2014,25,188.606,3363.438
2014,"MD",5960.064,5.7,38.2,370344,"Maryland",1,2021,2021,2021,1,1,0,"",NA,7.25,"1",325837,9.8,"21",7.25,181.486,2014,24,118.153,2941.562
2014,"ME",1331.217,5.6,29.4,59589.8,"Maine",1,2022,2023,2023,1,1,0,"",NA,7.25,"0",55650,14.6,"20",7.5,39.125,2014,23,37.628,657.188
2014,"MI",9932.033,7.2,27.4,479534.9,"Michigan",1,2019,2020,2021,1,1,0,"",NA,7.25,"0",408617.5,14.8,"23",8.15,344.367,2014,26,277.362,4417.024
2014,"MN",5452.665,4.2,34.3,338623.9,"Minnesota",0,NA,NA,NA,0,0,0,"",NA,7.25,"1",273960.6,8.3,"24",8,124.013,2014,27,94.215,2848.788
2014,"MO",6059.13,6.2,27.5,303617.9,"Missouri",0,NA,NA,NA,0,0,0,"",NA,7.25,"1",252999.6,10.4,"26",7.5,186.937,2014,29,142.743,2859.966
2014,"MS",2991.892,7.6,21.1,109299.6,"Mississippi",1,2017,2017,NA,0,1,0,"",NA,7.25,"0",103310.8,22.1,"25",7.25,93.83,2014,28,125.605,1156.341
2014,"MT",1022.657,4.6,29.3,46166.7,"Montana",1,2019,2019,NA,0,1,0,"",NA,7.25,"1",42817.5,12,"27",7.9,23.909,2014,30,18.249,488.336
2014,"NC",9937.295,6.1,28.7,509782.4,"North Carolina",1,2019,2019,2023,1,1,0,"retail is tribal",NA,7.25,"0",397996,17.1,"34",7.25,296.467,2014,37,235.256,4400.314
2014,"ND",738.736,2.7,27.4,60193,"North Dakota",1,2018,2018,2018,0,1,1,"",NA,7.25,"0",41526.2,9.7,"35",7.25,11.023,2014,38,8.237,402.521
2014,"NE",1879.955,3.2,29.5,115651.9,"Nebraska",1,2021,2021,NA,0,1,0,"",NA,7.25,"0",91999,11.8,"28",7.25,33.201,2014,31,27.683,977.617
2014,"NH",1334.257,4.3,35,76836.2,"New Hampshire",1,2019,2019,2019,1,1,0,"",NA,7.25,"1",70225.1,7.2,"30",7.25,31.769,2014,33,19.656,711.551
2014,"NJ",8867.277,6.7,37.4,570696.4,"New Jersey",1,2018,2018,2018,1,1,0,"",NA,7.25,"0",520079,11.3,"31",8.25,303.497,2014,34,181.864,4183.541
2014,"NM",2090.236,6.6,26.4,92621.1,"New Mexico",1,2018,2018,NA,0,1,1,"",NA,7.25,"0",77747.6,20,"32",7.5,62.194,2014,35,64.072,869.558
2014,"NV",2818.935,8.2,23.1,145303.6,"Nevada",1,1949,1949,2010,1,1,0,"",NA,7.25,"0",116945.3,17,"29",8.25,109.961,2014,32,50.714,1278.808
2014,"NY",19653.431,6.3,34.5,1535376,"New York",1,2013,2019,2022,1,1,0,"https://www.deucescracked.com/ny-sports-betting-guide-getting-started-2025-update/",NA,7.25,"1",1115351.8,14,"33",8,603.72,2014,36,654.316,8925.698
2014,"OH",11606.573,5.8,26.6,624973.4,"Ohio",1,2021,2021,2021,1,1,0,"",NA,7.25,"0",496069.1,15.6,"36",7.95,331.318,2014,39,313.17,5373.053
2014,"OK",3879.187,4.3,24.2,186574.5,"Oklahoma",0,NA,NA,NA,0,0,0,"",NA,7.25,"0",176621.9,17.3,"37",7.25,80.632,2014,40,96.969,1717.628
2014,"OR",3965.447,6.6,30.8,195808.2,"Oregon",1,2019,2019,2019,1,1,0,"",NA,7.25,"1",168408.8,14.4,"38",9.1,131.345,2014,41,85.051,1805.524
2014,"PA",12792.392,6,29,718691.6,"Pennsylvania",1,2017,2017,2017,1,1,0,"",NA,7.25,"0",619387.1,12.5,"39",7.25,374.432,2014,42,373.914,6017.923
2014,"RI",1056.511,7.8,30.4,57602.7,"Rhode Island",1,2018,2018,2019,1,1,0,"",NA,7.25,"1",50863.3,11.3,"40",8,42.826,2014,44,33.345,513.753
2014,"SC",4826.858,6.3,26.3,206077.9,"South Carolina",0,NA,NA,NA,0,0,0,"",NA,7.25,"0",181483.1,16.5,"41",7.25,143.753,2014,45,118.245,2078.592
2014,"SD",849.67,3.3,27.8,49640.9,"South Dakota",1,2021,2021,NA,0,1,0,"",NA,7.25,"0",39872.2,12.8,"42",7.25,15.333,2014,46,14.88,431.382
2014,"TN",6544.617,6.6,25.3,323879.6,"Tennessee",1,2019,NA,2019,1,0,0,"",NA,7.25,"0",266873.5,17.3,"43",7.25,199.135,2014,47,183.778,2825.051
2014,"TX",26963.092,5.2,27.8,1559636.1,"Texas",0,NA,NA,NA,0,0,0,"",NA,7.25,"0",1248709.9,16.4,"44",7.25,665.28,2014,48,665.989,12374.172
2014,"UT",2938.327,3.6,31.1,150076.3,"Utah",0,NA,NA,NA,0,0,0,"",NA,7.25,"0",113140.9,10.2,"45",7.25,54.429,2014,49,31.163,1372.636
2014,"VA",8315.43,5.1,36.7,488918.6,"Virginia",1,2020,2020,2020,1,1,0,"",NA,7.25,"1",421873.6,10.2,"47",7.25,221.709,2014,51,155.434,4019.47
2014,"VT",625.693,3.9,34.9,31847.7,"Vermont",1,2023,NA,2023,1,0,0,"",NA,7.25,"1",29886.8,9.3,"46",8.73,13.675,2014,50,15.825,333.383
2014,"WA",7057.531,5.9,33.1,456186.5,"Washington",1,2020,2020,NA,0,1,1,"tribal-only",NA,7.25,"1",363326.7,12,"48",9.32,213.947,2014,53,151.18,3277.54
2014,"WI",5753.199,5.4,28.4,309425.8,"Wisconsin",1,2021,2021,NA,0,1,1,"tribal-only",NA,7.25,"0",258489.4,10.9,"50",7.25,166.551,2014,55,117.641,2914.992
2014,"WV",1850.569,6.5,19.2,74111.3,"West Virginia",1,2018,2018,2018,1,1,0,"",NA,7.25,"1",66863.6,20.6,"49",7.25,52.349,2014,54,77.725,736.472
2014,"WY",583.159,4.4,26.6,39287.3,"Wyoming",1,2021,2021,2021,1,1,0,"",NA,7.25,"0",33035.4,9.7,"51",5.15,12.668,2014,56,6.807,293.302
2015,"AK",738.43,6.3,29.7,53681.1,"Alaska",0,NA,NA,NA,0,0,0,"",NA,7.25,"0",42505.8,9.2,"2",8.75,23.651,2015,2,12.515,339.619
2015,"AL",4854.803,6.1,24.2,208950.3,"Alabama",0,NA,NA,NA,0,0,0,"",NA,7.25,"0",188711.4,16.3,"1",7.25,131.476,2015,1,170.844,2030.005
2015,"AR",2979.732,5,21.8,121532.5,"Arkansas",1,2018,2019,2022,1,1,0,"",NA,7.25,"0",117671.8,16.1,"4",7.5,66.922,2015,5,110.053,1264.455
2015,"AZ",6832.81,6.1,27.7,308582.8,"Arizona",1,2021,2021,2021,1,1,0,"",NA,7.25,"0",271258,17.2,"3",8.05,191.814,2015,4,119.715,2972.014
2015,"CA",38904.296,6.2,32.3,2545979.5,"California",0,NA,NA,NA,0,0,0,"",NA,7.25,"1",2172930.2,13.9,"5",9,1168.112,2015,6,1292.302,17660.651
2015,"CO",5454.328,3.7,39.2,330526.2,"Colorado",1,2019,2020,2020,1,1,0,"",NA,7.25,"1",284819.6,9.9,"6",8.23,110.29,2015,8,72.806,2714.821
2015,"CT",3588.561,5.6,38.3,268869.8,"Connecticut",1,2021,2021,2021,1,1,0,"",NA,7.25,"1",245244,9.1,"7",9.15,108.079,2015,9,63.736,1780.915
2015,"DE",942.065,4.8,30.9,76211.2,"Delaware",1,2018,2018,2018,1,1,0,"",NA,7.25,"1",45196.4,11.1,"8",8.25,22.631,2015,10,16.88,442.855
2015,"FL",20219.111,5.5,28.4,945929,"Florida",1,2021,2023,2023,1,1,0,"lawsuit in 2021 that shut down operations",NA,7.25,"0",914928.4,16.2,"10",8.05,523.406,2015,12,571.293,9070.977
2015,"GA",10183.353,6.1,29.9,540108.5,"Georgia",0,NA,NA,NA,0,0,0,"",NA,7.25,"0",425498.4,18.1,"11",5.15,285.903,2015,13,258.401,4482.922
2015,"HI",1422.999,3.4,31.4,83857.7,"Hawaii",0,NA,NA,NA,0,0,0,"",NA,7.25,"1",70376.2,10.9,"12",7.75,24.006,2015,15,24.778,649.808
2015,"IA",3122.541,3.7,26.8,185989.2,"Iowa",1,2019,2019,2019,1,1,0,"",NA,7.25,"0",144493.6,10.4,"16",7.25,63.843,2015,19,51.059,1634.249
2015,"ID",1652.495,3.9,26,67790.6,"Idaho",0,NA,NA,NA,0,0,0,"",NA,7.25,"0",65683.4,12.3,"13",7.25,32.617,2015,16,30.774,762.07
2015,"IL",12859.585,6,32.9,825424.9,"Illinois",1,2019,2020,2020,1,1,0,"",NA,7.25,"0",665490.1,10.9,"14",8.25,388.089,2015,17,274.621,6117.766
2015,"IN",6611.442,4.8,24.9,341205.2,"Indiana",1,2019,2019,2019,1,1,0,"",NA,7.25,"0",281848.5,13.5,"15",7.25,158.018,2015,18,128.781,3108.735
2015,"KS",2910.717,4.2,31.7,158602.6,"Kansas",1,2022,2022,2022,1,1,0,"",NA,7.25,"0",137721.2,14.2,"17",7.25,62.223,2015,20,48.36,1427.337
2015,"KY",4429.126,5.3,23.3,199487.1,"Kentucky",1,2023,2023,2023,1,1,0,"",NA,7.25,"1",173495.8,19.5,"18",7.25,104.876,2015,21,184.103,1876.497
2015,"LA",4666.998,6.3,23.2,239584.2,"Louisiana",1,2021,2021,2022,1,1,0,"",NA,7.25,"0",200110.3,18.6,"19",7.25,136.614,2015,22,178.954,2021.509
2015,"MA",6797.484,4.8,41.5,514398.8,"Massachusetts",1,2022,2023,2023,1,1,0,"",NA,7.25,"0",432237.4,11.5,"22",9,172.2,2015,25,188.207,3417.113
2015,"MD",5988.528,5,38.8,378745.9,"Maryland",1,2021,2021,2021,1,1,0,"",NA,7.25,"0",341389.9,9.6,"21",8.25,159.743,2015,24,120.254,2981.859
2015,"ME",1329.098,4.4,30.1,60563,"Maine",1,2022,2023,2023,1,1,0,"",NA,7.25,"0",57941.8,12.3,"20",7.5,29.984,2015,23,37.328,653.259
2015,"MI",9934.483,5.4,27.8,490618.7,"Michigan",1,2019,2020,2021,1,1,0,"",NA,7.25,"0",431805.5,12.8,"23",8.15,258.403,2015,26,275.866,4500.448
2015,"MN",5484.002,3.8,34.7,345456.3,"Minnesota",0,NA,NA,NA,0,0,0,"",NA,7.25,"1",287012.3,7.8,"24",9,110.852,2015,27,94.146,2889.488
2015,"MO",6075.411,5.1,27.8,308009.9,"Missouri",0,NA,NA,NA,0,0,0,"",NA,7.25,"1",262012.6,9.8,"26",7.65,154.723,2015,29,140.271,2920.639
2015,"MS",2990.231,6.5,20.8,109401.7,"Mississippi",1,2017,2017,NA,0,1,0,"",NA,7.25,"0",105212.7,19.1,"25",7.25,80.747,2015,28,123.207,1184.093
2015,"MT",1031.495,4.2,30.6,47765.6,"Montana",1,2019,2019,NA,0,1,0,"",NA,7.25,"1",44956.1,11.9,"27",8.05,21.614,2015,30,18.312,496.042
2015,"NC",10037.218,5.7,29.4,525229.1,"North Carolina",1,2019,2019,2023,1,1,0,"retail is tribal",NA,7.25,"0",419717.4,15.3,"34",7.25,272.213,2015,37,235.704,4497.906
2015,"ND",755.537,2.8,29.1,58694.5,"North Dakota",1,2018,2018,2018,0,1,1,"",NA,7.25,"0",40540,10.7,"35",7.25,11.548,2015,38,8.198,401.409
2015,"NE",1892.059,3,30.2,119640.9,"Nebraska",1,2021,2021,NA,0,1,0,"",NA,7.25,"0",95935.5,10.3,"28",8,30.281,2015,31,27.909,976.735
2015,"NH",1337.48,3.4,35.7,79319.3,"New Hampshire",1,2019,2019,2019,1,1,0,"",NA,7.25,"1",72874.8,7.3,"30",7.25,25.118,2015,33,19.588,720.583
2015,"NJ",8870.312,5.7,37.6,581415,"New Jersey",1,2018,2018,2018,1,1,0,"",NA,7.25,"0",542298.8,11.2,"31",8.38,259.67,2015,34,182.247,4227.638
2015,"NM",2090.071,6.6,26.5,93503.9,"New Mexico",1,2018,2018,NA,0,1,1,"",NA,7.25,"0",80061.7,19.7,"32",7.5,60.776,2015,35,64.175,874.206
2015,"NV",2868.531,6.9,23.6,151055.9,"Nevada",1,1949,1949,2010,1,1,0,"",NA,7.25,"0",127046.8,13,"29",8.25,94.932,2015,32,53.44,1312.816
2015,"NY",19657.321,5.2,35,1565835.2,"New York",1,2013,2019,2022,1,1,0,"https://www.deucescracked.com/ny-sports-betting-guide-getting-started-2025-update/",NA,7.25,"1",1164400.3,14.2,"33",8.75,504.183,2015,36,648.707,9054.569
2015,"OH",11622.315,5,26.8,633274.8,"Ohio",1,2021,2021,2021,1,1,0,"",NA,7.25,"0",515871.4,13.6,"36",8.1,279.826,2015,39,312.351,5419.361
2015,"OK",3910.518,4.3,24.6,193792.6,"Oklahoma",0,NA,NA,NA,0,0,0,"",NA,7.25,"0",172770.1,14.2,"37",7.25,80.723,2015,40,96.921,1751.434
2015,"OR",4018.542,5.5,32.2,205581.8,"Oregon",1,2019,2019,2019,1,1,0,"",NA,7.25,"1",181367,11.9,"38",9.25,110.812,2015,41,86.153,1867.302
2015,"PA",12789.838,5.4,29.7,734145.1,"Pennsylvania",1,2017,2017,2017,1,1,0,"",NA,7.25,"1",644445.8,12.3,"39",7.25,339.484,2015,42,368.212,6073.961
2015,"RI",1056.886,6,32.7,58388,"Rhode Island",1,2018,2018,2019,1,1,0,"",NA,7.25,"1",52739.2,11.8,"40",9,33.217,2015,44,33.114,521.209
2015,"SC",4896.006,5.9,26.8,213212.4,"South Carolina",0,NA,NA,NA,0,0,0,"",NA,7.25,"0",192966.8,14.3,"41",7.25,135.838,2015,45,118.08,2137.158
2015,"SD",854.663,3,27.5,50860.7,"South Dakota",1,2021,2021,NA,0,1,0,"",NA,7.25,"0",41570.7,13.9,"42",8.5,13.943,2015,46,14.834,435.901
2015,"TN",6595.354,5.5,25.7,335461.1,"Tennessee",1,2019,NA,2019,1,0,0,"",NA,7.25,"0",280955.2,14.7,"43",7.25,172.156,2015,47,181.992,2885.145
2015,"TX",27468.531,4.5,28.4,1634127.1,"Texas",0,NA,NA,NA,0,0,0,"",NA,7.25,"0",1278809.8,14.7,"44",7.25,581.62,2015,48,666.218,12505.617
2015,"UT",2983.626,3.5,31.8,155431.5,"Utah",0,NA,NA,NA,0,0,0,"",NA,7.25,"0",121954.1,9.3,"45",7.25,52.95,2015,49,31.365,1407.186
2015,"VA",8367.303,4.4,37,498943.6,"Virginia",1,2020,2020,2020,1,1,0,"",NA,7.25,"1",441016.7,10.9,"47",7.25,187.878,2015,51,156.517,4028.801
2015,"VT",625.81,3.5,36.9,32042.9,"Vermont",1,2023,NA,2023,1,0,0,"",NA,7.25,"1",30882.3,10.7,"46",9.15,12.265,2015,50,15.664,332.432
2015,"WA",7167.287,5.4,34.2,476715.4,"Washington",1,2020,2020,NA,0,1,1,"tribal-only",NA,7.25,"1",385904.8,11.4,"48",9.47,200.221,2015,53,151.062,3350.352
2015,"WI",5762.927,4.4,28.4,315687.8,"Wisconsin",1,2021,2021,NA,0,1,1,"tribal-only",NA,7.25,"0",269952.1,11.4,"50",7.25,140.591,2015,55,118.556,2951.132
2015,"WV",1843.332,6.5,19.6,74261.4,"West Virginia",1,2018,2018,2018,1,1,0,"",NA,7.25,"1",68269.1,14.5,"49",8,52.649,2015,54,76.375,728.778
2015,"WY",586.389,4.3,26.2,40063.9,"Wyoming",1,2021,2021,2021,1,1,0,"",NA,7.25,"0",33274.6,9.8,"51",5.15,13.125,2015,56,6.697,290.987
2016,"AK",742.575,6.6,29.6,53463.9,"Alaska",0,NA,NA,NA,0,0,0,"",NA,7.25,"0",41745.6,12.6,"2",9.75,24.812,2016,2,12.468,336.979
2016,"AL",4866.824,5.8,24.7,212862.8,"Alabama",0,NA,NA,NA,0,0,0,"",NA,7.25,"0",192281.9,16.2,"1",7.25,127.307,2016,1,167.371,2055.251
2016,"AR",2991.815,4,22.4,123034.9,"Arkansas",1,2018,2019,2022,1,1,0,"",NA,7.25,"0",120748.2,16,"4",8,53.106,2016,5,108.596,1286.419
2016,"AZ",6944.767,5.5,28.9,319008.4,"Arizona",1,2021,2021,2021,1,1,0,"",NA,7.25,"0",283199.3,16.1,"3",8.05,173.277,2016,4,118.913,3063.017
2016,"CA",39149.186,5.5,32.9,2623711.7,"California",0,NA,NA,NA,0,0,0,"",NA,7.25,"1",2273557.5,13.9,"5",10,1041.096,2016,6,1277.078,17980.08
2016,"CO",5543.844,3.1,39.9,337685.2,"Colorado",1,2019,2020,2020,1,1,0,"",NA,7.25,"1",290669.6,8.5,"6",8.31,94.711,2016,8,72.576,2796.966
2016,"CT",3579.83,4.9,38.6,268196.2,"Connecticut",1,2021,2021,2021,1,1,0,"",NA,7.25,"1",250178.6,9.8,"7",9.6,97.309,2016,9,64.607,1794.477
2016,"DE",949.989,4.5,31,71941.4,"Delaware",1,2018,2018,2018,1,1,0,"",NA,7.25,"1",46341.8,11.6,"8",8.25,21.326,2016,10,16.884,450.526
2016,"FL",20627.237,4.9,28.6,978989.8,"Florida",1,2021,2023,2023,1,1,0,"lawsuit in 2021 that shut down operations",NA,7.25,"0",949718,13,"10",8.05,470.057,2016,12,575.195,9335.87
2016,"GA",10308.442,5.5,30.5,561718.3,"Georgia",0,NA,NA,NA,0,0,0,"",NA,7.25,"0",441905.5,15.4,"11",5.15,263.852,2016,13,258.528,4649.755
2016,"HI",1428.885,2.9,31.9,85670.4,"Hawaii",0,NA,NA,NA,0,0,0,"",NA,7.25,"1",73048,9.3,"12",8.5,20.167,2016,15,24.221,663.056
2016,"IA",3133.21,3.6,28.4,186729.9,"Iowa",1,2019,2019,2019,1,1,0,"",NA,7.25,"0",145756.4,9.8,"16",7.25,61.113,2016,19,50.958,1628.686
2016,"ID",1684.036,3.7,27.6,70442.5,"Idaho",0,NA,NA,NA,0,0,0,"",NA,7.25,"0",68248.4,11.1,"13",7.25,30.777,2016,16,30.712,783.891
2016,"IL",12821.709,5.9,34,826404.7,"Illinois",1,2019,2020,2020,1,1,0,"",NA,7.25,"0",672019.9,12.1,"14",8.25,380.337,2016,17,272.247,6161.676
2016,"IN",6637.898,4.4,25.6,348439.2,"Indiana",1,2019,2019,2019,1,1,0,"",NA,7.25,"0",289731.4,11.8,"15",7.25,147.288,2016,18,128.34,3181.085
2016,"KS",2912.977,4.1,32.8,164643.7,"Kansas",1,2022,2022,2022,1,1,0,"",NA,7.25,"0",137945.1,11.2,"17",7.25,59.903,2016,20,48.064,1423.73
2016,"KY",4440.306,5.1,23.4,201007.2,"Kentucky",1,2023,2023,2023,1,1,0,"",NA,7.25,"0",176435.1,15.2,"18",7.25,103.182,2016,21,180.639,1911.978
2016,"LA",4681.346,6,23.4,235554.2,"Louisiana",1,2021,2021,2022,1,1,0,"",NA,7.25,"1",198952,20.2,"19",7.25,128.731,2016,22,177.526,1992.249
2016,"MA",6827.28,4,42.7,521662.8,"Massachusetts",1,2022,2023,2023,1,1,0,"",NA,7.25,"0",448480.5,9.6,"22",10,139.977,2016,25,186.783,3477.553
2016,"MD",6007.014,4.3,39.3,391951,"Maryland",1,2021,2021,2021,1,1,0,"",NA,7.25,"0",354260.6,7.1,"21",8.75,140.961,2016,24,120.67,3025.243
2016,"ME",1332.348,3.8,30.1,62037.1,"Maine",1,2022,2023,2023,1,1,0,"",NA,7.25,"0",59685.4,12.7,"20",7.5,26.145,2016,23,37.313,664.838
2016,"MI",9954.117,5,28.3,500159.6,"Michigan",1,2019,2020,2021,1,1,0,"",NA,7.25,"0",444166.8,11.1,"23",8.5,241.189,2016,26,274.059,4605.82
2016,"MN",5525.36,3.9,34.8,350603.6,"Minnesota",0,NA,NA,NA,0,0,0,"",NA,7.25,"1",293162.5,8.7,"24",9.5,117.057,2016,27,93.806,2918.185
2016,"MO",6091.384,4.6,28.5,308423.3,"Missouri",0,NA,NA,NA,0,0,0,"",NA,7.25,"1",269771.2,13,"26",7.65,140.261,2016,29,138.515,2941.072
2016,"MS",2990.595,6,21.8,109911,"Mississippi",1,2017,2017,NA,0,1,0,"",NA,7.25,"0",106585.1,21.1,"25",7.25,74.075,2016,28,120.696,1204.372
2016,"MT",1042.137,4.3,31,47189.6,"Montana",1,2019,2019,NA,0,1,0,"",NA,7.25,"1",45822.5,11.7,"27",8.05,21.667,2016,30,18.287,500.83
2016,"NC",10161.802,5.1,30.4,536308.5,"North Carolina",1,2019,2019,2023,1,1,0,"retail is tribal",NA,7.25,"0",434789,13.6,"34",7.25,246.576,2016,37,233.263,4613.476
2016,"ND",756.114,3,29.6,54756,"North Dakota",1,2018,2018,2018,0,1,1,"",NA,7.25,"0",39104,11.1,"35",7.25,12.778,2016,38,8.206,399.691
2016,"NE",1906.483,3.1,31.4,121303.1,"Nebraska",1,2021,2021,NA,0,1,0,"",NA,7.25,"0",94547.5,9.6,"28",9,30.965,2016,31,27.867,978.237
2016,"NH",1343.694,2.9,36.6,80736.1,"New Hampshire",1,2019,2019,2019,1,1,0,"",NA,7.25,"1",75858.2,6.4,"30",7.25,21.434,2016,33,19.262,730.066
2016,"NJ",8873.584,4.9,38.6,587049.7,"New Jersey",1,2018,2018,2018,1,1,0,"",NA,7.25,"0",557461.9,9.4,"31",8.38,222.57,2016,34,182.381,4251.211
2016,"NM",2092.555,6.8,27.2,93043.5,"New Mexico",1,2018,2018,NA,0,1,1,"",NA,7.25,"0",81626.5,17.8,"32",7.5,61.753,2016,35,63.636,874.97
2016,"NV",2919.555,5.8,23.5,156007.4,"Nevada",1,1949,1949,2010,1,1,0,"",NA,7.25,"0",132315,10.1,"29",8.25,81.193,2016,32,55.199,1344.258
2016,"NY",19636.391,4.9,35.7,1590567.8,"New York",1,2013,2019,2022,1,1,0,"https://www.deucescracked.com/ny-sports-betting-guide-getting-started-2025-update/",NA,7.25,"1",1205507.2,11.9,"33",9,463.671,2016,36,644.944,9088.257
2016,"OH",11640.06,5.1,27.5,638157.5,"Ohio",1,2021,2021,2021,1,1,0,"",NA,7.25,"0",526177.2,13.7,"36",8.1,288.59,2016,39,310.318,5454.611
2016,"OK",3928.143,4.7,25.2,190093.5,"Oklahoma",0,NA,NA,NA,0,0,0,"",NA,7.25,"0",164463.4,14.6,"37",7.25,87.946,2016,40,96.368,1743.766
2016,"OR",4093.271,4.8,32.7,214769.3,"Oregon",1,2019,2019,2019,1,1,0,"",NA,7.25,"1",190534.2,11.8,"38",9.75,98.556,2016,41,87.343,1948.757
2016,"PA",12788.468,5.3,30.8,744847.1,"Pennsylvania",1,2017,2017,2017,1,1,0,"",NA,7.25,"1",662352.9,11.1,"39",7.25,346.693,2016,42,363.371,6102.096
2016,"RI",1057.816,5.2,34.1,58630,"Rhode Island",1,2018,2018,2019,1,1,0,"",NA,7.25,"1",53530.2,11.4,"40",9.6,28.684,2016,44,33.228,524.493
2016,"SC",4963.031,4.9,27.2,220559.4,"South Carolina",0,NA,NA,NA,0,0,0,"",NA,7.25,"0",201138.8,14.1,"41",7.25,115.213,2016,45,117.205,2181.587
2016,"SD",863.693,3,28.9,51264.3,"South Dakota",1,2021,2021,NA,0,1,0,"",NA,7.25,"0",42049,14.5,"42",8.55,13.492,2016,46,14.718,439.302
2016,"TN",6651.277,4.7,26.1,343544.9,"Tennessee",1,2019,NA,2019,1,0,0,"",NA,7.25,"0",289936,14.9,"43",7.25,147.178,2016,47,180.057,2976.105
2016,"TX",27914.064,4.7,28.9,1633863.3,"Texas",0,NA,NA,NA,0,0,0,"",NA,7.25,"0",1278552.1,13.8,"44",7.25,615.352,2016,48,657.595,12720.226
2016,"UT",3044.241,3.3,32.6,162528.3,"Utah",0,NA,NA,NA,0,0,0,"",NA,7.25,"0",128900.6,8.6,"45",7.25,51.906,2016,49,31.323,1453.543
2016,"VA",8417.651,4,38.1,505107.7,"Virginia",1,2020,2020,2020,1,1,0,"",NA,7.25,"1",452400.5,11.4,"47",7.25,173.665,2016,51,156.523,4069.395
2016,"VT",624.366,3.1,36.4,32312.7,"Vermont",1,2023,NA,2023,1,0,0,"",NA,7.25,"1",31445,9.6,"46",9.6,11.12,2016,50,15.617,333.628
2016,"WA",7299.961,5.2,35.1,495724.9,"Washington",1,2020,2020,NA,0,1,1,"tribal-only",NA,7.25,"1",407060.4,11,"48",9.47,191.465,2016,53,150.57,3452.854
2016,"WI",5775.17,3.9,29.5,319272.3,"Wisconsin",1,2021,2021,NA,0,1,1,"tribal-only",NA,7.25,"0",274764.7,10.7,"50",7.25,124.97,2016,55,117.819,2998.625
2016,"WV",1832.435,6.1,20.8,73513.3,"West Virginia",1,2018,2018,2018,1,1,0,"",NA,7.25,"1",67928.7,18,"49",8.75,47.752,2016,54,74.707,734.547
2016,"WY",585.243,5.3,27.1,37853.5,"Wyoming",1,2021,2021,2021,1,1,0,"",NA,7.25,"0",31645.7,10.9,"51",5.15,16.059,2016,56,6.702,284.285
2017,"AK",740.983,6.6,28.8,53550.9,"Alaska",0,NA,NA,NA,0,0,0,"",NA,7.25,"0",42454.4,14.4,"2",9.8,24.85,2017,2,12.572,334.449
2017,"AL",4877.989,4.5,25.5,216615.5,"Alabama",0,NA,NA,NA,0,0,0,"",NA,7.25,"0",199999.8,15,"1",7.25,96.496,2017,1,165.002,2090.373
2017,"AR",3003.855,3.7,23.4,123882.6,"Arkansas",1,2018,2019,2022,1,1,0,"",NA,7.25,"0",125025.7,14.8,"4",8.5,49.8,2017,5,107.563,1297.215
2017,"AZ",7048.088,5,29.4,333099,"Arizona",1,2021,2021,2021,1,1,0,"",NA,7.25,"0",300007.5,13.2,"3",10,161.316,2017,4,119.378,3160.248
2017,"CA",39337.785,4.8,33.6,2740550.3,"California",0,NA,NA,NA,0,0,0,"",NA,7.25,"1",2383130.5,12.4,"5",10,919.268,2017,6,1262.537,18257.103
2017,"CO",5617.421,2.6,41.2,350209.1,"Colorado",1,2019,2020,2020,1,1,0,"",NA,7.25,"1",312045.5,7.7,"6",9.3,83.773,2017,8,73.309,2902.749
2017,"CT",3575.324,4.4,38.7,273875.1,"Connecticut",1,2021,2021,2021,1,1,0,"",NA,7.25,"1",256348.8,10.9,"7",10.1,89.311,2017,9,65.801,1808.328
2017,"DE",957.942,4.4,31.5,69555.6,"Delaware",1,2018,2018,2018,1,1,0,"",NA,7.25,"1",48604.3,9.2,"8",8.25,21.342,2017,10,16.911,454.928
2017,"FL",20977.089,4.3,29.7,1014866.9,"Florida",1,2021,2023,2023,1,1,0,"lawsuit in 2021 that shut down operations",NA,7.25,"0",1016819,13.7,"10",8.1,424.105,2017,12,578.733,9639.326
2017,"GA",10417.031,4.8,30.9,583543.3,"Georgia",0,NA,NA,NA,0,0,0,"",NA,7.25,"0",467359.4,13.3,"11",5.15,236.554,2017,13,259.666,4812.097
2017,"HI",1425.763,2.2,32.9,87436.4,"Hawaii",0,NA,NA,NA,0,0,0,"",NA,7.25,"1",76109.6,10.3,"12",9.25,16.645,2017,15,23.922,667.154
2017,"IA",3143.734,3.1,28.9,187125,"Iowa",1,2019,2019,2019,1,1,0,"",NA,7.25,"0",149732.3,9.1,"16",7.25,52.218,2017,19,51.151,1620.442
2017,"ID",1719.745,3.2,26.8,72935.2,"Idaho",0,NA,NA,NA,0,0,0,"",NA,7.25,"0",72605,11.7,"13",7.25,26.759,2017,16,30.862,807.147
2017,"IL",12779.893,5,34.4,832826.8,"Illinois",1,2019,2020,2020,1,1,0,"",NA,7.25,"0",693273.7,10.9,"14",8.25,319.277,2017,17,270.954,6159.03
2017,"IN",6662.068,3.5,26.8,357535.8,"Indiana",1,2019,2019,2019,1,1,0,"",NA,7.25,"0",301238.3,11.4,"15",7.25,119.006,2017,18,128.475,3215.427
2017,"KS",2910.892,3.6,33.7,166273.6,"Kansas",1,2022,2022,2022,1,1,0,"",NA,7.25,"0",142185.7,14.7,"17",7.25,53.836,2017,20,48.238,1422.274
2017,"KY",4455.59,4.8,24,203564,"Kentucky",1,2023,2023,2023,1,1,0,"",NA,7.25,"0",182116,14.4,"18",7.25,100.561,2017,21,177.903,1952.513
2017,"LA",4673.673,5.1,23.8,239830.7,"Louisiana",1,2021,2021,2022,1,1,0,"",NA,7.25,"1",205188,21.4,"19",7.25,107.784,2017,22,177.306,1995.433
2017,"MA",6863.56,3.8,43.4,530129.5,"Massachusetts",1,2022,2023,2023,1,1,0,"",NA,7.25,"0",469500.7,10.6,"22",11,138.178,2017,25,186.306,3551.388
2017,"MD",6028.186,4.1,39.7,399714.5,"Maryland",1,2021,2021,2021,1,1,0,"",NA,7.25,"0",365997.5,7.8,"21",8.75,135.695,2017,24,122.271,3068.886
2017,"ME",1335.743,3.4,32.1,63000.6,"Maine",1,2022,2023,2023,1,1,0,"",NA,7.25,"0",62145.8,12,"20",9,23.545,2017,23,37.303,674.003
2017,"MI",9976.752,4.6,29.1,505101.5,"Michigan",1,2019,2020,2021,1,1,0,"",NA,7.25,"0",458247.1,12.7,"23",8.9,225.387,2017,26,274.896,4658.713
2017,"MN",5569.283,3.4,36.1,354721.9,"Minnesota",0,NA,NA,NA,0,0,0,"",NA,7.25,"1",305921.2,9.2,"24",9.5,103.918,2017,27,93.851,2953.44
2017,"MO",6111.382,3.8,29.1,311273.8,"Missouri",0,NA,NA,NA,0,0,0,"",NA,7.25,"0",276887.6,11.1,"26",7.7,114.569,2017,29,137.771,2948.905
2017,"MS",2990.674,5.2,21.9,110281.4,"Mississippi",1,2017,2017,NA,0,1,0,"",NA,7.25,"0",109189.5,18.3,"25",7.25,65.049,2017,28,119.584,1212.553
2017,"MT",1053.862,4.1,32.3,48470.5,"Montana",1,2019,2019,NA,0,1,0,"",NA,7.25,"1",48623.3,9.7,"27",8.15,20.704,2017,30,18.232,504.871
2017,"NC",10275.758,4.6,31.3,546810.2,"North Carolina",1,2019,2019,2023,1,1,0,"retail is tribal",NA,7.25,"1",455997.1,14.5,"34",7.25,220.494,2017,37,232.314,4715.754
2017,"ND",756.755,2.6,30.7,56530.2,"North Dakota",1,2018,2018,2018,0,1,1,"",NA,7.25,"0",39812.9,11.3,"35",7.25,10.929,2017,38,8.452,398.823
2017,"NE",1916.998,3,31.7,123219.9,"Nebraska",1,2021,2021,NA,0,1,0,"",NA,7.25,"0",97032.4,10.4,"28",9,29.542,2017,31,28.249,982.435
2017,"NH",1350.395,2.8,36.9,81179.6,"New Hampshire",1,2019,2019,2019,1,1,0,"",NA,7.25,"0",79253.4,6.6,"30",7.25,20.477,2017,33,19.028,734.205
2017,"NJ",8888.147,4.5,39.7,590086.8,"New Jersey",1,2018,2018,2018,1,1,0,"",NA,7.25,"0",577407.8,8.6,"31",8.44,205.939,2017,34,181.806,4248.743
2017,"NM",2092.844,6.1,27.1,93210.1,"New Mexico",1,2018,2018,NA,0,1,1,"",NA,7.25,"0",83141.6,18.6,"32",7.5,54.817,2017,35,63.667,880.442
2017,"NV",2972.097,5,24.9,163199.1,"Nevada",1,1949,1949,2010,1,1,0,"",NA,7.25,"0",141515.9,13.7,"29",8.25,73.126,2017,32,55.841,1387.628
2017,"NY",19593.849,4.6,36,1624800.7,"New York",1,2013,2019,2022,1,1,0,"https://www.deucescracked.com/ny-sports-betting-guide-getting-started-2025-update/",NA,7.25,"1",1289263.2,13.4,"33",9.7,448.102,2017,36,638.132,9100.976
2017,"OH",11665.706,4.9,28,652187.5,"Ohio",1,2021,2021,2021,1,1,0,"",NA,7.25,"0",546006,12.7,"36",8.15,287.186,2017,39,310.312,5491.543
2017,"OK",3933.602,4,25.5,192538.6,"Oklahoma",0,NA,NA,NA,0,0,0,"",NA,7.25,"0",172169.5,12.6,"37",7.25,77.515,2017,40,96.794,1758.21
2017,"OR",4147.294,4.1,33.7,225534.6,"Oregon",1,2019,2019,2019,1,1,0,"",NA,7.25,"1",202051.5,10.2,"38",9.75,85.976,2017,41,88.601,2002.804
2017,"PA",12794.679,5,31.4,754318.1,"Pennsylvania",1,2017,2017,2017,1,1,0,"",NA,7.25,"1",681658.5,11.2,"39",7.25,313.066,2017,42,360.941,6112.981
2017,"RI",1056.554,4.5,33.5,58771.6,"Rhode Island",1,2018,2018,2019,1,1,0,"",NA,7.25,"1",55574.7,12.2,"40",9.6,24.376,2017,44,33.121,528.746
2017,"SC",5027.102,4.2,28,224937.6,"South Carolina",0,NA,NA,NA,0,0,0,"",NA,7.25,"0",212034.1,15.6,"41",7.25,98.921,2017,45,116.611,2212.845
2017,"SD",873.732,3,28.1,51615.1,"South Dakota",1,2021,2021,NA,0,1,0,"",NA,7.25,"0",43457.3,10.4,"42",8.65,14.636,2017,46,14.887,441.604
2017,"TN",6714.748,3.7,27.3,355417.5,"Tennessee",1,2019,NA,2019,1,0,0,"",NA,7.25,"0",303460.7,11.5,"43",7.25,119.962,2017,47,179.081,3065.279
2017,"TX",28291.024,4.4,29.6,1667313,"Texas",0,NA,NA,NA,0,0,0,"",NA,7.25,"0",1369329.5,13.4,"44",7.25,585.113,2017,48,657.812,12989.682
2017,"UT",3103.54,3.2,34.6,172075,"Utah",0,NA,NA,NA,0,0,0,"",NA,7.25,"0",136996.8,8.6,"45",7.25,50.522,2017,49,31.72,1496.465
2017,"VA",8471.011,3.6,38.7,515167.2,"Virginia",1,2020,2020,2020,1,1,0,"",NA,7.25,"1",470835.7,10.3,"47",7.25,159.43,2017,51,157.59,4151.746
2017,"VT",625.132,3,38.3,32589.2,"Vermont",1,2023,NA,2023,1,0,0,"",NA,7.25,"0",32276.9,10.2,"46",10,10.163,2017,50,15.435,335.571
2017,"WA",7427.951,4.7,35.5,527169.4,"Washington",1,2020,2020,NA,0,1,1,"tribal-only",NA,7.25,"1",433795.8,9.9,"48",11,174.984,2017,53,150.356,3551.136
2017,"WI",5793.147,3.3,30.4,321886.8,"Wisconsin",1,2021,2021,NA,0,1,1,"tribal-only",NA,7.25,"0",285249.9,9.5,"50",7.25,102.75,2017,55,118.089,3030.655
2017,"WV",1818.683,5.2,20.2,75172.5,"West Virginia",1,2018,2018,2018,1,1,0,"",NA,7.25,"0",70729.9,17.3,"49",8.75,40.507,2017,54,73.901,738.468
2017,"WY",579.994,4.3,27.6,37620.3,"Wyoming",1,2021,2021,2021,1,1,0,"",NA,7.25,"0",32723.6,12.4,"51",5.15,12.186,2017,56,6.795,280.886
2018,"AK",736.624,6.1,30.2,52479.6,"Alaska",0,NA,NA,NA,0,0,0,"",NA,7.25,"0",44369.6,13.1,"2",9.84,22.761,2018,2,12.528,329.901
2018,"AL",4891.628,3.9,25.5,220808.8,"Alabama",0,NA,NA,NA,0,0,0,"",NA,7.25,"0",208752.7,16,"1",7.25,85.782,2018,1,161.587,2130.845
2018,"AR",3012.161,3.7,23.3,126371.3,"Arkansas",1,2018,2019,2022,1,1,0,"",NA,7.25,"0",130397.5,15.9,"4",8.5,49.31,2018,5,105.231,1303.995
2018,"AZ",7164.228,4.8,29.7,346398.3,"Arizona",1,2021,2021,2021,1,1,0,"",NA,7.25,"0",319226.3,12.8,"3",10.5,162.065,2018,4,118.534,3260.518
2018,"CA",39437.463,4.3,34.2,2850970.3,"California",0,NA,NA,NA,0,0,0,"",NA,7.25,"1",2514503.4,11.9,"5",11,820.096,2018,6,1239.522,18460.725
2018,"CO",5697.155,3,41.7,365204.5,"Colorado",1,2019,2020,2020,1,1,0,"",NA,7.25,"1",335195.8,9.1,"6",10.2,97.163,2018,8,72.99,2983.498
2018,"CT",3574.561,3.9,39.6,274582.8,"Connecticut",1,2021,2021,2021,1,1,0,"",NA,7.25,"1",267346.2,10.2,"7",10.1,78.773,2018,9,66.432,1821.891
2018,"DE",966.985,3.7,31.3,70856.5,"Delaware",1,2018,2018,2018,1,1,0,"",0.498054504828571,7.25,"1",51103.1,7.4,"8",8.25,18.231,2018,10,17.026,463.542
2018,"FL",21254.926,3.6,30.4,1050433.8,"Florida",1,2021,2023,2023,1,1,0,"lawsuit in 2021 that shut down operations",NA,7.25,"0",1082702.2,13.7,"10",8.25,364.881,2018,12,576.287,9808.656
2018,"GA",10519.389,4,31.9,600934.7,"Georgia",0,NA,NA,NA,0,0,0,"",NA,7.25,"0",493575.9,14.8,"11",5.15,200.434,2018,13,259.357,4880.038
2018,"HI",1423.102,2.4,33.5,88836.4,"Hawaii",0,NA,NA,NA,0,0,0,"",NA,7.25,"1",78436.1,9.2,"12",10.1,16.928,2018,15,23.157,658.256
2018,"IA",3149.9,2.6,29,189245.1,"Iowa",1,2019,2019,2019,1,1,0,"",NA,7.25,"0",157980.9,8.9,"16",7.25,44.252,2018,19,51.105,1646.708
2018,"ID",1752.074,2.9,27.7,77652.1,"Idaho",0,NA,NA,NA,0,0,0,"",NA,7.25,"0",77992.6,11.5,"13",7.25,24.921,2018,16,30.87,832.286
2018,"IL",12724.685,4.4,35.1,851517.2,"Illinois",1,2019,2020,2020,1,1,0,"",NA,7.25,"0",727064.1,10.3,"14",8.25,279.152,2018,17,267.091,6184.805
2018,"IN",6698.481,3.4,27.1,368762.9,"Indiana",1,2019,2019,2019,1,1,0,"",NA,7.25,"0",316836.5,11.6,"15",7.25,117.858,2018,18,127.356,3263.751
2018,"KS",2912.748,3.3,33.8,169796.9,"Kansas",1,2022,2022,2022,1,1,0,"",NA,7.25,"0",149239,7.5,"17",7.25,48.618,2018,20,47.705,1429.229
2018,"KY",4464.273,4.2,24.8,205940.1,"Kentucky",1,2023,2023,2023,1,1,0,"",NA,7.25,"0",188876.8,15.7,"18",7.25,89.18,2018,21,174.203,1968.611
2018,"LA",4664.45,4.8,24.3,245220.3,"Louisiana",1,2021,2021,2022,1,1,0,"",NA,7.25,"1",215308.7,19,"19",7.25,102.502,2018,22,175.215,2001.995
2018,"MA",6885.72,3.5,44.5,549262.1,"Massachusetts",1,2022,2023,2023,1,1,0,"",NA,7.25,"0",494177.3,8.7,"22",11,127.203,2018,25,183.889,3658.286
2018,"MD",6042.153,3.8,40.8,402480.9,"Maryland",1,2021,2021,2021,1,1,0,"",NA,7.25,"0",378491.5,8,"21",10.1,127.034,2018,24,120.976,3094.569
2018,"ME",1340.123,3.2,31.5,64806.3,"Maine",1,2022,2023,2023,1,1,0,"",NA,7.25,"0",65335.2,11.6,"20",10,22.529,2018,23,36.875,673.15
2018,"MI",9987.286,4.2,29.6,516843,"Michigan",1,2019,2020,2021,1,1,0,"",NA,7.25,"0",477009.6,10.5,"23",9.25,203.354,2018,26,271.856,4705.36
2018,"MN",5608.762,3,36.7,364799.7,"Minnesota",0,NA,NA,NA,0,0,0,"",NA,7.25,"1",321638.5,7.9,"24",9.86,90.28,2018,27,93.491,2981.153
2018,"MO",6125.986,3.2,29.5,314182.4,"Missouri",0,NA,NA,NA,0,0,0,"",NA,7.25,"0",288385,12.4,"26",7.85,96.438,2018,29,136.317,2956.667
2018,"MS",2982.879,4.9,23.2,110174.8,"Mississippi",1,2017,2017,NA,0,1,0,"",0.1200000205,7.25,"0",112837.6,19.6,"25",7.25,61.454,2018,28,117.108,1207.68
2018,"MT",1061.818,3.7,31.7,49455,"Montana",1,2019,2019,NA,0,1,0,"",NA,7.25,"1",51117.4,10.3,"27",8.3,19.266,2018,30,17.893,509.568
2018,"NC",10391.358,4,31.9,556573.7,"North Carolina",1,2019,2019,2023,1,1,0,"retail is tribal",NA,7.25,"1",479791.8,13.1,"34",7.25,198.419,2018,37,228.762,4787.719
2018,"ND",760.062,2.4,29.7,58516.3,"North Dakota",1,2018,2018,2018,0,1,1,"",NA,7.25,"0",42291.9,9.7,"35",7.25,10.384,2018,38,8.411,393.199
2018,"NE",1925.512,2.9,32.4,125543.5,"Nebraska",1,2021,2021,NA,0,1,0,"",NA,7.25,"0",101845.6,10.5,"28",9,29.93,2018,31,28.262,993.561
2018,"NH",1355.064,2.6,36.8,82269.5,"New Hampshire",1,2019,2019,2019,1,1,0,"",NA,7.25,"0",83199.1,6.1,"30",7.25,19.576,2018,33,18.579,743.182
2018,"NJ",8891.73,4,40.8,606892.2,"New Jersey",1,2018,2018,2018,1,1,0,"",0.117038846048571,7.25,"1",602870.1,8.2,"31",8.6,181.724,2018,34,180.121,4250.796
2018,"NM",2093.754,4.9,27.7,96077,"New Mexico",1,2018,2018,NA,0,1,1,"",NA,7.25,"0",87204.6,16.6,"32",7.5,45.914,2018,35,62.929,892.331
2018,"NV",3030.725,4.4,24.9,168638.5,"Nevada",1,1949,1949,2010,1,1,0,"",0.0675000256728572,7.25,"0",151367.8,13,"29",8.25,66.792,2018,32,56.441,1436.891
2018,"NY",19544.098,4.1,37.2,1665186.8,"New York",1,2013,2019,2022,1,1,0,"https://www.deucescracked.com/ny-sports-betting-guide-getting-started-2025-update/",NA,7.25,"1",1340903.3,11.1,"33",10.4,394.17,2018,36,629.203,9127.699
2018,"OH",11680.892,4.5,29,656212,"Ohio",1,2021,2021,2021,1,1,0,"",NA,7.25,"0",569184,11.9,"36",8.3,259.066,2018,39,308.224,5521.681
2018,"OK",3943.488,3.3,25.6,196030.5,"Oklahoma",0,NA,NA,NA,0,0,0,"",NA,7.25,"0",180633.6,13.4,"37",7.25,63.045,2018,40,96.201,1777.564
2018,"OR",4183.538,4,34,234308.4,"Oregon",1,2019,2019,2019,1,1,0,"",NA,7.25,"1",215365.4,9.7,"38",10.75,84.967,2018,41,88.149,2012.235
2018,"PA",12809.107,4.4,31.8,763855.4,"Pennsylvania",1,2017,2017,2017,1,1,0,"",0.3600000487,7.25,"1",717255.3,11.8,"39",7.25,272.929,2018,42,355.511,6150.782
2018,"RI",1059.338,4.1,34.4,58740.2,"Rhode Island",1,2018,2018,2019,1,1,0,"",0.50999697385,7.25,"1",57603.7,8.9,"40",10.1,22.076,2018,44,32.946,532.478
2018,"SC",5091.702,3.4,28.3,231663.3,"South Carolina",0,NA,NA,NA,0,0,0,"",NA,7.25,"0",223256.9,12.8,"41",7.25,80.882,2018,45,115.152,2259.057
2018,"SD",879.386,2.8,29.2,51937.8,"South Dakota",1,2021,2021,NA,0,1,0,"",NA,7.25,"0",46248.9,10.6,"42",8.85,14.093,2018,46,14.639,445.472
2018,"TN",6778.18,3.5,27.5,362363.7,"Tennessee",1,2019,NA,2019,1,0,0,"",NA,7.25,"0",319689.7,12,"43",7.25,114.373,2018,47,176.336,3139.888
2018,"TX",28624.564,3.9,30.3,1746543.3,"Texas",0,NA,NA,NA,0,0,0,"",NA,7.25,"0",1463962.2,13.7,"44",7.25,531.572,2018,48,649.561,13285.118
2018,"UT",3155.153,2.9,34.9,182106,"Utah",0,NA,NA,NA,0,0,0,"",NA,7.25,"0",148240.6,6.9,"45",7.25,47.679,2018,49,31.489,1522.29
2018,"VA",8510.92,3,39.3,527767.5,"Virginia",1,2020,2020,2020,1,1,0,"",NA,7.25,"1",492764.3,9.8,"47",7.25,131.502,2018,51,155.879,4209.651
2018,"VT",624.802,2.5,38.7,32827.8,"Vermont",1,2023,NA,2023,1,0,0,"",NA,7.25,"0",33422.7,9.7,"46",10.5,8.804,2018,50,15.237,336.496
2018,"WA",7526.793,4.4,36.7,561785.7,"Washington",1,2020,2020,NA,0,1,1,"tribal-only",NA,7.25,"1",468055.1,8.6,"48",11.5,169.432,2018,53,149.201,3637.581
2018,"WI",5809.319,3,30,328832.4,"Wisconsin",1,2021,2021,NA,0,1,1,"tribal-only",NA,7.25,"0",299827,8.6,"50",7.25,93.554,2018,55,116.776,3024.747
2018,"WV",1805.953,5.1,21.3,77406.5,"West Virginia",1,2018,2018,2018,1,1,0,"",0.54517143456,7.25,"0",74321.6,15.9,"49",8.75,40.87,2018,54,72.326,744.326
2018,"WY",579.054,4.1,26.9,37977.2,"Wyoming",1,2021,2021,2021,1,1,0,"",NA,7.25,"0",35054.2,9.5,"51",5.15,11.352,2018,56,6.88,280.076
2019,"AK",733.603,5.6,30.2,52377.5,"Alaska",0,NA,NA,NA,0,0,0,"",NA,7.25,"0",45945.1,10.2,"2",10.19,21.349,2019,2,12.468,326.43
2019,"AL",4907.965,3.2,26.3,225272.8,"Alabama",0,NA,NA,NA,0,0,0,"",NA,7.25,"0",216449,12.9,"1",7.25,67.264,2019,1,160.204,2174.483
2019,"AR",3020.985,3.5,23.3,127220,"Arkansas",1,2018,2019,2022,1,1,0,"",0.130001962316667,7.25,"0",134682.7,14.1,"4",9.25,48.352,2019,5,104.331,1314.29
2019,"AZ",7291.843,4.8,30.2,359576.8,"Arizona",1,2021,2021,2021,1,1,0,"",NA,7.25,"0",335243.1,9.9,"3",12,166.756,2019,4,119.424,3384.504
2019,"CA",39437.61,4.1,35,2969609,"California",0,NA,NA,NA,0,0,0,"",NA,7.25,"1",2632279.8,10.1,"5",12,784.194,2019,6,1222.997,18627.378
2019,"CO",5758.486,2.7,42.7,383725.7,"Colorado",1,2019,2020,2020,1,1,0,"",NA,7.25,"1",352184.7,9.3,"6",12,86.668,2019,8,72.724,3062.098
2019,"CT",3566.022,3.6,39.8,275225.4,"Connecticut",1,2021,2021,2021,1,1,0,"",NA,7.25,"1",275556.8,8.3,"7",11,71.366,2019,9,66.766,1842.164
2019,"DE",976.668,3.6,33.2,74627.8,"Delaware",1,2018,2018,2018,1,1,0,"",0.5639797254,7.25,"1",53055.3,6.5,"8",9.25,18.419,2019,10,17.074,468.844
2019,"FL",21492.056,3.2,30.7,1084913.9,"Florida",1,2021,2023,2023,1,1,0,"lawsuit in 2021 that shut down operations",NA,7.25,"0",1125984,11.5,"10",8.56,320.689,2019,12,576.687,10016.06
2019,"GA",10628.02,3.6,32.5,620744.9,"Georgia",0,NA,NA,NA,0,0,0,"",NA,7.25,"0",512137.9,12.1,"11",5.15,175.008,2019,13,259.076,4935.31
2019,"HI",1415.615,2.5,33.6,88855.2,"Hawaii",0,NA,NA,NA,0,0,0,"",NA,7.25,"1",80726.5,8.4,"12",10.1,18.019,2019,15,22.673,646.973
2019,"IA",3159.596,2.7,29.3,188471.4,"Iowa",1,2019,2019,2019,1,1,0,"",0.067499985806,7.25,"0",163638.6,9.5,"16",7.25,47.808,2019,19,51.653,1691.016
2019,"ID",1789.06,2.9,28.7,81144.3,"Idaho",0,NA,NA,NA,0,0,0,"",NA,7.25,"0",82148.4,7.1,"13",7.25,25.646,2019,16,31.022,856.245
2019,"IL",12667.017,4,35.8,858018.3,"Illinois",1,2019,2020,2020,1,1,0,"",NA,7.25,"1",744640.7,9.3,"14",9.25,255.853,2019,17,264.339,6190.757
2019,"IN",6731.01,3.3,26.9,370507.2,"Indiana",1,2019,2019,2019,1,1,0,"",0.0947600695775,7.25,"0",327712.5,10.1,"15",7.25,112.31,2019,18,127.699,3275.056
2019,"KS",2912.635,3.2,34,169562.3,"Kansas",1,2022,2022,2022,1,1,0,"",NA,7.25,"1",155647.6,9.5,"17",7.25,47.057,2019,20,47.364,1439.563
2019,"KY",4472.345,4.1,25.1,211783.1,"Kentucky",1,2023,2023,2023,1,1,0,"",NA,7.25,"0",195548.8,13.6,"18",7.25,89.009,2019,21,171.506,1983.577
2019,"LA",4658.285,4.6,25,246674.5,"Louisiana",1,2021,2021,2022,1,1,0,"",NA,7.25,"1",220629.7,17.9,"19",7.25,101.167,2019,22,173.521,1994.285
2019,"MA",6894.883,3.1,45,566326.8,"Massachusetts",1,2022,2023,2023,1,1,0,"",NA,7.25,"0",511333.7,7.5,"22",12.75,110.881,2019,25,182.565,3706.556
2019,"MD",6054.954,3.4,40.9,402506.3,"Maryland",1,2021,2021,2021,1,1,0,"",NA,7.25,"0",390792.5,7,"21",11,116.7,2019,24,121.669,3143.967
2019,"ME",1345.77,2.9,33.2,66758.4,"Maine",1,2022,2023,2023,1,1,0,"",NA,7.25,"1",68062.4,10.4,"20",12,20.98,2019,23,36.61,671.759
2019,"MI",9984.795,4.1,30,521085,"Michigan",1,2019,2020,2021,1,1,0,"",NA,7.25,"1",491631.8,10.2,"23",9.65,201.44,2019,26,270.456,4735.826
2019,"MN",5640.053,3.3,37.3,369617.4,"Minnesota",0,NA,NA,NA,0,0,0,"",NA,7.25,"1",331801.9,5.7,"24",10,100.492,2019,27,93.162,3009.156
2019,"MO",6140.475,3.2,30.2,321329.1,"Missouri",0,NA,NA,NA,0,0,0,"",NA,7.25,"0",298619.8,9.4,"26",9.45,101.557,2019,29,136.035,2981.688
2019,"MS",2978.227,5.5,22.3,111207.8,"Mississippi",1,2017,2017,NA,0,1,0,"",0.120000018241667,7.25,"0",115814.2,19.2,"25",7.25,69.226,2019,28,115.645,1206.892
2019,"MT",1070.123,3.5,33.6,50263.5,"Montana",1,2019,2019,NA,0,1,0,"",NA,7.25,"1",53168,9.7,"27",8.65,18.58,2019,30,17.698,514.917
2019,"NC",10501.384,3.9,32.3,567975,"North Carolina",1,2019,2019,2023,1,1,0,"retail is tribal",NA,7.25,"1",500973.8,12.7,"34",7.25,196.569,2019,37,228.433,4883.875
2019,"ND",763.724,2.2,30.4,59408.5,"North Dakota",1,2018,2018,2018,0,1,1,"",NA,7.25,"0",43614.4,8.1,"35",7.25,9.575,2019,38,8.295,394.024
2019,"NE",1932.571,3.1,33.2,127568.9,"Nebraska",1,2021,2021,NA,0,1,0,"",NA,7.25,"0",105454.2,8.7,"28",9,31.56,2019,31,28.669,1003.68
2019,"NH",1360.783,2.6,37.6,84438.2,"New Hampshire",1,2019,2019,2019,1,1,0,"",0.4334994079,7.25,"0",86344.9,3.7,"30",7.25,19.686,2019,33,18.332,754.054
2019,"NJ",8891.258,3.5,41.2,618691,"New Jersey",1,2018,2018,2018,1,1,0,"",0.135283565991667,7.25,"1",625937.9,6.3,"31",11,159.792,2019,34,178.274,4333.333
2019,"NM",2099.634,5,27.7,100342.2,"New Mexico",1,2018,2018,NA,0,1,1,"",NA,7.25,"1",90846.9,15.3,"32",9,46.43,2019,35,62.071,908.166
2019,"NV",3090.771,4.1,25.7,176029.7,"Nevada",1,1949,1949,2010,1,1,0,"",0.06750000915,7.25,"1",157583.7,10.4,"29",8.25,59.976,2019,32,56.567,1482.476
2019,"NY",19463.131,3.9,37.8,1704364.3,"New York",1,2013,2019,2022,1,1,0,"https://www.deucescracked.com/ny-sports-betting-guide-getting-started-2025-update/",0.100000176093333,7.25,"1",1395147.5,12.5,"33",11.8,376.827,2019,36,621.783,9137.551
2019,"OH",11696.507,4.1,29.3,674063.9,"Ohio",1,2021,2021,2021,1,1,0,"",NA,7.25,"0",586784,12.4,"36",8.7,238.746,2019,39,307.65,5563.572
2019,"OK",3960.676,3.1,26.2,200072.2,"Oklahoma",0,NA,NA,NA,0,0,0,"",NA,7.25,"0",187327.5,10.8,"37",7.25,60.658,2019,40,96.758,1780.551
2019,"OR",4216.116,3.7,34.5,239794.8,"Oregon",1,2019,2019,2019,1,1,0,"",0.500000269066667,7.25,"1",224346.4,8.1,"38",11.25,78.769,2019,41,88.879,2025.3
2019,"PA",12798.883,4.3,32.3,771852.5,"Pennsylvania",1,2017,2017,2017,1,1,0,"",0.292725009641667,7.25,"1",742924.3,8.7,"39",7.25,284.013,2019,42,353.805,6207.627
2019,"RI",1058.158,3.5,34.8,60157.6,"Rhode Island",1,2018,2018,2019,1,1,0,"",0.510000078958333,7.25,"1",59707.2,9.2,"40",10.5,19.786,2019,44,32.589,535.768
2019,"SC",5157.702,2.8,29.6,239021.3,"South Carolina",0,NA,NA,NA,0,0,0,"",NA,7.25,"0",233948.4,15.1,"41",7.25,67.707,2019,45,114.654,2308.362
2019,"SD",887.127,2.7,29.7,52510.2,"South Dakota",1,2021,2021,NA,0,1,0,"",NA,7.25,"0",47738.1,10.6,"42",9.3,15.284,2019,46,14.43,448.713
2019,"TN",6830.325,3.3,28.7,370197.4,"Tennessee",1,2019,NA,2019,1,0,0,"",NA,7.25,"0",332472.7,13.1,"43",7.25,113.348,2019,47,174.521,3231.501
2019,"TX",28986.794,3.5,30.8,1806736.1,"Texas",0,NA,NA,NA,0,0,0,"",NA,7.25,"0",1531346.5,11.1,"44",7.25,493.521,2019,48,643.639,13551.791
2019,"UT",3203.383,2.5,34.8,192760.6,"Utah",0,NA,NA,NA,0,0,0,"",NA,7.25,"0",156896.3,7.3,"45",7.25,41.906,2019,49,31.699,1565.782
2019,"VA",8556.642,2.7,39.6,541028,"Virginia",1,2020,2020,2020,1,1,0,"",NA,7.25,"1",509201.3,8.8,"47",7.25,123.114,2019,51,155.477,4289.132
2019,"VT",624.046,2.1,38.7,33339.4,"Vermont",1,2023,NA,2023,1,0,0,"",NA,7.25,"0",34502.3,8.6,"46",10.96,8.156,2019,50,15.054,334.07
2019,"WA",7614.024,4.2,37,588794.4,"Washington",1,2020,2020,NA,0,1,1,"tribal-only",NA,7.25,"1",493127.9,7,"48",13.5,166.441,2019,53,148.674,3747.713
2019,"WI",5824.581,3.2,31.3,333256.8,"Wisconsin",1,2021,2021,NA,0,1,1,"tribal-only",NA,7.25,"1",309909.3,8.4,"50",7.25,103.927,2019,55,116.786,3001.215
2019,"WV",1795.263,4.9,21.1,77162.2,"West Virginia",1,2018,2018,2018,1,1,0,"",0.606455559041667,7.25,"0",75834.6,13.9,"49",8.75,39.114,2019,54,70.859,757.852
2019,"WY",580.116,3.7,29.1,38577.1,"Wyoming",1,2021,2021,2021,1,1,0,"",NA,7.25,"0",35992.7,9.2,"51",5.15,10.528,2019,56,6.983,281.73
2020,"AK",733.017,8.3,31.9,50332.8,"Alaska",0,NA,NA,NA,0,0,0,"",NA,7.25,"0",45366.3,13.4,"2",10.19,28.874,2020,2,12.434,317.678
2020,"AL",5033.094,6.4,27.8,222288.8,"Alabama",0,NA,NA,NA,0,0,0,"",NA,7.25,"0",230872.6,14.9,"1",7.25,144.544,2020,1,157.325,2118.6
2020,"AR",3014.546,6.2,24.9,128340.9,"Arkansas",1,2018,2019,2022,1,1,0,"",0.134292496390909,7.25,"0",142111.7,14.1,"4",10,82.608,2020,5,103.134,1257.949
2020,"AZ",7187.135,7.8,33,365027.7,"Arizona",1,2021,2021,2021,1,1,0,"",NA,7.25,"0",374311.8,10.9,"3",12,271.12,2020,4,118.747,3200.219
2020,"CA",39521.958,10.2,36.9,2933320.2,"California",0,NA,NA,NA,0,0,0,"",NA,7.25,"1",2767521.4,11.1,"5",12,1921.568,2020,6,1193.885,17037.036
2020,"CO",5787.129,6.8,44.2,380188.8,"Colorado",1,2019,2020,2020,1,1,0,"",0.03849986108375,7.25,"1",375157.8,9.5,"6",12.02,208.476,2020,8,71.952,2873.752
2020,"CT",3579.918,8,42.4,260765.2,"Connecticut",1,2021,2021,2021,1,1,0,"",NA,7.25,"1",278373.6,11.2,"7",12,149.435,2020,9,66.886,1724.812
2020,"DE",991.928,7.5,34.7,72506.8,"Delaware",1,2018,2018,2018,1,1,0,"",0.596084375455556,7.25,"1",55338.4,10.5,"8",9.25,36.376,2020,10,17.162,450.325
2020,"FL",21592.035,8.1,33.7,1069758.8,"Florida",1,2021,2023,2023,1,1,0,"lawsuit in 2021 that shut down operations",NA,7.25,"0",1221121.6,13.3,"10",8.56,819.29,2020,12,575.057,9257.738
2020,"GA",10732.888,6.6,34.8,604745.9,"Georgia",0,NA,NA,NA,0,0,0,"",NA,7.25,"0",552248.9,13.3,"11",5.15,328.762,2020,13,258.227,4754.102
2020,"HI",1451.252,11.7,35.5,79840.1,"Hawaii",0,NA,NA,NA,0,0,0,"",NA,7.25,"1",82761.3,10.9,"12",10.1,77.805,2020,15,22.393,588.159
2020,"IA",3191.141,5.2,29.5,186328.2,"Iowa",1,2019,2019,2019,1,1,0,"",0.0675034918041667,7.25,"0",167778.9,9.2,"16",7.25,86.199,2020,19,51.581,1582.202
2020,"ID",1849.415,5.6,30.9,82717.4,"Idaho",0,NA,NA,NA,0,0,0,"",NA,7.25,"0",91888.5,9.1,"13",7.25,49.677,2020,16,30.742,850.13
2020,"IL",12799.088,9.3,37.6,810200.9,"Illinois",1,2019,2020,2020,1,1,0,"",0.111646008844444,7.25,"1",787487.8,8,"14",10,585.803,2020,17,259.848,5735.263
2020,"IN",6790.497,7.4,28.9,359787.3,"Indiana",1,2019,2019,2019,1,1,0,"",0.099962280935,7.25,"0",351106.6,12.1,"15",7.25,242.499,2020,18,127.23,3086.279
2020,"KS",2938.172,5.8,35.1,168056.9,"Kansas",1,2022,2022,2022,1,1,0,"",NA,7.25,"1",161704.7,9.3,"17",7.25,87.231,2020,20,47.245,1414.596
2020,"KY",4508.318,6.5,27.4,206049.6,"Kentucky",1,2023,2023,2023,1,1,0,"",NA,7.25,"1",211966.8,13.9,"18",7.25,130.347,2020,21,167.814,1874.863
2020,"LA",4652.301,8.7,27.2,228951.3,"Louisiana",1,2021,2021,2022,1,1,0,"",NA,7.25,"1",233715,15.5,"19",7.25,176.799,2020,22,170.048,1875.244
2020,"MA",6994.598,9.3,46.9,559765,"Massachusetts",1,2022,2023,2023,1,1,0,"",NA,7.25,"0",541420.5,8.4,"22",12.75,348.241,2020,25,179.208,3396.014
2020,"MD",6177.935,6.5,43.1,388782.8,"Maryland",1,2021,2021,2021,1,1,0,"",NA,7.25,"0",400176.1,9.4,"21",11,208.091,2020,24,120.345,3022.47
2020,"ME",1364.571,5.1,33.5,67410.9,"Maine",1,2022,2023,2023,1,1,0,"",NA,7.25,"1",74042.4,8,"20",12,33.994,2020,23,35.988,637.985
2020,"MI",10072.703,10.1,32.1,501893.9,"Michigan",1,2019,2020,2021,1,1,0,"",0.0839999339383333,7.25,"1",531530.2,11.2,"23",9.65,485.54,2020,26,265.927,4376.032
2020,"MN",5710.735,6.3,37.9,357475.6,"Minnesota",0,NA,NA,NA,0,0,0,"",NA,7.25,"1",349887.4,8.5,"24",10,195.372,2020,27,92.748,2926.644
2020,"MO",6154.744,6.2,31.9,315332.6,"Missouri",0,NA,NA,NA,0,0,0,"",NA,7.25,"0",320592.9,10.7,"26",9.45,186.168,2020,29,134.572,2839.617
2020,"MS",2958.536,8,24.5,110322.8,"Mississippi",1,2017,2017,NA,0,1,0,"",0.120000883681818,7.25,"0",125760.5,17.6,"25",7.25,99.132,2020,28,114.091,1145.184
2020,"MT",1087.23,5.8,34.6,49981.5,"Montana",1,2019,2019,NA,0,1,0,"",0.239754810377,7.25,"1",58208.8,10.9,"27",8.65,31.756,2020,30,17.494,512.744
2020,"NC",10449.652,7.3,34.8,564504.4,"North Carolina",1,2019,2019,2023,1,1,0,"retail is tribal",NA,7.25,"1",541078,13.8,"34",7.25,347.603,2020,37,227.589,4483.551
2020,"ND",779.563,5,31.8,55850.6,"North Dakota",1,2018,2018,2018,0,1,1,"",NA,7.25,"0",47621.4,10.7,"35",7.25,20.213,2020,38,8.305,388.962
2020,"NE",1963.387,4.3,33.3,126734.9,"Nebraska",1,2021,2021,NA,0,1,0,"",NA,7.25,"0",111347.5,8.3,"28",9,44.461,2020,31,28.899,1000.645
2020,"NH",1378.756,6.8,40.2,83152.6,"New Hampshire",1,2019,2019,2019,1,1,0,"",0.460903082391667,7.25,"0",93582,6.2,"30",7.25,50.891,2020,33,17.893,710.538
2020,"NJ",9272.794,9.5,43.1,597221.4,"New Jersey",1,2018,2018,2018,1,1,0,"",0.140257946508333,7.25,"1",657894.4,8.2,"31",11,437.406,2020,34,173.515,4200.98
2020,"NM",2118.606,7.9,30.1,97622.4,"New Mexico",1,2018,2018,NA,0,1,1,"",NA,7.25,"1",98783.2,16.6,"32",9,73.399,2020,35,60.95,858.1
2020,"NV",3116.967,13.7,28,166077,"Nevada",1,1949,1949,2010,1,1,0,"",0.0674999856333333,7.25,"1",170269.2,12.9,"29",9,203.427,2020,32,56.406,1302.514
2020,"NY",20105.171,9.9,39.5,1656784.8,"New York",1,2013,2019,2022,1,1,0,"https://www.deucescracked.com/ny-sports-betting-guide-getting-started-2025-update/",0.0999992123342857,7.25,"1",1405028.8,11.8,"33",11.8,936.408,2020,36,602.21,8628.006
2020,"OH",11798.905,8.3,30.6,655243.3,"Ohio",1,2021,2021,2021,1,1,0,"",NA,7.25,"0",623836,12.7,"36",8.7,469.761,2020,39,306.118,5266.859
2020,"OK",3965.415,6.3,27,191560.9,"Oklahoma",0,NA,NA,NA,0,0,0,"",NA,7.25,"0",199233.2,15.5,"37",7.25,116.043,2020,40,96.421,1726.786
2020,"OR",4243.779,7.6,36.3,237424.3,"Oregon",1,2019,2019,2019,1,1,0,"",0.5000001949,7.25,"1",239862.5,9.4,"38",12,159.701,2020,41,87.952,1947.54
2020,"PA",12996.143,8.8,34,736381.3,"Pennsylvania",1,2017,2017,2017,1,1,0,"",0.251457631658333,7.25,"1",783825.6,10.7,"39",7.25,576.535,2020,42,348.416,5929.949
2020,"RI",1096.53,9.3,38,58231.7,"Rhode Island",1,2018,2018,2019,1,1,0,"",0.509998991341667,7.25,"1",64756.6,8.5,"40",11.5,52.454,2020,44,32.162,518.282
2020,"SC",5132.249,6,31.7,233650.2,"South Carolina",0,NA,NA,NA,0,0,0,"",NA,7.25,"0",250288.3,13.4,"41",7.25,139.389,2020,45,113.81,2199.751
2020,"SD",887.948,4.1,28.4,52770.7,"South Dakota",1,2021,2021,NA,0,1,0,"",NA,7.25,"0",52793.3,11.6,"42",9.3,19.398,2020,46,14.503,444.895
2020,"TN",6927.904,7.5,30.7,367863.6,"Tennessee",1,2019,NA,2019,1,0,0,"",0.2001650699,7.25,"0",359633.6,13.1,"43",7.25,245.599,2020,47,172.687,3053.56
2020,"TX",29239.57,7.7,33.2,1773657.1,"Texas",0,NA,NA,NA,0,0,0,"",NA,7.25,"0",1611228.3,14,"44",7.25,1069.42,2020,48,633.119,12872.07
2020,"UT",3284.077,4.8,36.9,194750.2,"Utah",0,NA,NA,NA,0,0,0,"",NA,7.25,"0",169940.2,7.4,"45",7.25,79.454,2020,49,31.465,1564.747
2020,"VA",8637.615,6.5,42,534532.3,"Virginia",1,2020,2020,2020,1,1,0,"",NA,7.25,"1",530920.4,7.8,"47",7.25,278.951,2020,51,155.063,4053.387
2020,"VT",642.977,5.7,42.1,32252.7,"Vermont",1,2023,NA,2023,1,0,0,"",NA,7.25,"0",37273.8,8.6,"46",10.96,19.05,2020,50,14.978,320.708
2020,"WA",7727.209,8.7,38.4,589156.8,"Washington",1,2020,2020,NA,0,1,1,"tribal-only",NA,7.25,"1",522713.8,8.2,"48",13.5,331.195,2020,53,146.646,3560.168
2020,"WI",5897.375,6.4,31.8,322470.6,"Wisconsin",1,2021,2021,NA,0,1,1,"tribal-only",NA,7.25,"1",326836.5,8,"50",7.25,199.718,2020,55,116.383,2900.956
2020,"WV",1791.646,8.3,23.1,74553.8,"West Virginia",1,2018,2018,2018,1,1,0,"",0.165963120791667,7.25,"0",80741,14.2,"49",8.75,64.095,2020,54,69.213,713.044
2020,"WY",577.681,5.9,28.2,36198.2,"Wyoming",1,2021,2021,2021,1,1,0,"",NA,7.25,"0",37866.4,9.7,"51",5.15,17.239,2020,56,6.978,276.367
2021,"AK",734.42,6.4,32.8,51454.2,"Alaska",0,NA,NA,NA,0,0,0,"",NA,7.25,"0",48207.9,11.4,"2",10.34,22.373,2021,2,11.791,329.147
2021,"AL",5049.196,3.4,27.4,233726.6,"Alabama",0,NA,NA,NA,0,0,0,"",NA,7.25,"0",252791.9,15.9,"1",7.25,75.536,2021,1,150.729,2173.978
2021,"AR",3026.87,4,25.3,137463.6,"Arkansas",1,2018,2019,2022,1,1,0,"",0.1351929563975,7.25,"0",156361.5,16.8,"4",11,53.743,2021,5,98.935,1276.933
2021,"AZ",7274.078,5,32.4,395035.9,"Arizona",1,2021,2021,2021,1,1,0,"",0.03333047016885,7.25,"0",409885.7,12.6,"3",12.15,178.185,2021,4,114.713,3347.264
2021,"CA",39142.565,7.4,36.2,3154188.6,"California",0,NA,NA,NA,0,0,0,"",NA,7.25,"1",3013676.9,11.9,"5",13,1387.832,2021,6,1147.421,17568.743
2021,"CO",5814.036,5.5,44.4,406451.9,"Colorado",1,2019,2020,2020,1,1,0,"",0.0467516744583333,7.25,"1",417967.7,7.9,"6",12.32,172.194,2021,8,69.898,2977.479
2021,"CT",3606.607,6.5,42.1,269838.7,"Connecticut",1,2021,2021,2021,1,1,0,"",0.09364680868,7.25,"1",292370.9,8,"7",13,117.626,2021,9,65.924,1724.54
2021,"DE",1005.062,5.4,35.6,74657.1,"Delaware",1,2018,2018,2018,1,1,0,"",0.585116063708333,7.25,"1",59172.3,11.7,"8",9.25,27.004,2021,10,16.311,466.623
2021,"FL",21831.949,4.7,33.2,1170526.3,"Florida",1,2021,2023,2023,1,1,0,"lawsuit in 2021 that shut down operations",NA,7.25,"0",1376879.5,12.6,"10",10,481.867,2021,12,559.653,9838.506
2021,"GA",10792.06,3.9,34.6,643013.8,"Georgia",0,NA,NA,NA,0,0,0,"",NA,7.25,"0",606113.6,14,"11",5.15,202.294,2021,13,252.273,4954.094
2021,"HI",1447.029,6,35.3,84408.5,"Hawaii",0,NA,NA,NA,0,0,0,"",NA,7.25,"1",88948,10.9,"12",10.1,40.042,2021,15,21.867,630.151
2021,"IA",3198.613,3.9,30.5,201147.1,"Iowa",1,2019,2019,2019,1,1,0,"",0.0675000041308333,7.25,"0",185621.7,9.7,"16",7.25,64.679,2021,19,50.157,1615.303
2021,"ID",1904.848,3.6,30.7,88969.6,"Idaho",0,NA,NA,NA,0,0,0,"",NA,7.25,"0",103114,9.3,"13",7.25,32.768,2021,16,29.425,888.95
2021,"IL",12700.641,6.1,37.1,855888.1,"Illinois",1,2019,2020,2020,1,1,0,"",0.158702782641667,7.25,"1",853520.9,10.7,"14",11,385.484,2021,17,251.72,5942.191
2021,"IN",6815.907,3.9,28.9,387122,"Indiana",1,2019,2019,2019,1,1,0,"",0.0948469248408333,7.25,"0",387919.3,10.4,"15",7.25,130.916,2021,18,124.002,3201.829
2021,"KS",2938.338,3.4,35.4,172782.4,"Kansas",1,2022,2022,2022,1,1,0,"",NA,7.25,"1",172071,7.1,"17",7.25,49.932,2021,20,46.419,1448.294
2021,"KY",4507.583,4.5,27,215133.2,"Kentucky",1,2023,2023,2023,1,1,0,"",NA,7.25,"1",232362.6,16.2,"18",7.25,89.529,2021,21,161.145,1921.355
2021,"LA",4627.971,5.6,26.4,237839.2,"Louisiana",1,2021,2021,2022,1,1,0,"",0.1000000352,7.25,"1",252319.2,18.4,"19",7.25,114.866,2021,22,164.118,1941.271
2021,"MA",7000.474,5.3,46.6,595911.8,"Massachusetts",1,2022,2023,2023,1,1,0,"",NA,7.25,"0",583363.1,7.6,"22",13.5,201.21,2021,25,172.755,3530.207
2021,"MD",6179.403,5.2,42.5,406953.1,"Maryland",1,2021,2021,2021,1,1,0,"",0.148043171,7.25,"0",426367.4,7.7,"21",11.75,164.669,2021,24,117.167,2988.216
2021,"ME",1378.931,4.7,36,71142.4,"Maine",1,2022,2023,2023,1,1,0,"",NA,7.25,"1",80825.7,9.1,"20",12.15,32.404,2021,23,34.894,656.138
2021,"MI",10041.351,5.7,31.7,530380.9,"Michigan",1,2019,2020,2021,1,1,0,"",0.0417820498875,7.25,"1",568132,11.7,"23",9.65,274.304,2021,26,256.734,4500.849
2021,"MN",5718.66,3.7,38.9,377947,"Minnesota",0,NA,NA,NA,0,0,0,"",NA,7.25,"1",381789.1,6.9,"24",10.08,113.384,2021,27,89.382,2935.653
2021,"MO",6171.374,4.1,31.7,331580.9,"Missouri",0,NA,NA,NA,0,0,0,"",NA,7.25,"0",345961.2,12.3,"26",10.3,125.794,2021,29,131.072,2902.841
2021,"MS",2947.209,5.4,24.8,115675,"Mississippi",1,2017,2017,NA,0,1,0,"",0.120000028733333,7.25,"0",137381.7,17.4,"25",7.25,68.027,2021,28,110.306,1183.867
2021,"MT",1106.522,3.4,34.8,53303.7,"Montana",1,2019,2019,NA,0,1,0,"",0.135989938055833,7.25,"0",64542.1,10.7,"27",8.75,18.714,2021,30,16.931,530.391
2021,"NC",10564.32,4.9,34.9,600217.3,"North Carolina",1,2019,2019,2023,1,1,0,"retail is tribal",NA,7.25,"1",599133.5,11.8,"34",7.25,241.524,2021,37,221.312,4697.757
2021,"ND",777.966,3.1,31.7,56419.2,"North Dakota",1,2018,2018,2018,0,1,1,"",NA,7.25,"0",51261.7,8.5,"35",7.25,12.283,2021,38,8.017,395.16
2021,"NE",1964.537,2.6,34.4,134939.9,"Nebraska",1,2021,2021,NA,0,1,0,"",NA,7.25,"0",123080.5,8.1,"28",9,27.334,2021,31,28.749,1015.997
2021,"NH",1387.677,3.5,40.2,89949.3,"New Hampshire",1,2019,2019,2019,1,1,0,"",0.453730811066667,7.25,"0",100196.8,6.9,"30",7.25,25.632,2021,33,17.333,727.574
2021,"NJ",9270.541,6.7,43.1,632463.3,"New Jersey",1,2018,2018,2018,1,1,0,"",0.138369069425,7.25,"1",705095.2,7.6,"31",12,311.021,2021,34,167.806,4337.793
2021,"NM",2117.333,7.1,30.1,100917.6,"New Mexico",1,2018,2018,NA,0,1,1,"",NA,7.25,"1",108248.3,18,"32",10.5,66.509,2021,35,58.427,875.911
2021,"NV",3148.141,6.8,27.6,182474.1,"Nevada",1,1949,1949,2010,1,1,0,"",0.0675000036816667,7.25,"1",192006.1,12.8,"29",9.75,102.481,2021,32,54.642,1397.961
2021,"NY",19848.276,7.1,39.9,1736222.3,"New York",1,2013,2019,2022,1,1,0,"https://www.deucescracked.com/ny-sports-betting-guide-getting-started-2025-update/",0.0999998134333333,7.25,"1",1508135.1,12.5,"33",12.5,675.962,2021,36,583.874,8856.999
2021,"OH",11767.344,5.2,30.7,690479,"Ohio",1,2021,2021,2021,1,1,0,"",NA,7.25,"0",670872.7,11.6,"36",8.8,293.374,2021,39,297.315,5415.608
2021,"OK",3992.238,4,27.9,194132.8,"Oklahoma",0,NA,NA,NA,0,0,0,"",NA,7.25,"0",220176.5,15.1,"37",7.25,75.001,2021,40,94.123,1791.369
2021,"OR",4254.28,5.2,36.3,250325.8,"Oregon",1,2019,2019,2019,1,1,0,"",0.500000154175,7.25,"1",262382.4,9.2,"38",12.75,110.959,2021,41,85.288,2033.502
2021,"PA",13015.571,5.9,34.5,765508.8,"Pennsylvania",1,2017,2017,2017,1,1,0,"",0.239939682216667,7.25,"1",833322,10.8,"39",7.25,377.787,2021,42,335.421,6054.068
2021,"RI",1097.246,5.6,36.5,60803.1,"Rhode Island",1,2018,2018,2019,1,1,0,"",0.509999976066667,7.25,"1",69837.3,9.4,"40",11.5,31.62,2021,44,31.216,540.926
2021,"SC",5194.274,3.9,31.5,245752.1,"South Carolina",0,NA,NA,NA,0,0,0,"",NA,7.25,"0",274347.8,13.7,"41",7.25,92.558,2021,45,109.717,2266.611
2021,"SD",896.492,2.5,31.7,55515.9,"South Dakota",1,2021,2021,NA,0,1,0,"",0.090011985805,7.25,"0",58627.9,8.4,"42",9.45,12.245,2021,46,14.079,456.631
2021,"TN",6965.74,4.5,30.5,400243.6,"Tennessee",1,2019,NA,2019,1,0,0,"",0.167175252325,7.25,"0",396986.1,10.6,"43",7.25,148.497,2021,47,166.732,3172.858
2021,"TX",29570.351,5.6,33.1,1879101.3,"Texas",0,NA,NA,NA,0,0,0,"",NA,7.25,"0",1789719.4,13.5,"44",7.25,805.691,2021,48,607.456,13486.624
2021,"UT",3339.738,2.8,36.8,210446.9,"Utah",0,NA,NA,NA,0,0,0,"",NA,7.25,"0",190468.3,7.9,"45",7.25,46.368,2021,49,30.602,1636.957
2021,"VA",8658.91,3.8,41.8,565470.6,"Virginia",1,2020,2020,2020,1,1,0,"",0.06600299884,7.25,"1",578639.7,9.8,"47",9.5,166.87,2021,51,151.138,4148.175
2021,"VT",647.21,3.6,44.4,33721.9,"Vermont",1,2023,NA,2023,1,0,0,"",NA,7.25,"0",39603.5,7.5,"46",11.75,12.099,2021,50,14.573,324.166
2021,"WA",7743.76,5.2,39,630051.5,"Washington",1,2020,2020,NA,0,1,1,"tribal-only",NA,7.25,"1",574266.8,7.7,"48",13.69,202.04,2021,53,141.35,3667.123
2021,"WI",5881.608,3.8,32.5,334514,"Wisconsin",1,2021,2021,NA,0,1,1,"tribal-only",NA,7.25,"1",355048,9.3,"50",7.25,119.875,2021,55,112.411,2986.636
2021,"WV",1785.618,5.1,24.1,75765.1,"West Virginia",1,2018,2018,2018,1,1,0,"",0.30692361725,7.25,"0",87617.4,16.9,"49",8.75,39.791,2021,54,66.493,733.825
2021,"WY",579.636,4.6,29.2,37131.8,"Wyoming",1,2021,2021,2021,1,1,0,"",0.0238520986525,7.25,"0",40866.6,9.4,"51",5.15,13.136,2021,56,6.83,275.633
2022,"AK",734.442,4.3,30.6,50767.1,"Alaska",0,NA,NA,NA,0,0,0,"",NA,7.25,"0",50349.7,9.6,"2",10.34,14.963,2022,2,11.373,338.729
2022,"AL",5076.181,2.5,28.8,238556.5,"Alabama",0,NA,NA,NA,0,0,0,"",NA,7.25,"0",258362.2,13.6,"1",7.25,57.735,2022,1,146.542,2218.627
2022,"AR",3047.704,3.2,25.4,139560.7,"Arkansas",1,2018,2019,2022,1,1,0,"",0.393369708333333,7.25,"0",160254.2,16.6,"4",11,43.654,2022,5,96.423,1315.886
2022,"AZ",7377.566,3.7,33,410228.5,"Arizona",1,2021,2021,2021,1,1,0,"",0.0583285978266667,7.25,"0",430083.5,12.7,"3",12.8,136.86,2022,4,112.371,3462.671
2022,"CA",39142.414,4.3,37,3184007.8,"California",0,NA,NA,NA,0,0,0,"",NA,7.25,"1",3006647.3,11.2,"5",14,820.425,2022,6,1133.19,18348.916
2022,"CO",5850.935,3.1,45.9,418818.8,"Colorado",1,2019,2020,2020,1,1,0,"",0.0530470710333333,7.25,"1",442213,8.1,"6",12.56,97.851,2022,8,68.021,3089.081
2022,"CT",3617.925,4,41.9,278975.9,"Connecticut",1,2021,2021,2021,1,1,0,"",0.0983773585941667,7.25,"1",300750.7,10.2,"7",14,78.338,2022,9,65.416,1833.67
2022,"DE",1020.625,4.2,36.5,77149.3,"Delaware",1,2018,2018,2018,1,1,0,"",0.615017735116667,7.25,"1",64406.6,9.3,"8",10.5,21.207,2022,10,16.114,475.995
2022,"FL",22379.312,3,34.3,1239883.6,"Florida",1,2021,2023,2023,1,1,0,"lawsuit in 2021 that shut down operations",NA,7.25,"0",1441598.9,13.5,"10",10,321.432,2022,12,547.57,10370.751
2022,"GA",10931.805,3.2,34.7,665678.1,"Georgia",0,NA,NA,NA,0,0,0,"",NA,7.25,"0",617553,11.7,"11",5.15,164.098,2022,13,249.088,5058.165
2022,"HI",1440.359,3.3,35.4,86887.8,"Hawaii",0,NA,NA,NA,0,0,0,"",NA,7.25,"1",88973.3,8.8,"12",12,22.055,2022,15,21.456,650.672
2022,"IA",3202.82,2.8,32.3,201580.4,"Iowa",1,2019,2019,2019,1,1,0,"",0.067500000635,7.25,"0",192742.4,9.4,"16",7.25,48.23,2022,19,49.411,1658.263
2022,"ID",1944.299,2.9,32.3,92903.7,"Idaho",0,NA,NA,NA,0,0,0,"",NA,7.25,"0",109775.9,8.2,"13",7.25,26.813,2022,16,28.457,918.106
2022,"IL",12621.821,4.6,37.7,876536,"Illinois",1,2019,2020,2020,1,1,0,"",0.159911388075,7.25,"1",851243.1,9.5,"14",12,294.228,2022,17,245.117,6127.48
2022,"IN",6844.545,3.1,29.6,399280.8,"Indiana",1,2019,2019,2019,1,1,0,"",0.0947430013041667,7.25,"0",398522.6,10.4,"15",7.25,103.225,2022,18,121.768,3270.662
2022,"KS",2937.324,2.7,35.6,177470.2,"Kansas",1,2022,2022,2022,1,1,0,"",0.029038722793,7.25,"1",177474.7,10.5,"17",7.25,39.593,2022,20,45.594,1463.01
2022,"KY",4519.233,4.1,27.9,219755.6,"Kentucky",1,2023,2023,2023,1,1,0,"",NA,7.25,"1",234281.9,17.1,"18",7.25,81.962,2022,21,156.464,1948.312
2022,"LA",4593.687,3.7,27.1,236854.1,"Louisiana",1,2021,2021,2022,1,1,0,"",0.119265690143333,7.25,"1",250170.6,16.9,"19",7.25,75.573,2022,22,160.538,1993.244
2022,"MA",7022.468,3.6,46.6,608052.9,"Massachusetts",1,2022,2023,2023,1,1,0,"",NA,7.25,"0",590400.3,9.6,"22",14.25,137.274,2022,25,168.056,3606.318
2022,"MD",6192.44,3,43.8,416406.2,"Maryland",1,2021,2021,2021,1,1,0,"",0.124323915669833,7.25,"0",432933.4,8.6,"21",12.5,94.638,2022,24,115.215,3060.216
2022,"ME",1390.922,2.8,36.1,73036.2,"Maine",1,2022,2023,2023,1,1,0,"",NA,7.25,"1",83950.6,9.6,"20",12.75,19.339,2022,23,34.095,661.833
2022,"MI",10050.877,4.1,32.1,543720.9,"Michigan",1,2019,2020,2021,1,1,0,"",0.0510711851441667,7.25,"1",572325.1,12.1,"23",9.87,201.892,2022,26,250.912,4664.171
2022,"MN",5721.621,2.5,39.1,384727.7,"Minnesota",0,NA,NA,NA,0,0,0,"",NA,7.25,"1",393569,7.6,"24",10.33,78.663,2022,27,88.024,2992.787
2022,"MO",6179.414,2.6,32.2,339652.5,"Missouri",0,NA,NA,NA,0,0,0,"",NA,7.25,"0",357194.7,11.4,"26",11.15,79.259,2022,29,128.841,2957.352
2022,"MS",2941.939,3.7,24.8,116557.1,"Mississippi",1,2017,2017,NA,0,1,0,"",0.119999986366667,7.25,"0",136330.2,18.4,"25",7.25,47.859,2022,28,107.725,1200.234
2022,"MT",1122.095,2.6,34.6,55193.9,"Montana",1,2019,2019,NA,0,1,0,"",0.148659211503333,7.25,"0",68477,10.4,"27",9.2,15.204,2022,30,16.372,548.848
2022,"NC",10710.793,3.7,35.9,619537.2,"North Carolina",1,2019,2019,2023,1,1,0,"retail is tribal",NA,7.25,"1",621705.6,14.2,"34",7.25,190.369,2022,37,216.756,4965.568
2022,"ND",781.057,2.1,31.8,55988,"North Dakota",1,2018,2018,2018,0,1,1,"",NA,7.25,"0",54828.5,9.7,"35",7.25,8.351,2022,38,7.872,403.886
2022,"NE",1972.246,2.2,34.7,139441,"Nebraska",1,2021,2021,NA,0,1,0,"",NA,7.25,"0",126473.5,7.9,"28",9,22.676,2022,31,28.326,1027.681
2022,"NH",1396.678,2.4,41.3,91416.1,"New Hampshire",1,2019,2019,2019,1,1,0,"",0.460931075991667,7.25,"0",103121.9,8.3,"30",7.25,17.358,2022,33,16.527,742.975
2022,"NJ",9295.227,3.9,43.5,650235.8,"New Jersey",1,2018,2018,2018,1,1,0,"",0.141373632375,7.25,"1",714990.2,8.7,"31",13,183.65,2022,34,165.162,4552.563
2022,"NM",2113.868,4.1,30.5,103301.6,"New Mexico",1,2018,2018,NA,0,1,1,"",NA,7.25,"1",110303,20.2,"32",11.5,38.533,2022,35,56.273,908.878
2022,"NV",3176.116,5.2,27,190463.3,"Nevada",1,1949,1949,2010,1,1,0,"",0.0675000087941667,7.25,"1",197290.9,12,"29",10.5,81.312,2022,32,53.564,1476.297
2022,"NY",19703.747,4.3,40,1765102.1,"New York",1,2013,2019,2022,1,1,0,"https://www.deucescracked.com/ny-sports-betting-guide-getting-started-2025-update/",0.507806555,7.25,"1",1483802.3,12.7,"33",13.2,417.185,2022,36,573.058,9178.585
2022,"OH",11777.874,4,32,695257.9,"Ohio",1,2021,2021,2021,1,1,0,"",NA,7.25,"0",679233,9.9,"36",9.3,229.866,2022,39,291.632,5503.265
2022,"OK",4026.229,3,28.5,193940.5,"Oklahoma",0,NA,NA,NA,0,0,0,"",NA,7.25,"0",226308,16.9,"37",7.25,58.18,2022,40,92.408,1845.328
2022,"OR",4247.372,3.9,36.3,256062.8,"Oregon",1,2019,2019,2019,1,1,0,"",0.500000086041667,7.25,"1",264173.8,9.9,"38",13.5,84.87,2022,41,83.635,2075.083
2022,"PA",12984.99,4.1,35.1,779360.6,"Pennsylvania",1,2017,2017,2017,1,1,0,"",0.228090526422917,7.25,"1",836778.3,10.9,"39",7.25,263.202,2022,42,328.665,6202.046
2022,"RI",1099.498,3.2,39.6,62279.3,"Rhode Island",1,2018,2018,2019,1,1,0,"",0.510000010433333,7.25,"1",69514.2,8.4,"40",12.25,18.166,2022,44,30.592,553.588
2022,"SC",5287.935,3.2,32.6,254504.5,"South Carolina",0,NA,NA,NA,0,0,0,"",NA,7.25,"0",283245.8,12.9,"41",7.25,76.894,2022,45,106.983,2316.435
2022,"SD",909.723,1.9,31.6,55259.9,"South Dakota",1,2021,2021,NA,0,1,0,"",0.0899989237225,7.25,"0",62028.3,9.1,"42",9.95,9.568,2022,46,13.933,464.946
2022,"TN",7062.217,3.4,31.1,414470.8,"Tennessee",1,2019,NA,2019,1,0,0,"",0.17691254975,7.25,"0",411035.1,10.5,"43",7.25,114.004,2022,47,162.8,3247.975
2022,"TX",30113.488,3.9,33.9,1952708.6,"Texas",0,NA,NA,NA,0,0,0,"",NA,7.25,"0",1879419.6,13.5,"44",7.25,578.406,2022,48,594.018,14093.906
2022,"UT",3391.011,2.4,37.9,217442.5,"Utah",0,NA,NA,NA,0,0,0,"",NA,7.25,"0",201011.8,6,"45",7.25,41.228,2022,49,30.482,1696.513
2022,"VA",8683.414,2.7,42.2,580475.2,"Virginia",1,2020,2020,2020,1,1,0,"",0.112955850800833,7.25,"0",599042,8.3,"47",11,122.533,2022,51,148.318,4304.759
2022,"VT",648.142,2.4,44.2,34752.6,"Vermont",1,2023,NA,2023,1,0,0,"",NA,7.25,"0",40790.3,9,"46",12.55,8.003,2022,50,14.133,335.547
2022,"WA",7794.123,4.1,39.5,644075.1,"Washington",1,2020,2020,NA,0,1,1,"tribal-only",NA,7.25,"1",586520.2,9,"48",14.49,163.119,2022,53,137.815,3806.848
2022,"WI",5903.975,2.8,33.2,339747.9,"Wisconsin",1,2021,2021,NA,0,1,1,"tribal-only",NA,7.25,"1",362245.3,6.6,"50",7.25,90.203,2022,55,109.123,3004.778
2022,"WV",1774.122,3.9,24.8,77188,"West Virginia",1,2018,2018,2018,1,1,0,"",0.23304440355,7.25,"0",88744.9,15.5,"49",8.75,30.436,2022,54,64.747,748.269
2022,"WY",581.978,3.4,29.6,37827.3,"Wyoming",1,2021,2021,2021,1,1,0,"",0.0544767985333333,7.25,"0",42584.7,7.1,"51",5.15,10.049,2022,56,6.706,282.615
2023,"AK",736.51,4.2,32.2,54059.7,"Alaska",0,NA,NA,NA,0,0,0,"",NA,7.25,"0",52523.9,10.1,"2",10.85,15.089,2023,2,10.758,342.005
2023,"AL",5117.673,2.5,28.9,245354.7,"Alabama",0,NA,NA,NA,0,0,0,"",NA,7.25,"0",271640.4,14.2,"1",7.25,57.659,2023,1,142.655,2250.472
2023,"AR",3069.463,3.1,26.2,142860.6,"Arkansas",1,2018,2019,2022,1,1,0,"",0.148722381483333,7.25,"0",166721.8,13.8,"4",11,44.781,2023,5,95.811,1332.876
2023,"AZ",7473.027,3.7,33.5,422399.6,"Arizona",1,2021,2021,2021,1,1,0,"",0.0620677517091667,7.25,"1",458153.8,11.9,"3",13.85,144.466,2023,4,111.78,3546.508
2023,"CA",39198.693,4.7,37.5,3248656.5,"California",0,NA,NA,NA,0,0,0,"",NA,7.25,"1",3133678.9,11.9,"5",15.5,919.958,2023,6,1114.946,18388.329
2023,"CO",5901.339,3.3,46.4,437056.1,"Colorado",1,2019,2020,2020,1,1,0,"",0.0677147464166667,7.25,"1",463852.1,8.5,"6",13.65,102.367,2023,8,66.772,3128.115
2023,"CT",3643.023,3.2,42.9,286628.5,"Connecticut",1,2021,2021,2021,1,1,0,"",0.106643382516667,7.25,"1",316311.2,8.3,"7",15,71.112,2023,9,65.337,1822.088
2023,"DE",1036.423,3.8,36.5,78014.4,"Delaware",1,2018,2018,2018,1,1,0,"",0.6800513895,7.25,"1",67477.8,7.8,"8",11.75,20.125,2023,10,16.015,486.404
2023,"FL",22904.868,3,34.9,1292787.6,"Florida",1,2021,2023,2023,1,1,0,"lawsuit in 2021 that shut down operations",NA,7.25,"0",1543131.7,11.6,"10",12,319.68,2023,12,539.255,10668.886
2023,"GA",11064.432,3.3,35.4,678201.2,"Georgia",0,NA,NA,NA,0,0,0,"",NA,7.25,"0",646108,12.9,"11",5.15,169.79,2023,13,245.978,5135.833
2023,"HI",1441.387,2.9,37,88614.4,"Hawaii",0,NA,NA,NA,0,0,0,"",NA,7.25,"1",93501.1,8.2,"12",12,20.019,2023,15,21.009,656.336
2023,"IA",3218.414,2.9,31.5,202051.4,"Iowa",1,2019,2019,2019,1,1,0,"",0.0675898039241667,7.25,"0",199959.7,8,"16",7.25,50.296,2023,19,48.89,1659.106
2023,"ID",1971.122,3.2,32.1,95897.9,"Idaho",0,NA,NA,NA,0,0,0,"",NA,7.25,"0",115988.4,9.1,"13",7.25,29.758,2023,16,27.763,931.748
2023,"IL",12642.259,4.5,38.3,885651.3,"Illinois",1,2019,2020,2020,1,1,0,"",0.159521958508333,7.25,"1",890438.4,9.8,"14",13,287.183,2023,17,240.653,6150.672
2023,"IN",6880.131,3.5,30.2,404290.3,"Indiana",1,2019,2019,2019,1,1,0,"",0.0956892505308333,7.25,"0",411992.6,8.3,"15",7.25,113.37,2023,18,119.965,3288.017
2023,"KS",2951.5,2.9,35.8,183795.6,"Kansas",1,2022,2022,2022,1,1,0,"",0.0504133295443333,7.25,"1",187406.4,8.8,"17",7.25,40.052,2023,20,44.685,1470.936
2023,"KY",4550.595,4.3,27.8,224418,"Kentucky",1,2023,2023,2023,1,1,0,"",0.134117967475,7.25,"1",245888.9,13.6,"18",7.25,84.269,2023,21,153.857,1941.994
2023,"LA",4588.071,3.7,27,248615.5,"Louisiana",1,2021,2021,2022,1,1,0,"",0.11732898307,7.25,"1",261158.9,21.5,"19",7.25,76.608,2023,22,157.219,2000.152
2023,"MA",7066.568,3.5,47.8,615504.5,"Massachusetts",1,2022,2023,2023,1,1,0,"",0.186124241216667,7.25,"1",614806.9,9.1,"22",15,126.369,2023,25,164.783,3625.293
2023,"MD",6217.062,2.2,43.7,422866.3,"Maryland",1,2021,2021,2021,1,1,0,"",0.092489441005,7.25,"1",456408,8.9,"21",13.25,67.598,2023,24,113.353,3117.27
2023,"ME",1399.646,2.6,37,75195.4,"Maine",1,2022,2023,2023,1,1,0,"",0.10088291575,7.25,"1",88094.4,7.4,"20",13.8,19.703,2023,23,33.05,667.619
2023,"MI",10083.356,3.9,32.7,554256.2,"Michigan",1,2019,2020,2021,1,1,0,"",0.0539258394716667,7.25,"1",599366,12.1,"23",10.1,195.483,2023,26,248.307,4812.421
2023,"MN",5753.048,2.8,40,390907.9,"Minnesota",0,NA,NA,NA,0,0,0,"",NA,7.25,"1",412363.7,7.2,"24",10.59,87.216,2023,27,88.376,3012.707
2023,"MO",6208.038,3.1,33.2,348487.4,"Missouri",0,NA,NA,NA,0,0,0,"",NA,7.25,"0",379838.2,9.7,"26",12,94.172,2023,29,126.973,2993.587
2023,"MS",2943.172,3.1,25.5,119548.4,"Mississippi",1,2017,2017,NA,0,1,0,"",0.12000001695,7.25,"0",141427.7,16,"25",7.25,39.089,2023,28,105.34,1192.015
2023,"MT",1131.302,2.7,34.6,57373.3,"Montana",1,2019,2019,NA,0,1,0,"",0.132564196278333,7.25,"0",72406.9,8.1,"27",9.95,16.587,2023,30,15.923,557.509
2023,"NC",10881.189,3.5,36.8,638067.3,"North Carolina",1,2019,2019,2023,1,1,0,"retail is tribal",NA,7.25,"1",655369.3,13.6,"34",7.25,180.768,2023,37,214.549,5050.87
2023,"ND",789.047,2,33.6,60348.6,"North Dakota",1,2018,2018,2018,0,1,1,"",NA,7.25,"0",57494.1,9.9,"35",7.25,7.813,2023,38,7.864,408.909
2023,"NE",1987.864,2.3,35.3,145019.7,"Nebraska",1,2021,2021,NA,0,1,0,"",0.171427732185714,7.25,"0",134134.7,9.2,"28",10.5,23.801,2023,31,27.855,1030.88
2023,"NH",1402.199,2.3,40.7,93466.7,"New Hampshire",1,2019,2019,2019,1,1,0,"",0.442086340141667,7.25,"0",108323.1,6.1,"30",7.25,16.718,2023,33,15.852,742.886
2023,"NJ",9379.642,4.3,43.8,663888.5,"New Jersey",1,2018,2018,2018,1,1,0,"",0.140599861491667,7.25,"1",749992.8,9,"31",14.13,213.949,2023,34,163.661,4615.722
2023,"NM",2121.164,3.7,31.6,110323.7,"New Mexico",1,2018,2018,NA,0,1,1,"",NA,7.25,"1",115081.7,17.3,"32",12,36.261,2023,35,55.293,928.983
2023,"NV",3214.363,5.1,28.7,195405.6,"Nevada",1,1949,1949,2010,1,1,0,"",0.0675000112108333,7.25,"0",208159,13.9,"29",11.25,82.392,2023,32,52.976,1520.26
2023,"NY",19737.367,4,40.6,1791210.7,"New York",1,2013,2019,2022,1,1,0,"https://www.deucescracked.com/ny-sports-betting-guide-getting-started-2025-update/",0.5074018852,7.25,"1",1557495.9,11,"33",14.2,410.818,2023,36,562.755,9306.973
2023,"OH",11824.034,3.6,32,709816.7,"Ohio",1,2021,2021,2021,1,1,0,"",0.150391538575,7.25,"0",711894.8,11.1,"36",10.1,204.558,2023,39,288.748,5582.438
2023,"OK",4063.882,3.2,28.7,207923.4,"Oklahoma",0,NA,NA,NA,0,0,0,"",NA,7.25,"0",237145,12.9,"37",7.25,63.291,2023,40,92.237,1899.949
2023,"OR",4253.653,3.8,37.7,261951.6,"Oregon",1,2019,2019,2019,1,1,0,"",0.500000039108333,7.25,"1",276972.8,10.3,"38",14.2,80.475,2023,41,81.715,2081.652
2023,"PA",13017.721,3.7,35.3,799228.8,"Pennsylvania",1,2017,2017,2017,1,1,0,"",0.239640652364167,7.25,"1",879310.1,10.3,"39",7.25,222.69,2023,42,324.958,6295.653
2023,"RI",1103.429,3,39,63277.1,"Rhode Island",1,2018,2018,2019,1,1,0,"",0.509999978758333,7.25,"1",72859.1,8.9,"40",13,17.239,2023,44,30.283,556.609
2023,"SC",5387.83,3,32.9,262298.5,"South Carolina",0,NA,NA,NA,0,0,0,"",NA,7.25,"0",301581.1,11.7,"41",7.25,72.668,2023,45,104.801,2380.392
2023,"SD",918.305,1.8,33.3,57275.1,"South Dakota",1,2021,2021,NA,0,1,0,"",0.0900016525991667,7.25,"0",64676.4,7.5,"42",10.8,9.523,2023,46,13.799,470.715
2023,"TN",7148.304,3.2,31.7,422087.7,"Tennessee",1,2019,NA,2019,1,0,0,"",0.185188361058333,7.25,"0",435066.5,10.7,"43",7.25,111.67,2023,47,160.167,3267.935
2023,"TX",30727.89,4,34.2,2097090.4,"Texas",0,NA,NA,NA,0,0,0,"",NA,7.25,"0",1995594.4,12.3,"44",7.25,594.629,2023,48,582.001,14472.524
2023,"UT",3443.222,2.7,38.4,225459.4,"Utah",0,NA,NA,NA,0,0,0,"",NA,7.25,"0",214713.1,6.3,"45",7.25,47.158,2023,49,29.948,1743.223
2023,"VA",8734.685,2.7,42.4,597597.1,"Virginia",1,2020,2020,2020,1,1,0,"",0.128261786433333,7.25,"0",634984.9,9.4,"47",12,131.053,2023,51,146.622,4424.155
2023,"VT",648.708,1.9,43.7,35236.6,"Vermont",1,2023,NA,2023,1,0,0,"",NA,7.25,"0",43032.3,6.7,"46",13.18,7.046,2023,50,13.709,343.84
2023,"WA",7857.32,4.2,40.5,677238.1,"Washington",1,2020,2020,NA,0,1,1,"tribal-only",NA,7.25,"1",622365.4,8.7,"48",15.74,164.879,2023,53,134.979,3860.883
2023,"WI",5930.405,2.8,33.8,344570.8,"Wisconsin",1,2021,2021,NA,0,1,1,"tribal-only",NA,7.25,"1",378080.4,9.3,"50",7.25,94.949,2023,55,107.428,3038.96
2023,"WV",1770.495,3.9,24,80798.1,"West Virginia",1,2018,2018,2018,1,1,0,"",0.194817249716667,7.25,"0",93079.7,13.3,"49",8.75,30.656,2023,54,63.13,754.986
2023,"WY",585.067,2.9,30.4,40210.8,"Wyoming",1,2021,2021,2021,1,1,0,"",0.0606168319116667,7.25,"0",45461.1,9.4,"51",5.15,8.538,2023,56,6.58,286.669
